decision_mode,scenario,group_number,group_signature,cell_id,cycle_750_soh,cycle_1000_soh,soh_change,cycle_750_resistance,cycle_1000_resistance,resistance_growth_increment,post_750_event_observed,post_750_observed_or_censor_duration,post_750_censor_duration,cycle_750_continuity_error,post_750_cycles,rul_change_status,rul_change_cycles,rul_change_lower_bound_cycles,rul_change_upper_bound_cycles
INTERVAL_RISK,baseline_use,1,"T25_C0p5_D100_0,T35_C0p5_D80_1,T35_C0p5_D80_3,T35_C1_D80_0|T25_C0p5_D100_1,T25_C2_D80_0,T35_C1_D80_2,T45_C2_D50_2|T25_C0p5_D100_3,T25_C1_D100_2,T25_C1_D100_3,T45_C0p5_D80_3|T25_C1_D100_0,T25_C2_D100_1,T35_C2_D80_3,T45_C0p5_D80_0|T25_C2_D100_3,T35_C2_D80_1,T35_C2_D80_2,T45_C0p5_D80_1|T25_C2_D80_2,T45_C1_D50_0,T45_C1_D50_3,baseline_0|T25_C2_D80_3,T35_C0p5_D80_0,T35_C1_D80_3,T45_C2_D50_0|T35_C0p5_D100_1,T35_C0p5_D100_3,T45_C0p5_D80_2,T45_C1_D80_2",T25_C0p5_D100_0,0.850573,0.8155403216938131,-0.03503267830618695,0.065518,0.06962781220959535,0.06272798634871868,False,250,250,4.883881983275273e-07,250,REFERENCE,0.0,0.0,0.0
INTERVAL_RISK,baseline_use,1,"T25_C0p5_D100_0,T35_C0p5_D80_1,T35_C0p5_D80_3,T35_C1_D80_0|T25_C0p5_D100_1,T25_C2_D80_0,T35_C1_D80_2,T45_C2_D50_2|T25_C0p5_D100_3,T25_C1_D100_2,T25_C1_D100_3,T45_C0p5_D80_3|T25_C1_D100_0,T25_C2_D100_1,T35_C2_D80_3,T45_C0p5_D80_0|T25_C2_D100_3,T35_C2_D80_1,T35_C2_D80_2,T45_C0p5_D80_1|T25_C2_D80_2,T45_C1_D50_0,T45_C1_D50_3,baseline_0|T25_C2_D80_3,T35_C0p5_D80_0,T35_C1_D80_3,T45_C2_D50_0|T35_C0p5_D100_1,T35_C0p5_D100_3,T45_C0p5_D80_2,T45_C1_D80_2",T35_C0p5_D80_1,0.84933,0.819632380999122,-0.029697619000878084,0.065492,0.06875704485945464,0.04985410217209196,False,250,250,4.913482913870837e-07,250,REFERENCE,0.0,0.0,0.0
INTERVAL_RISK,baseline_use,1,"T25_C0p5_D100_0,T35_C0p5_D80_1,T35_C0p5_D80_3,T35_C1_D80_0|T25_C0p5_D100_1,T25_C2_D80_0,T35_C1_D80_2,T45_C2_D50_2|T25_C0p5_D100_3,T25_C1_D100_2,T25_C1_D100_3,T45_C0p5_D80_3|T25_C1_D100_0,T25_C2_D100_1,T35_C2_D80_3,T45_C0p5_D80_0|T25_C2_D100_3,T35_C2_D80_1,T35_C2_D80_2,T45_C0p5_D80_1|T25_C2_D80_2,T45_C1_D50_0,T45_C1_D50_3,baseline_0|T25_C2_D80_3,T35_C0p5_D80_0,T35_C1_D80_3,T45_C2_D50_0|T35_C0p5_D100_1,T35_C0p5_D100_3,T45_C0p5_D80_2,T45_C1_D80_2",T35_C0p5_D80_3,0.851754,0.8225346640559164,-0.029219335944083658,0.071187,0.07476105442997298,0.05020656060759654,False,250,250,3.909149639547138e-07,250,REFERENCE,0.0,0.0,0.0
INTERVAL_RISK,baseline_use,1,"T25_C0p5_D100_0,T35_C0p5_D80_1,T35_C0p5_D80_3,T35_C1_D80_0|T25_C0p5_D100_1,T25_C2_D80_0,T35_C1_D80_2,T45_C2_D50_2|T25_C0p5_D100_3,T25_C1_D100_2,T25_C1_D100_3,T45_C0p5_D80_3|T25_C1_D100_0,T25_C2_D100_1,T35_C2_D80_3,T45_C0p5_D80_0|T25_C2_D100_3,T35_C2_D80_1,T35_C2_D80_2,T45_C0p5_D80_1|T25_C2_D80_2,T45_C1_D50_0,T45_C1_D50_3,baseline_0|T25_C2_D80_3,T35_C0p5_D80_0,T35_C1_D80_3,T45_C2_D50_0|T35_C0p5_D100_1,T35_C0p5_D100_3,T45_C0p5_D80_2,T45_C1_D80_2",T35_C1_D80_0,0.851232,0.8233056487696842,-0.027926351230315838,0.070145,0.07372240704067251,0.05100017165403825,False,250,250,2.761284127184016e-07,250,REFERENCE,0.0,0.0,0.0
INTERVAL_RISK,baseline_use,2,"T25_C0p5_D100_0,T35_C0p5_D80_1,T35_C0p5_D80_3,T35_C1_D80_0|T25_C0p5_D100_1,T25_C2_D80_0,T35_C1_D80_2,T45_C2_D50_2|T25_C0p5_D100_3,T25_C1_D100_2,T25_C1_D100_3,T45_C0p5_D80_3|T25_C1_D100_0,T25_C2_D100_1,T35_C2_D80_3,T45_C0p5_D80_0|T25_C2_D100_3,T35_C2_D80_1,T35_C2_D80_2,T45_C0p5_D80_1|T25_C2_D80_2,T45_C1_D50_0,T45_C1_D50_3,baseline_0|T25_C2_D80_3,T35_C0p5_D80_0,T35_C1_D80_3,T45_C2_D50_0|T35_C0p5_D100_1,T35_C0p5_D100_3,T45_C0p5_D80_2,T45_C1_D80_2",T25_C0p5_D100_1,0.866921,0.83572130652145,-0.031199693478550006,0.06209,0.06602981967638331,0.06345336892226316,False,250,250,4.094669221466063e-07,250,REFERENCE,0.0,0.0,0.0
INTERVAL_RISK,baseline_use,2,"T25_C0p5_D100_0,T35_C0p5_D80_1,T35_C0p5_D80_3,T35_C1_D80_0|T25_C0p5_D100_1,T25_C2_D80_0,T35_C1_D80_2,T45_C2_D50_2|T25_C0p5_D100_3,T25_C1_D100_2,T25_C1_D100_3,T45_C0p5_D80_3|T25_C1_D100_0,T25_C2_D100_1,T35_C2_D80_3,T45_C0p5_D80_0|T25_C2_D100_3,T35_C2_D80_1,T35_C2_D80_2,T45_C0p5_D80_1|T25_C2_D80_2,T45_C1_D50_0,T45_C1_D50_3,baseline_0|T25_C2_D80_3,T35_C0p5_D80_0,T35_C1_D80_3,T45_C2_D50_0|T35_C0p5_D100_1,T35_C0p5_D100_3,T45_C0p5_D80_2,T45_C1_D80_2",T25_C2_D80_0,0.871697,0.8448379144928331,-0.02685908550716698,0.068863,0.07257904518169815,0.05396287094227903,False,250,250,4.2894993645958834e-07,250,REFERENCE,0.0,0.0,0.0
INTERVAL_RISK,baseline_use,2,"T25_C0p5_D100_0,T35_C0p5_D80_1,T35_C0p5_D80_3,T35_C1_D80_0|T25_C0p5_D100_1,T25_C2_D80_0,T35_C1_D80_2,T45_C2_D50_2|T25_C0p5_D100_3,T25_C1_D100_2,T25_C1_D100_3,T45_C0p5_D80_3|T25_C1_D100_0,T25_C2_D100_1,T35_C2_D80_3,T45_C0p5_D80_0|T25_C2_D100_3,T35_C2_D80_1,T35_C2_D80_2,T45_C0p5_D80_1|T25_C2_D80_2,T45_C1_D50_0,T45_C1_D50_3,baseline_0|T25_C2_D80_3,T35_C0p5_D80_0,T35_C1_D80_3,T45_C2_D50_0|T35_C0p5_D100_1,T35_C0p5_D100_3,T45_C0p5_D80_2,T45_C1_D80_2",T35_C1_D80_2,0.862673,0.8368941684779865,-0.025778831522013546,0.069078,0.07266876146661429,0.05198125983112267,False,250,250,4.708089995641984e-07,250,REFERENCE,0.0,0.0,0.0
INTERVAL_RISK,baseline_use,2,"T25_C0p5_D100_0,T35_C0p5_D80_1,T35_C0p5_D80_3,T35_C1_D80_0|T25_C0p5_D100_1,T25_C2_D80_0,T35_C1_D80_2,T45_C2_D50_2|T25_C0p5_D100_3,T25_C1_D100_2,T25_C1_D100_3,T45_C0p5_D80_3|T25_C1_D100_0,T25_C2_D100_1,T35_C2_D80_3,T45_C0p5_D80_0|T25_C2_D100_3,T35_C2_D80_1,T35_C2_D80_2,T45_C0p5_D80_1|T25_C2_D80_2,T45_C1_D50_0,T45_C1_D50_3,baseline_0|T25_C2_D80_3,T35_C0p5_D80_0,T35_C1_D80_3,T45_C2_D50_0|T35_C0p5_D100_1,T35_C0p5_D100_3,T45_C0p5_D80_2,T45_C1_D80_2",T45_C2_D50_2,0.861061,0.8377600987354371,-0.023300901264562857,0.067451,0.07045032728238203,0.04446675782986209,False,250,250,4.973189149382051e-07,250,REFERENCE,0.0,0.0,0.0
INTERVAL_RISK,baseline_use,3,"T25_C0p5_D100_0,T35_C0p5_D80_1,T35_C0p5_D80_3,T35_C1_D80_0|T25_C0p5_D100_1,T25_C2_D80_0,T35_C1_D80_2,T45_C2_D50_2|T25_C0p5_D100_3,T25_C1_D100_2,T25_C1_D100_3,T45_C0p5_D80_3|T25_C1_D100_0,T25_C2_D100_1,T35_C2_D80_3,T45_C0p5_D80_0|T25_C2_D100_3,T35_C2_D80_1,T35_C2_D80_2,T45_C0p5_D80_1|T25_C2_D80_2,T45_C1_D50_0,T45_C1_D50_3,baseline_0|T25_C2_D80_3,T35_C0p5_D80_0,T35_C1_D80_3,T45_C2_D50_0|T35_C0p5_D100_1,T35_C0p5_D100_3,T45_C0p5_D80_2,T45_C1_D80_2",T25_C0p5_D100_3,0.857587,0.8241988744629364,-0.033388125537063607,0.066435,0.07054282310884051,0.06183221357478019,False,250,250,2.818569442980534e-07,250,REFERENCE,0.0,0.0,0.0
INTERVAL_RISK,baseline_use,3,"T25_C0p5_D100_0,T35_C0p5_D80_1,T35_C0p5_D80_3,T35_C1_D80_0|T25_C0p5_D100_1,T25_C2_D80_0,T35_C1_D80_2,T45_C2_D50_2|T25_C0p5_D100_3,T25_C1_D100_2,T25_C1_D100_3,T45_C0p5_D80_3|T25_C1_D100_0,T25_C2_D100_1,T35_C2_D80_3,T45_C0p5_D80_0|T25_C2_D100_3,T35_C2_D80_1,T35_C2_D80_2,T45_C0p5_D80_1|T25_C2_D80_2,T45_C1_D50_0,T45_C1_D50_3,baseline_0|T25_C2_D80_3,T35_C0p5_D80_0,T35_C1_D80_3,T45_C2_D50_0|T35_C0p5_D100_1,T35_C0p5_D100_3,T45_C0p5_D80_2,T45_C1_D80_2",T25_C1_D100_2,0.842036,0.8067655234465345,-0.03527047655346549,0.063371,0.06709241212626586,0.05872421338255451,False,250,250,3.898323444051499e-07,250,REFERENCE,0.0,0.0,0.0
INTERVAL_RISK,baseline_use,3,"T25_C0p5_D100_0,T35_C0p5_D80_1,T35_C0p5_D80_3,T35_C1_D80_0|T25_C0p5_D100_1,T25_C2_D80_0,T35_C1_D80_2,T45_C2_D50_2|T25_C0p5_D100_3,T25_C1_D100_2,T25_C1_D100_3,T45_C0p5_D80_3|T25_C1_D100_0,T25_C2_D100_1,T35_C2_D80_3,T45_C0p5_D80_0|T25_C2_D100_3,T35_C2_D80_1,T35_C2_D80_2,T45_C0p5_D80_1|T25_C2_D80_2,T45_C1_D50_0,T45_C1_D50_3,baseline_0|T25_C2_D80_3,T35_C0p5_D80_0,T35_C1_D80_3,T45_C2_D50_0|T35_C0p5_D100_1,T35_C0p5_D100_3,T45_C0p5_D80_2,T45_C1_D80_2",T25_C1_D100_3,0.848021,0.8140866093825765,-0.03393439061742354,0.067475,0.07133657481897177,0.05722971202625815,False,250,250,3.7176412992501184e-07,250,REFERENCE,0.0,0.0,0.0
INTERVAL_RISK,baseline_use,3,"T25_C0p5_D100_0,T35_C0p5_D80_1,T35_C0p5_D80_3,T35_C1_D80_0|T25_C0p5_D100_1,T25_C2_D80_0,T35_C1_D80_2,T45_C2_D50_2|T25_C0p5_D100_3,T25_C1_D100_2,T25_C1_D100_3,T45_C0p5_D80_3|T25_C1_D100_0,T25_C2_D100_1,T35_C2_D80_3,T45_C0p5_D80_0|T25_C2_D100_3,T35_C2_D80_1,T35_C2_D80_2,T45_C0p5_D80_1|T25_C2_D80_2,T45_C1_D50_0,T45_C1_D50_3,baseline_0|T25_C2_D80_3,T35_C0p5_D80_0,T35_C1_D80_3,T45_C2_D50_0|T35_C0p5_D100_1,T35_C0p5_D100_3,T45_C0p5_D80_2,T45_C1_D80_2",T45_C0p5_D80_3,0.845528,0.8205999858424913,-0.02492801415750867,0.072777,0.07610390535552697,0.04571369190165808,False,250,250,4.2887142287506563e-07,250,REFERENCE,0.0,0.0,0.0
INTERVAL_RISK,baseline_use,4,"T25_C0p5_D100_0,T35_C0p5_D80_1,T35_C0p5_D80_3,T35_C1_D80_0|T25_C0p5_D100_1,T25_C2_D80_0,T35_C1_D80_2,T45_C2_D50_2|T25_C0p5_D100_3,T25_C1_D100_2,T25_C1_D100_3,T45_C0p5_D80_3|T25_C1_D100_0,T25_C2_D100_1,T35_C2_D80_3,T45_C0p5_D80_0|T25_C2_D100_3,T35_C2_D80_1,T35_C2_D80_2,T45_C0p5_D80_1|T25_C2_D80_2,T45_C1_D50_0,T45_C1_D50_3,baseline_0|T25_C2_D80_3,T35_C0p5_D80_0,T35_C1_D80_3,T45_C2_D50_0|T35_C0p5_D100_1,T35_C0p5_D100_3,T45_C0p5_D80_2,T45_C1_D80_2",T25_C1_D100_0,0.842553,0.8073980192569825,-0.03515498074301748,0.072664,0.07719473640085243,0.06235187164004774,False,250,250,9.450255833431953e-08,250,REFERENCE,0.0,0.0,0.0
INTERVAL_RISK,baseline_use,4,"T25_C0p5_D100_0,T35_C0p5_D80_1,T35_C0p5_D80_3,T35_C1_D80_0|T25_C0p5_D100_1,T25_C2_D80_0,T35_C1_D80_2,T45_C2_D50_2|T25_C0p5_D100_3,T25_C1_D100_2,T25_C1_D100_3,T45_C0p5_D80_3|T25_C1_D100_0,T25_C2_D100_1,T35_C2_D80_3,T45_C0p5_D80_0|T25_C2_D100_3,T35_C2_D80_1,T35_C2_D80_2,T45_C0p5_D80_1|T25_C2_D80_2,T45_C1_D50_0,T45_C1_D50_3,baseline_0|T25_C2_D80_3,T35_C0p5_D80_0,T35_C1_D80_3,T45_C2_D50_0|T35_C0p5_D100_1,T35_C0p5_D100_3,T45_C0p5_D80_2,T45_C1_D80_2",T25_C2_D100_1,0.831875,0.7975996383723343,-0.03427536162766576,0.074772,0.0789471224871742,0.05583804749336907,True,232,,4.748434906387544e-07,250,REFERENCE,0.0,0.0,0.0
INTERVAL_RISK,baseline_use,4,"T25_C0p5_D100_0,T35_C0p5_D80_1,T35_C0p5_D80_3,T35_C1_D80_0|T25_C0p5_D100_1,T25_C2_D80_0,T35_C1_D80_2,T45_C2_D50_2|T25_C0p5_D100_3,T25_C1_D100_2,T25_C1_D100_3,T45_C0p5_D80_3|T25_C1_D100_0,T25_C2_D100_1,T35_C2_D80_3,T45_C0p5_D80_0|T25_C2_D100_3,T35_C2_D80_1,T35_C2_D80_2,T45_C0p5_D80_1|T25_C2_D80_2,T45_C1_D50_0,T45_C1_D50_3,baseline_0|T25_C2_D80_3,T35_C0p5_D80_0,T35_C1_D80_3,T45_C2_D50_0|T35_C0p5_D100_1,T35_C0p5_D100_3,T45_C0p5_D80_2,T45_C1_D80_2",T35_C2_D80_3,0.836386,0.8083434741324519,-0.028042525867548074,0.064384,0.06750912692608857,0.048538874970312174,False,250,250,4.467314758394014e-07,250,REFERENCE,0.0,0.0,0.0
INTERVAL_RISK,baseline_use,4,"T25_C0p5_D100_0,T35_C0p5_D80_1,T35_C0p5_D80_3,T35_C1_D80_0|T25_C0p5_D100_1,T25_C2_D80_0,T35_C1_D80_2,T45_C2_D50_2|T25_C0p5_D100_3,T25_C1_D100_2,T25_C1_D100_3,T45_C0p5_D80_3|T25_C1_D100_0,T25_C2_D100_1,T35_C2_D80_3,T45_C0p5_D80_0|T25_C2_D100_3,T35_C2_D80_1,T35_C2_D80_2,T45_C0p5_D80_1|T25_C2_D80_2,T45_C1_D50_0,T45_C1_D50_3,baseline_0|T25_C2_D80_3,T35_C0p5_D80_0,T35_C1_D80_3,T45_C2_D50_0|T35_C0p5_D100_1,T35_C0p5_D100_3,T45_C0p5_D80_2,T45_C1_D80_2",T45_C0p5_D80_0,0.829688,0.8022041283055129,-0.027483871694487072,0.075365,0.07889855863937095,0.04688593696504939,False,250,250,2.7874241781411513e-07,250,REFERENCE,0.0,0.0,0.0
INTERVAL_RISK,baseline_use,5,"T25_C0p5_D100_0,T35_C0p5_D80_1,T35_C0p5_D80_3,T35_C1_D80_0|T25_C0p5_D100_1,T25_C2_D80_0,T35_C1_D80_2,T45_C2_D50_2|T25_C0p5_D100_3,T25_C1_D100_2,T25_C1_D100_3,T45_C0p5_D80_3|T25_C1_D100_0,T25_C2_D100_1,T35_C2_D80_3,T45_C0p5_D80_0|T25_C2_D100_3,T35_C2_D80_1,T35_C2_D80_2,T45_C0p5_D80_1|T25_C2_D80_2,T45_C1_D50_0,T45_C1_D50_3,baseline_0|T25_C2_D80_3,T35_C0p5_D80_0,T35_C1_D80_3,T45_C2_D50_0|T35_C0p5_D100_1,T35_C0p5_D100_3,T45_C0p5_D80_2,T45_C1_D80_2",T25_C2_D100_3,0.842485,0.8103731728118928,-0.032111827188107234,0.067667,0.07176504260717682,0.06056190768287073,False,250,250,1.7511018057803085e-07,250,REFERENCE,0.0,0.0,0.0
INTERVAL_RISK,baseline_use,5,"T25_C0p5_D100_0,T35_C0p5_D80_1,T35_C0p5_D80_3,T35_C1_D80_0|T25_C0p5_D100_1,T25_C2_D80_0,T35_C1_D80_2,T45_C2_D50_2|T25_C0p5_D100_3,T25_C1_D100_2,T25_C1_D100_3,T45_C0p5_D80_3|T25_C1_D100_0,T25_C2_D100_1,T35_C2_D80_3,T45_C0p5_D80_0|T25_C2_D100_3,T35_C2_D80_1,T35_C2_D80_2,T45_C0p5_D80_1|T25_C2_D80_2,T45_C1_D50_0,T45_C1_D50_3,baseline_0|T25_C2_D80_3,T35_C0p5_D80_0,T35_C1_D80_3,T45_C2_D50_0|T35_C0p5_D100_1,T35_C0p5_D100_3,T45_C0p5_D80_2,T45_C1_D80_2",T35_C2_D80_1,0.847767,0.8216753802960883,-0.026091619703911717,0.073509,0.07710120698237789,0.048867580600713945,False,250,250,4.907638163631489e-07,250,REFERENCE,0.0,0.0,0.0
INTERVAL_RISK,baseline_use,5,"T25_C0p5_D100_0,T35_C0p5_D80_1,T35_C0p5_D80_3,T35_C1_D80_0|T25_C0p5_D100_1,T25_C2_D80_0,T35_C1_D80_2,T45_C2_D50_2|T25_C0p5_D100_3,T25_C1_D100_2,T25_C1_D100_3,T45_C0p5_D80_3|T25_C1_D100_0,T25_C2_D100_1,T35_C2_D80_3,T45_C0p5_D80_0|T25_C2_D100_3,T35_C2_D80_1,T35_C2_D80_2,T45_C0p5_D80_1|T25_C2_D80_2,T45_C1_D50_0,T45_C1_D50_3,baseline_0|T25_C2_D80_3,T35_C0p5_D80_0,T35_C1_D80_3,T45_C2_D50_0|T35_C0p5_D100_1,T35_C0p5_D100_3,T45_C0p5_D80_2,T45_C1_D80_2",T35_C2_D80_2,0.841101,0.8138667622499423,-0.027234237750057733,0.06523,0.06845947927987175,0.049509110529997846,False,250,250,4.1347933514568336e-07,250,REFERENCE,0.0,0.0,0.0
INTERVAL_RISK,baseline_use,5,"T25_C0p5_D100_0,T35_C0p5_D80_1,T35_C0p5_D80_3,T35_C1_D80_0|T25_C0p5_D100_1,T25_C2_D80_0,T35_C1_D80_2,T45_C2_D50_2|T25_C0p5_D100_3,T25_C1_D100_2,T25_C1_D100_3,T45_C0p5_D80_3|T25_C1_D100_0,T25_C2_D100_1,T35_C2_D80_3,T45_C0p5_D80_0|T25_C2_D100_3,T35_C2_D80_1,T35_C2_D80_2,T45_C0p5_D80_1|T25_C2_D80_2,T45_C1_D50_0,T45_C1_D50_3,baseline_0|T25_C2_D80_3,T35_C0p5_D80_0,T35_C1_D80_3,T45_C2_D50_0|T35_C0p5_D100_1,T35_C0p5_D100_3,T45_C0p5_D80_2,T45_C1_D80_2",T45_C0p5_D80_1,0.836686,0.8103311780029061,-0.026354821997093936,0.07014,0.07343465287103923,0.046972524537200355,False,250,250,2.728866044521272e-07,250,REFERENCE,0.0,0.0,0.0
INTERVAL_RISK,baseline_use,6,"T25_C0p5_D100_0,T35_C0p5_D80_1,T35_C0p5_D80_3,T35_C1_D80_0|T25_C0p5_D100_1,T25_C2_D80_0,T35_C1_D80_2,T45_C2_D50_2|T25_C0p5_D100_3,T25_C1_D100_2,T25_C1_D100_3,T45_C0p5_D80_3|T25_C1_D100_0,T25_C2_D100_1,T35_C2_D80_3,T45_C0p5_D80_0|T25_C2_D100_3,T35_C2_D80_1,T35_C2_D80_2,T45_C0p5_D80_1|T25_C2_D80_2,T45_C1_D50_0,T45_C1_D50_3,baseline_0|T25_C2_D80_3,T35_C0p5_D80_0,T35_C1_D80_3,T45_C2_D50_0|T35_C0p5_D100_1,T35_C0p5_D100_3,T45_C0p5_D80_2,T45_C1_D80_2",T25_C2_D80_2,0.876692,0.8508788408656759,-0.025813159134324137,0.069622,0.07321270365817922,0.05157426759040562,False,250,250,4.451580479097883e-07,250,REFERENCE,0.0,0.0,0.0
INTERVAL_RISK,baseline_use,6,"T25_C0p5_D100_0,T35_C0p5_D80_1,T35_C0p5_D80_3,T35_C1_D80_0|T25_C0p5_D100_1,T25_C2_D80_0,T35_C1_D80_2,T45_C2_D50_2|T25_C0p5_D100_3,T25_C1_D100_2,T25_C1_D100_3,T45_C0p5_D80_3|T25_C1_D100_0,T25_C2_D100_1,T35_C2_D80_3,T45_C0p5_D80_0|T25_C2_D100_3,T35_C2_D80_1,T35_C2_D80_2,T45_C0p5_D80_1|T25_C2_D80_2,T45_C1_D50_0,T45_C1_D50_3,baseline_0|T25_C2_D80_3,T35_C0p5_D80_0,T35_C1_D80_3,T45_C2_D50_0|T35_C0p5_D100_1,T35_C0p5_D100_3,T45_C0p5_D80_2,T45_C1_D80_2",T45_C1_D50_0,0.877667,0.8551969232784937,-0.02247007672150625,0.065484,0.06818777992149096,0.0412891686746526,False,250,250,2.416749176337163e-07,250,REFERENCE,0.0,0.0,0.0
INTERVAL_RISK,baseline_use,6,"T25_C0p5_D100_0,T35_C0p5_D80_1,T35_C0p5_D80_3,T35_C1_D80_0|T25_C0p5_D100_1,T25_C2_D80_0,T35_C1_D80_2,T45_C2_D50_2|T25_C0p5_D100_3,T25_C1_D100_2,T25_C1_D100_3,T45_C0p5_D80_3|T25_C1_D100_0,T25_C2_D100_1,T35_C2_D80_3,T45_C0p5_D80_0|T25_C2_D100_3,T35_C2_D80_1,T35_C2_D80_2,T45_C0p5_D80_1|T25_C2_D80_2,T45_C1_D50_0,T45_C1_D50_3,baseline_0|T25_C2_D80_3,T35_C0p5_D80_0,T35_C1_D80_3,T45_C2_D50_0|T35_C0p5_D100_1,T35_C0p5_D100_3,T45_C0p5_D80_2,T45_C1_D80_2",T45_C1_D50_3,0.867232,0.8428454814372004,-0.02438651856279961,0.067674,0.07064229942328823,0.043861740451107245,False,250,250,4.789209711031361e-07,250,REFERENCE,0.0,0.0,0.0
INTERVAL_RISK,baseline_use,6,"T25_C0p5_D100_0,T35_C0p5_D80_1,T35_C0p5_D80_3,T35_C1_D80_0|T25_C0p5_D100_1,T25_C2_D80_0,T35_C1_D80_2,T45_C2_D50_2|T25_C0p5_D100_3,T25_C1_D100_2,T25_C1_D100_3,T45_C0p5_D80_3|T25_C1_D100_0,T25_C2_D100_1,T35_C2_D80_3,T45_C0p5_D80_0|T25_C2_D100_3,T35_C2_D80_1,T35_C2_D80_2,T45_C0p5_D80_1|T25_C2_D80_2,T45_C1_D50_0,T45_C1_D50_3,baseline_0|T25_C2_D80_3,T35_C0p5_D80_0,T35_C1_D80_3,T45_C2_D50_0|T35_C0p5_D100_1,T35_C0p5_D100_3,T45_C0p5_D80_2,T45_C1_D80_2",baseline_0,0.872401,0.8431455023040926,-0.029255497695907406,0.063519,0.06670872707934854,0.050216896981195136,False,250,250,1.1727126070226745e-07,250,REFERENCE,0.0,0.0,0.0
INTERVAL_RISK,baseline_use,7,"T25_C0p5_D100_0,T35_C0p5_D80_1,T35_C0p5_D80_3,T35_C1_D80_0|T25_C0p5_D100_1,T25_C2_D80_0,T35_C1_D80_2,T45_C2_D50_2|T25_C0p5_D100_3,T25_C1_D100_2,T25_C1_D100_3,T45_C0p5_D80_3|T25_C1_D100_0,T25_C2_D100_1,T35_C2_D80_3,T45_C0p5_D80_0|T25_C2_D100_3,T35_C2_D80_1,T35_C2_D80_2,T45_C0p5_D80_1|T25_C2_D80_2,T45_C1_D50_0,T45_C1_D50_3,baseline_0|T25_C2_D80_3,T35_C0p5_D80_0,T35_C1_D80_3,T45_C2_D50_0|T35_C0p5_D100_1,T35_C0p5_D100_3,T45_C0p5_D80_2,T45_C1_D80_2",T25_C2_D80_3,0.867921,0.8402718802640692,-0.02764911973593087,0.064019,0.06729527284030179,0.05117657008547116,False,250,250,4.446313380812583e-07,250,REFERENCE,0.0,0.0,0.0
INTERVAL_RISK,baseline_use,7,"T25_C0p5_D100_0,T35_C0p5_D80_1,T35_C0p5_D80_3,T35_C1_D80_0|T25_C0p5_D100_1,T25_C2_D80_0,T35_C1_D80_2,T45_C2_D50_2|T25_C0p5_D100_3,T25_C1_D100_2,T25_C1_D100_3,T45_C0p5_D80_3|T25_C1_D100_0,T25_C2_D100_1,T35_C2_D80_3,T45_C0p5_D80_0|T25_C2_D100_3,T35_C2_D80_1,T35_C2_D80_2,T45_C0p5_D80_1|T25_C2_D80_2,T45_C1_D50_0,T45_C1_D50_3,baseline_0|T25_C2_D80_3,T35_C0p5_D80_0,T35_C1_D80_3,T45_C2_D50_0|T35_C0p5_D100_1,T35_C0p5_D100_3,T45_C0p5_D80_2,T45_C1_D80_2",T35_C0p5_D80_0,0.870125,0.8445257766372722,-0.025599223362727797,0.063242,0.066397871644082,0.049901515513139705,False,250,250,4.504492471246735e-07,250,REFERENCE,0.0,0.0,0.0
INTERVAL_RISK,baseline_use,7,"T25_C0p5_D100_0,T35_C0p5_D80_1,T35_C0p5_D80_3,T35_C1_D80_0|T25_C0p5_D100_1,T25_C2_D80_0,T35_C1_D80_2,T45_C2_D50_2|T25_C0p5_D100_3,T25_C1_D100_2,T25_C1_D100_3,T45_C0p5_D80_3|T25_C1_D100_0,T25_C2_D100_1,T35_C2_D80_3,T45_C0p5_D80_0|T25_C2_D100_3,T35_C2_D80_1,T35_C2_D80_2,T45_C0p5_D80_1|T25_C2_D80_2,T45_C1_D50_0,T45_C1_D50_3,baseline_0|T25_C2_D80_3,T35_C0p5_D80_0,T35_C1_D80_3,T45_C2_D50_0|T35_C0p5_D100_1,T35_C0p5_D100_3,T45_C0p5_D80_2,T45_C1_D80_2",T35_C1_D80_3,0.864889,0.8395267803742107,-0.02536221962578933,0.064453,0.06742866435530225,0.04616797286863683,False,250,250,3.1464258433422376e-07,250,REFERENCE,0.0,0.0,0.0
INTERVAL_RISK,baseline_use,7,"T25_C0p5_D100_0,T35_C0p5_D80_1,T35_C0p5_D80_3,T35_C1_D80_0|T25_C0p5_D100_1,T25_C2_D80_0,T35_C1_D80_2,T45_C2_D50_2|T25_C0p5_D100_3,T25_C1_D100_2,T25_C1_D100_3,T45_C0p5_D80_3|T25_C1_D100_0,T25_C2_D100_1,T35_C2_D80_3,T45_C0p5_D80_0|T25_C2_D100_3,T35_C2_D80_1,T35_C2_D80_2,T45_C0p5_D80_1|T25_C2_D80_2,T45_C1_D50_0,T45_C1_D50_3,baseline_0|T25_C2_D80_3,T35_C0p5_D80_0,T35_C1_D80_3,T45_C2_D50_0|T35_C0p5_D100_1,T35_C0p5_D100_3,T45_C0p5_D80_2,T45_C1_D80_2",T45_C2_D50_0,0.86233,0.839242051361873,-0.02308794863812702,0.062486,0.06500540480489406,0.040319508448197316,False,250,250,4.5983813745653634e-07,250,REFERENCE,0.0,0.0,0.0
INTERVAL_RISK,baseline_use,8,"T25_C0p5_D100_0,T35_C0p5_D80_1,T35_C0p5_D80_3,T35_C1_D80_0|T25_C0p5_D100_1,T25_C2_D80_0,T35_C1_D80_2,T45_C2_D50_2|T25_C0p5_D100_3,T25_C1_D100_2,T25_C1_D100_3,T45_C0p5_D80_3|T25_C1_D100_0,T25_C2_D100_1,T35_C2_D80_3,T45_C0p5_D80_0|T25_C2_D100_3,T35_C2_D80_1,T35_C2_D80_2,T45_C0p5_D80_1|T25_C2_D80_2,T45_C1_D50_0,T45_C1_D50_3,baseline_0|T25_C2_D80_3,T35_C0p5_D80_0,T35_C1_D80_3,T45_C2_D50_0|T35_C0p5_D100_1,T35_C0p5_D100_3,T45_C0p5_D80_2,T45_C1_D80_2",T35_C0p5_D100_1,0.830039,0.797415168031386,-0.03262383196861396,0.069771,0.07392978689642256,0.05960623893053785,True,230,,4.0182535106236816e-07,250,REFERENCE,0.0,0.0,0.0
INTERVAL_RISK,baseline_use,8,"T25_C0p5_D100_0,T35_C0p5_D80_1,T35_C0p5_D80_3,T35_C1_D80_0|T25_C0p5_D100_1,T25_C2_D80_0,T35_C1_D80_2,T45_C2_D50_2|T25_C0p5_D100_3,T25_C1_D100_2,T25_C1_D100_3,T45_C0p5_D80_3|T25_C1_D100_0,T25_C2_D100_1,T35_C2_D80_3,T45_C0p5_D80_0|T25_C2_D100_3,T35_C2_D80_1,T35_C2_D80_2,T45_C0p5_D80_1|T25_C2_D80_2,T45_C1_D50_0,T45_C1_D50_3,baseline_0|T25_C2_D80_3,T35_C0p5_D80_0,T35_C1_D80_3,T45_C2_D50_0|T35_C0p5_D100_1,T35_C0p5_D100_3,T45_C0p5_D80_2,T45_C1_D80_2",T35_C0p5_D100_3,0.838618,0.8076414583117361,-0.030976541688263914,0.076488,0.08104374819922147,0.059561607039293474,False,250,250,3.8000797338011427e-07,250,REFERENCE,0.0,0.0,0.0
INTERVAL_RISK,baseline_use,8,"T25_C0p5_D100_0,T35_C0p5_D80_1,T35_C0p5_D80_3,T35_C1_D80_0|T25_C0p5_D100_1,T25_C2_D80_0,T35_C1_D80_2,T45_C2_D50_2|T25_C0p5_D100_3,T25_C1_D100_2,T25_C1_D100_3,T45_C0p5_D80_3|T25_C1_D100_0,T25_C2_D100_1,T35_C2_D80_3,T45_C0p5_D80_0|T25_C2_D100_3,T35_C2_D80_1,T35_C2_D80_2,T45_C0p5_D80_1|T25_C2_D80_2,T45_C1_D50_0,T45_C1_D50_3,baseline_0|T25_C2_D80_3,T35_C0p5_D80_0,T35_C1_D80_3,T45_C2_D50_0|T35_C0p5_D100_1,T35_C0p5_D100_3,T45_C0p5_D80_2,T45_C1_D80_2",T45_C0p5_D80_2,0.83707,0.8107777278826239,-0.02629227211737606,0.071054,0.0744142571090308,0.047291596659312596,False,250,250,4.360998193675414e-07,250,REFERENCE,0.0,0.0,0.0
INTERVAL_RISK,baseline_use,8,"T25_C0p5_D100_0,T35_C0p5_D80_1,T35_C0p5_D80_3,T35_C1_D80_0|T25_C0p5_D100_1,T25_C2_D80_0,T35_C1_D80_2,T45_C2_D50_2|T25_C0p5_D100_3,T25_C1_D100_2,T25_C1_D100_3,T45_C0p5_D80_3|T25_C1_D100_0,T25_C2_D100_1,T35_C2_D80_3,T45_C0p5_D80_0|T25_C2_D100_3,T35_C2_D80_1,T35_C2_D80_2,T45_C0p5_D80_1|T25_C2_D80_2,T45_C1_D50_0,T45_C1_D50_3,baseline_0|T25_C2_D80_3,T35_C0p5_D80_0,T35_C1_D80_3,T45_C2_D50_0|T35_C0p5_D100_1,T35_C0p5_D100_3,T45_C0p5_D80_2,T45_C1_D80_2",T45_C1_D80_2,0.82299,0.7957857449651572,-0.027204255034842806,0.078139,0.08198881561313877,0.04926881087726698,True,220,,2.6332983027455015e-07,250,REFERENCE,0.0,0.0,0.0
INTERVAL_RISK,high_temperature,1,"T25_C0p5_D100_0,T35_C0p5_D80_1,T35_C0p5_D80_3,T35_C1_D80_0|T25_C0p5_D100_1,T25_C2_D80_0,T35_C1_D80_2,T45_C2_D50_2|T25_C0p5_D100_3,T25_C1_D100_2,T25_C1_D100_3,T45_C0p5_D80_3|T25_C1_D100_0,T25_C2_D100_1,T35_C2_D80_3,T45_C0p5_D80_0|T25_C2_D100_3,T35_C2_D80_1,T35_C2_D80_2,T45_C0p5_D80_1|T25_C2_D80_2,T45_C1_D50_0,T45_C1_D50_3,baseline_0|T25_C2_D80_3,T35_C0p5_D80_0,T35_C1_D80_3,T45_C2_D50_0|T35_C0p5_D100_1,T35_C0p5_D100_3,T45_C0p5_D80_2,T45_C1_D80_2",T25_C0p5_D100_0,0.850573,0.7983105112114868,-0.05226248878851325,0.065518,0.071649135275672,0.09357940223559935,True,242,,4.883881983275273e-07,250,UPPER_BOUND,,,-8
INTERVAL_RISK,high_temperature,1,"T25_C0p5_D100_0,T35_C0p5_D80_1,T35_C0p5_D80_3,T35_C1_D80_0|T25_C0p5_D100_1,T25_C2_D80_0,T35_C1_D80_2,T45_C2_D50_2|T25_C0p5_D100_3,T25_C1_D100_2,T25_C1_D100_3,T45_C0p5_D80_3|T25_C1_D100_0,T25_C2_D100_1,T35_C2_D80_3,T45_C0p5_D80_0|T25_C2_D100_3,T35_C2_D80_1,T35_C2_D80_2,T45_C0p5_D80_1|T25_C2_D80_2,T45_C1_D50_0,T45_C1_D50_3,baseline_0|T25_C2_D80_3,T35_C0p5_D80_0,T35_C1_D80_3,T45_C2_D50_0|T35_C0p5_D100_1,T35_C0p5_D100_3,T45_C0p5_D80_2,T45_C1_D80_2",T35_C0p5_D80_1,0.84933,0.8050264361115904,-0.044303563888409614,0.065492,0.070362924123366,0.07437433768041912,False,250,250,4.913482913870837e-07,250,NOT_IDENTIFIABLE_BOTH_RIGHT_CENSORED,,,
INTERVAL_RISK,high_temperature,1,"T25_C0p5_D100_0,T35_C0p5_D80_1,T35_C0p5_D80_3,T35_C1_D80_0|T25_C0p5_D100_1,T25_C2_D80_0,T35_C1_D80_2,T45_C2_D50_2|T25_C0p5_D100_3,T25_C1_D100_2,T25_C1_D100_3,T45_C0p5_D80_3|T25_C1_D100_0,T25_C2_D100_1,T35_C2_D80_3,T45_C0p5_D80_0|T25_C2_D100_3,T35_C2_D80_1,T35_C2_D80_2,T45_C0p5_D80_1|T25_C2_D80_2,T45_C1_D50_0,T45_C1_D50_3,baseline_0|T25_C2_D80_3,T35_C0p5_D80_0,T35_C1_D80_3,T45_C2_D50_0|T35_C0p5_D100_1,T35_C0p5_D100_3,T45_C0p5_D80_2,T45_C1_D80_2",T35_C0p5_D80_3,0.851754,0.8081637424314869,-0.04359025756851309,0.071187,0.07651877301657192,0.0748981276998879,False,250,250,3.909149639547138e-07,250,NOT_IDENTIFIABLE_BOTH_RIGHT_CENSORED,,,
INTERVAL_RISK,high_temperature,1,"T25_C0p5_D100_0,T35_C0p5_D80_1,T35_C0p5_D80_3,T35_C1_D80_0|T25_C0p5_D100_1,T25_C2_D80_0,T35_C1_D80_2,T45_C2_D50_2|T25_C0p5_D100_3,T25_C1_D100_2,T25_C1_D100_3,T45_C0p5_D80_3|T25_C1_D100_0,T25_C2_D100_1,T35_C2_D80_3,T45_C0p5_D80_0|T25_C2_D100_3,T35_C2_D80_1,T35_C2_D80_2,T45_C0p5_D80_1|T25_C2_D80_2,T45_C1_D50_0,T45_C1_D50_3,baseline_0|T25_C2_D80_3,T35_C0p5_D80_0,T35_C1_D80_3,T45_C2_D50_0|T35_C0p5_D100_1,T35_C0p5_D100_3,T45_C0p5_D80_2,T45_C1_D80_2",T35_C1_D80_0,0.851232,0.8095708298320455,-0.04166117016795445,0.070145,0.07548199998356411,0.07608525174373248,False,250,250,2.761284127184016e-07,250,NOT_IDENTIFIABLE_BOTH_RIGHT_CENSORED,,,
INTERVAL_RISK,high_temperature,2,"T25_C0p5_D100_0,T35_C0p5_D80_1,T35_C0p5_D80_3,T35_C1_D80_0|T25_C0p5_D100_1,T25_C2_D80_0,T35_C1_D80_2,T45_C2_D50_2|T25_C0p5_D100_3,T25_C1_D100_2,T25_C1_D100_3,T45_C0p5_D80_3|T25_C1_D100_0,T25_C2_D100_1,T35_C2_D80_3,T45_C0p5_D80_0|T25_C2_D100_3,T35_C2_D80_1,T35_C2_D80_2,T45_C0p5_D80_1|T25_C2_D80_2,T45_C1_D50_0,T45_C1_D50_3,baseline_0|T25_C2_D80_3,T35_C0p5_D80_0,T35_C1_D80_3,T45_C2_D50_0|T35_C0p5_D100_1,T35_C0p5_D100_3,T45_C0p5_D80_2,T45_C1_D80_2",T25_C0p5_D100_1,0.866921,0.8203765396818309,-0.04654446031816917,0.06209,0.06796742378688252,0.09465974854054626,False,250,250,4.094669221466063e-07,250,NOT_IDENTIFIABLE_BOTH_RIGHT_CENSORED,,,
INTERVAL_RISK,high_temperature,2,"T25_C0p5_D100_0,T35_C0p5_D80_1,T35_C0p5_D80_3,T35_C1_D80_0|T25_C0p5_D100_1,T25_C2_D80_0,T35_C1_D80_2,T45_C2_D50_2|T25_C0p5_D100_3,T25_C1_D100_2,T25_C1_D100_3,T45_C0p5_D80_3|T25_C1_D100_0,T25_C2_D100_1,T35_C2_D80_3,T45_C0p5_D80_0|T25_C2_D100_3,T35_C2_D80_1,T35_C2_D80_2,T45_C0p5_D80_1|T25_C2_D80_2,T45_C1_D50_0,T45_C1_D50_3,baseline_0|T25_C2_D80_3,T35_C0p5_D80_0,T35_C1_D80_3,T45_C2_D50_0|T35_C0p5_D100_1,T35_C0p5_D100_3,T45_C0p5_D80_2,T45_C1_D80_2",T25_C2_D80_0,0.871697,0.8316279849187324,-0.0400690150812677,0.068863,0.07440667474102,0.08050295138201946,False,250,250,4.2894993645958834e-07,250,NOT_IDENTIFIABLE_BOTH_RIGHT_CENSORED,,,
INTERVAL_RISK,high_temperature,2,"T25_C0p5_D100_0,T35_C0p5_D80_1,T35_C0p5_D80_3,T35_C1_D80_0|T25_C0p5_D100_1,T25_C2_D80_0,T35_C1_D80_2,T45_C2_D50_2|T25_C0p5_D100_3,T25_C1_D100_2,T25_C1_D100_3,T45_C0p5_D80_3|T25_C1_D100_0,T25_C2_D100_1,T35_C2_D80_3,T45_C0p5_D80_0|T25_C2_D100_3,T35_C2_D80_1,T35_C2_D80_2,T45_C0p5_D80_1|T25_C2_D80_2,T45_C1_D50_0,T45_C1_D50_3,baseline_0|T25_C2_D80_3,T35_C0p5_D80_0,T35_C1_D80_3,T45_C2_D50_0|T35_C0p5_D100_1,T35_C0p5_D100_3,T45_C0p5_D80_2,T45_C1_D80_2",T35_C1_D80_2,0.862673,0.8242156134023475,-0.03845738659765252,0.069078,0.07443499382204473,0.07754992648954406,False,250,250,4.708089995641984e-07,250,NOT_IDENTIFIABLE_BOTH_RIGHT_CENSORED,,,
INTERVAL_RISK,high_temperature,2,"T25_C0p5_D100_0,T35_C0p5_D80_1,T35_C0p5_D80_3,T35_C1_D80_0|T25_C0p5_D100_1,T25_C2_D80_0,T35_C1_D80_2,T45_C2_D50_2|T25_C0p5_D100_3,T25_C1_D100_2,T25_C1_D100_3,T45_C0p5_D80_3|T25_C1_D100_0,T25_C2_D100_1,T35_C2_D80_3,T45_C0p5_D80_0|T25_C2_D100_3,T35_C2_D80_1,T35_C2_D80_2,T45_C0p5_D80_1|T25_C2_D80_2,T45_C1_D50_0,T45_C1_D50_3,baseline_0|T25_C2_D80_3,T35_C0p5_D80_0,T35_C1_D80_3,T45_C2_D50_0|T35_C0p5_D100_1,T35_C0p5_D100_3,T45_C0p5_D80_2,T45_C1_D80_2",T45_C2_D50_2,0.861061,0.8262999686193273,-0.03476103138067266,0.067451,0.07192524421053263,0.06633325244299759,False,250,250,4.973189149382051e-07,250,NOT_IDENTIFIABLE_BOTH_RIGHT_CENSORED,,,
INTERVAL_RISK,high_temperature,3,"T25_C0p5_D100_0,T35_C0p5_D80_1,T35_C0p5_D80_3,T35_C1_D80_0|T25_C0p5_D100_1,T25_C2_D80_0,T35_C1_D80_2,T45_C2_D50_2|T25_C0p5_D100_3,T25_C1_D100_2,T25_C1_D100_3,T45_C0p5_D80_3|T25_C1_D100_0,T25_C2_D100_1,T35_C2_D80_3,T45_C0p5_D80_0|T25_C2_D100_3,T35_C2_D80_1,T35_C2_D80_2,T45_C0p5_D80_1|T25_C2_D80_2,T45_C1_D50_0,T45_C1_D50_3,baseline_0|T25_C2_D80_3,T35_C0p5_D80_0,T35_C1_D80_3,T45_C2_D50_0|T35_C0p5_D100_1,T35_C0p5_D100_3,T45_C0p5_D80_2,T45_C1_D80_2",T25_C0p5_D100_3,0.857587,0.8077778327296024,-0.049809167270397636,0.066435,0.07256329059151624,0.09224490993476708,False,250,250,2.818569442980534e-07,250,NOT_IDENTIFIABLE_BOTH_RIGHT_CENSORED,,,
INTERVAL_RISK,high_temperature,3,"T25_C0p5_D100_0,T35_C0p5_D80_1,T35_C0p5_D80_3,T35_C1_D80_0|T25_C0p5_D100_1,T25_C2_D80_0,T35_C1_D80_2,T45_C2_D50_2|T25_C0p5_D100_3,T25_C1_D100_2,T25_C1_D100_3,T45_C0p5_D80_3|T25_C1_D100_0,T25_C2_D100_1,T35_C2_D80_3,T45_C0p5_D80_0|T25_C2_D100_3,T35_C2_D80_1,T35_C2_D80_2,T45_C0p5_D80_1|T25_C2_D80_2,T45_C1_D50_0,T45_C1_D50_3,baseline_0|T25_C2_D80_3,T35_C0p5_D80_0,T35_C1_D80_3,T45_C2_D50_0|T35_C0p5_D100_1,T35_C0p5_D100_3,T45_C0p5_D80_2,T45_C1_D80_2",T25_C1_D100_2,0.842036,0.789418702471496,-0.05261729752850397,0.063371,0.06892271428060695,0.08760654369675325,True,198,,3.898323444051499e-07,250,UPPER_BOUND,,,-52
INTERVAL_RISK,high_temperature,3,"T25_C0p5_D100_0,T35_C0p5_D80_1,T35_C0p5_D80_3,T35_C1_D80_0|T25_C0p5_D100_1,T25_C2_D80_0,T35_C1_D80_2,T45_C2_D50_2|T25_C0p5_D100_3,T25_C1_D100_2,T25_C1_D100_3,T45_C0p5_D80_3|T25_C1_D100_0,T25_C2_D100_1,T35_C2_D80_3,T45_C0p5_D80_0|T25_C2_D100_3,T35_C2_D80_1,T35_C2_D80_2,T45_C0p5_D80_1|T25_C2_D80_2,T45_C1_D50_0,T45_C1_D50_3,baseline_0|T25_C2_D80_3,T35_C0p5_D80_0,T35_C1_D80_3,T45_C2_D50_0|T35_C0p5_D100_1,T35_C0p5_D100_3,T45_C0p5_D80_2,T45_C1_D80_2",T25_C1_D100_3,0.848021,0.7973970084302819,-0.050623991569718085,0.067475,0.07323594374206085,0.08537893652554085,True,237,,3.7176412992501184e-07,250,UPPER_BOUND,,,-13
INTERVAL_RISK,high_temperature,3,"T25_C0p5_D100_0,T35_C0p5_D80_1,T35_C0p5_D80_3,T35_C1_D80_0|T25_C0p5_D100_1,T25_C2_D80_0,T35_C1_D80_2,T45_C2_D50_2|T25_C0p5_D100_3,T25_C1_D100_2,T25_C1_D100_3,T45_C0p5_D80_3|T25_C1_D100_0,T25_C2_D100_1,T35_C2_D80_3,T45_C0p5_D80_0|T25_C2_D100_3,T35_C2_D80_1,T35_C2_D80_2,T45_C0p5_D80_1|T25_C2_D80_2,T45_C1_D50_0,T45_C1_D50_3,baseline_0|T25_C2_D80_3,T35_C0p5_D80_0,T35_C1_D80_3,T45_C2_D50_0|T35_C0p5_D100_1,T35_C0p5_D100_3,T45_C0p5_D80_2,T45_C1_D80_2",T45_C0p5_D80_3,0.845528,0.8083398877563615,-0.037188112243638494,0.072777,0.07774037050564803,0.06819971289896576,False,250,250,4.2887142287506563e-07,250,NOT_IDENTIFIABLE_BOTH_RIGHT_CENSORED,,,
INTERVAL_RISK,high_temperature,4,"T25_C0p5_D100_0,T35_C0p5_D80_1,T35_C0p5_D80_3,T35_C1_D80_0|T25_C0p5_D100_1,T25_C2_D80_0,T35_C1_D80_2,T45_C2_D50_2|T25_C0p5_D100_3,T25_C1_D100_2,T25_C1_D100_3,T45_C0p5_D80_3|T25_C1_D100_0,T25_C2_D100_1,T35_C2_D80_3,T45_C0p5_D80_0|T25_C2_D100_3,T35_C2_D80_1,T35_C2_D80_2,T45_C0p5_D80_1|T25_C2_D80_2,T45_C1_D50_0,T45_C1_D50_3,baseline_0|T25_C2_D80_3,T35_C0p5_D80_0,T35_C1_D80_3,T45_C2_D50_0|T35_C0p5_D100_1,T35_C0p5_D100_3,T45_C0p5_D80_2,T45_C1_D80_2",T25_C1_D100_0,0.842553,0.7901079779611555,-0.05244502203884449,0.072664,0.07942303612638132,0.09301767211248091,True,201,,9.450255833431953e-08,250,UPPER_BOUND,,,-49
INTERVAL_RISK,high_temperature,4,"T25_C0p5_D100_0,T35_C0p5_D80_1,T35_C0p5_D80_3,T35_C1_D80_0|T25_C0p5_D100_1,T25_C2_D80_0,T35_C1_D80_2,T45_C2_D50_2|T25_C0p5_D100_3,T25_C1_D100_2,T25_C1_D100_3,T45_C0p5_D80_3|T25_C1_D100_0,T25_C2_D100_1,T35_C2_D80_3,T45_C0p5_D80_0|T25_C2_D100_3,T35_C2_D80_1,T35_C2_D80_2,T45_C0p5_D80_1|T25_C2_D80_2,T45_C1_D50_0,T45_C1_D50_3,baseline_0|T25_C2_D80_3,T35_C0p5_D80_0,T35_C1_D80_3,T45_C2_D50_0|T35_C0p5_D100_1,T35_C0p5_D100_3,T45_C0p5_D80_2,T45_C1_D80_2",T25_C2_D100_1,0.831875,0.7807424025430185,-0.05113259745698151,0.074772,0.0810003252548188,0.08329756131732191,True,153,,4.748434906387544e-07,250,EXACT_BOTH_EVENTS,-79,-79,-79
INTERVAL_RISK,high_temperature,4,"T25_C0p5_D100_0,T35_C0p5_D80_1,T35_C0p5_D80_3,T35_C1_D80_0|T25_C0p5_D100_1,T25_C2_D80_0,T35_C1_D80_2,T45_C2_D50_2|T25_C0p5_D100_3,T25_C1_D100_2,T25_C1_D100_3,T45_C0p5_D80_3|T25_C1_D100_0,T25_C2_D100_1,T35_C2_D80_3,T45_C0p5_D80_0|T25_C2_D100_3,T35_C2_D80_1,T35_C2_D80_2,T45_C0p5_D80_1|T25_C2_D80_2,T45_C1_D50_0,T45_C1_D50_3,baseline_0|T25_C2_D80_3,T35_C0p5_D80_0,T35_C1_D80_3,T45_C2_D50_0|T35_C0p5_D100_1,T35_C0p5_D100_3,T45_C0p5_D80_2,T45_C1_D80_2",T35_C2_D80_3,0.836386,0.7945515331048119,-0.041834466895188105,0.064384,0.06904592181802963,0.07240807992715004,True,225,,4.467314758394014e-07,250,UPPER_BOUND,,,-25
INTERVAL_RISK,high_temperature,4,"T25_C0p5_D100_0,T35_C0p5_D80_1,T35_C0p5_D80_3,T35_C1_D80_0|T25_C0p5_D100_1,T25_C2_D80_0,T35_C1_D80_2,T45_C2_D50_2|T25_C0p5_D100_3,T25_C1_D100_2,T25_C1_D100_3,T45_C0p5_D80_3|T25_C1_D100_0,T25_C2_D100_1,T35_C2_D80_3,T45_C0p5_D80_0|T25_C2_D100_3,T35_C2_D80_1,T35_C2_D80_2,T45_C0p5_D80_1|T25_C2_D80_2,T45_C1_D50_0,T45_C1_D50_3,baseline_0|T25_C2_D80_3,T35_C0p5_D80_0,T35_C1_D80_3,T45_C2_D50_0|T35_C0p5_D100_1,T35_C0p5_D100_3,T45_C0p5_D80_2,T45_C1_D80_2",T45_C0p5_D80_0,0.829688,0.7886868674547035,-0.04100113254529647,0.075365,0.08063654542122789,0.06994686421054719,True,196,,2.7874241781411513e-07,250,UPPER_BOUND,,,-54
INTERVAL_RISK,high_temperature,5,"T25_C0p5_D100_0,T35_C0p5_D80_1,T35_C0p5_D80_3,T35_C1_D80_0|T25_C0p5_D100_1,T25_C2_D80_0,T35_C1_D80_2,T45_C2_D50_2|T25_C0p5_D100_3,T25_C1_D100_2,T25_C1_D100_3,T45_C0p5_D80_3|T25_C1_D100_0,T25_C2_D100_1,T35_C2_D80_3,T45_C0p5_D80_0|T25_C2_D100_3,T35_C2_D80_1,T35_C2_D80_2,T45_C0p5_D80_1|T25_C2_D80_2,T45_C1_D50_0,T45_C1_D50_3,baseline_0|T25_C2_D80_3,T35_C0p5_D80_0,T35_C1_D80_3,T45_C2_D50_0|T35_C0p5_D100_1,T35_C0p5_D100_3,T45_C0p5_D80_2,T45_C1_D80_2",T25_C2_D100_3,0.842485,0.7945798011016424,-0.04790519889835765,0.067667,0.07378059540185253,0.09034825545469016,True,221,,1.7511018057803085e-07,250,UPPER_BOUND,,,-29
INTERVAL_RISK,high_temperature,5,"T25_C0p5_D100_0,T35_C0p5_D80_1,T35_C0p5_D80_3,T35_C1_D80_0|T25_C0p5_D100_1,T25_C2_D80_0,T35_C1_D80_2,T45_C2_D50_2|T25_C0p5_D100_3,T25_C1_D100_2,T25_C1_D100_3,T45_C0p5_D80_3|T25_C1_D100_0,T25_C2_D100_1,T35_C2_D80_3,T45_C0p5_D80_0|T25_C2_D100_3,T35_C2_D80_1,T35_C2_D80_2,T45_C0p5_D80_1|T25_C2_D80_2,T45_C1_D50_0,T45_C1_D50_3,baseline_0|T25_C2_D80_3,T35_C0p5_D80_0,T35_C1_D80_3,T45_C2_D50_0|T35_C0p5_D100_1,T35_C0p5_D100_3,T45_C0p5_D80_2,T45_C1_D80_2",T35_C2_D80_1,0.847767,0.8088428267078407,-0.03892417329215936,0.073509,0.07886818446511637,0.07290514719444374,False,250,250,4.907638163631489e-07,250,NOT_IDENTIFIABLE_BOTH_RIGHT_CENSORED,,,
INTERVAL_RISK,high_temperature,5,"T25_C0p5_D100_0,T35_C0p5_D80_1,T35_C0p5_D80_3,T35_C1_D80_0|T25_C0p5_D100_1,T25_C2_D80_0,T35_C1_D80_2,T45_C2_D50_2|T25_C0p5_D100_3,T25_C1_D100_2,T25_C1_D100_3,T45_C0p5_D80_3|T25_C1_D100_0,T25_C2_D100_1,T35_C2_D80_3,T45_C0p5_D80_0|T25_C2_D100_3,T35_C2_D80_1,T35_C2_D80_2,T45_C0p5_D80_1|T25_C2_D80_2,T45_C1_D50_0,T45_C1_D50_3,baseline_0|T25_C2_D80_3,T35_C0p5_D80_0,T35_C1_D80_3,T45_C2_D50_0|T35_C0p5_D100_1,T35_C0p5_D100_3,T45_C0p5_D80_2,T45_C1_D80_2",T35_C2_D80_2,0.841101,0.800472286759415,-0.040628713240585035,0.06523,0.0700480203095824,0.07386203142085557,False,250,250,4.1347933514568336e-07,250,NOT_IDENTIFIABLE_BOTH_RIGHT_CENSORED,,,
INTERVAL_RISK,high_temperature,5,"T25_C0p5_D100_0,T35_C0p5_D80_1,T35_C0p5_D80_3,T35_C1_D80_0|T25_C0p5_D100_1,T25_C2_D80_0,T35_C1_D80_2,T45_C2_D50_2|T25_C0p5_D100_3,T25_C1_D100_2,T25_C1_D100_3,T45_C0p5_D80_3|T25_C1_D100_0,T25_C2_D100_1,T35_C2_D80_3,T45_C0p5_D80_0|T25_C2_D100_3,T35_C2_D80_1,T35_C2_D80_2,T45_C0p5_D80_1|T25_C2_D80_2,T45_C1_D50_0,T45_C1_D50_3,baseline_0|T25_C2_D80_3,T35_C0p5_D80_0,T35_C1_D80_3,T45_C2_D50_0|T35_C0p5_D100_1,T35_C0p5_D100_3,T45_C0p5_D80_2,T45_C1_D80_2",T45_C0p5_D80_1,0.836686,0.7973693152489632,-0.03931668475103689,0.07014,0.07505491031079929,0.07007285872254498,True,237,,2.728866044521272e-07,250,UPPER_BOUND,,,-13
INTERVAL_RISK,high_temperature,6,"T25_C0p5_D100_0,T35_C0p5_D80_1,T35_C0p5_D80_3,T35_C1_D80_0|T25_C0p5_D100_1,T25_C2_D80_0,T35_C1_D80_2,T45_C2_D50_2|T25_C0p5_D100_3,T25_C1_D100_2,T25_C1_D100_3,T45_C0p5_D80_3|T25_C1_D100_0,T25_C2_D100_1,T35_C2_D80_3,T45_C0p5_D80_0|T25_C2_D100_3,T35_C2_D80_1,T35_C2_D80_2,T45_C0p5_D80_1|T25_C2_D80_2,T45_C1_D50_0,T45_C1_D50_3,baseline_0|T25_C2_D80_3,T35_C0p5_D80_0,T35_C1_D80_3,T45_C2_D50_0|T35_C0p5_D100_1,T35_C0p5_D100_3,T45_C0p5_D80_2,T45_C1_D80_2",T25_C2_D80_2,0.876692,0.8381832135561182,-0.03850878644388178,0.069622,0.07497891933890492,0.07694291084578042,False,250,250,4.451580479097883e-07,250,NOT_IDENTIFIABLE_BOTH_RIGHT_CENSORED,,,
INTERVAL_RISK,high_temperature,6,"T25_C0p5_D100_0,T35_C0p5_D80_1,T35_C0p5_D80_3,T35_C1_D80_0|T25_C0p5_D100_1,T25_C2_D80_0,T35_C1_D80_2,T45_C2_D50_2|T25_C0p5_D100_3,T25_C1_D100_2,T25_C1_D100_3,T45_C0p5_D80_3|T25_C1_D100_0,T25_C2_D100_1,T35_C2_D80_3,T45_C0p5_D80_0|T25_C2_D100_3,T35_C2_D80_1,T35_C2_D80_2,T45_C0p5_D80_1|T25_C2_D80_2,T45_C1_D50_0,T45_C1_D50_3,baseline_0|T25_C2_D80_3,T35_C0p5_D80_0,T35_C1_D80_3,T45_C2_D50_0|T35_C0p5_D100_1,T35_C0p5_D100_3,T45_C0p5_D80_2,T45_C1_D80_2",T45_C1_D50_0,0.877667,0.844145504021857,-0.03352149597814302,0.065484,0.06951752816684208,0.061595628960388504,False,250,250,2.416749176337163e-07,250,NOT_IDENTIFIABLE_BOTH_RIGHT_CENSORED,,,
INTERVAL_RISK,high_temperature,6,"T25_C0p5_D100_0,T35_C0p5_D80_1,T35_C0p5_D80_3,T35_C1_D80_0|T25_C0p5_D100_1,T25_C2_D80_0,T35_C1_D80_2,T45_C2_D50_2|T25_C0p5_D100_3,T25_C1_D100_2,T25_C1_D100_3,T45_C0p5_D80_3|T25_C1_D100_0,T25_C2_D100_1,T35_C2_D80_3,T45_C0p5_D80_0|T25_C2_D100_3,T35_C2_D80_1,T35_C2_D80_2,T45_C0p5_D80_1|T25_C2_D80_2,T45_C1_D50_0,T45_C1_D50_3,baseline_0|T25_C2_D80_3,T35_C0p5_D80_0,T35_C1_D80_3,T45_C2_D50_0|T35_C0p5_D100_1,T35_C0p5_D100_3,T45_C0p5_D80_2,T45_C1_D80_2",T45_C1_D50_3,0.867232,0.8308513960072844,-0.03638060399271559,0.067674,0.07210215189041812,0.0654335770076857,False,250,250,4.789209711031361e-07,250,NOT_IDENTIFIABLE_BOTH_RIGHT_CENSORED,,,
INTERVAL_RISK,high_temperature,6,"T25_C0p5_D100_0,T35_C0p5_D80_1,T35_C0p5_D80_3,T35_C1_D80_0|T25_C0p5_D100_1,T25_C2_D80_0,T35_C1_D80_2,T45_C2_D50_2|T25_C0p5_D100_3,T25_C1_D100_2,T25_C1_D100_3,T45_C0p5_D80_3|T25_C1_D100_0,T25_C2_D100_1,T35_C2_D80_3,T45_C0p5_D80_0|T25_C2_D100_3,T35_C2_D80_1,T35_C2_D80_2,T45_C0p5_D80_1|T25_C2_D80_2,T45_C1_D50_0,T45_C1_D50_3,baseline_0|T25_C2_D80_3,T35_C0p5_D80_0,T35_C1_D80_3,T45_C2_D50_0|T35_C0p5_D100_1,T35_C0p5_D100_3,T45_C0p5_D80_2,T45_C1_D80_2",baseline_0,0.872401,0.8287568866924921,-0.04364411330750784,0.063519,0.06827753412514502,0.07491512972724723,False,250,250,1.1727126070226745e-07,250,NOT_IDENTIFIABLE_BOTH_RIGHT_CENSORED,,,
INTERVAL_RISK,high_temperature,7,"T25_C0p5_D100_0,T35_C0p5_D80_1,T35_C0p5_D80_3,T35_C1_D80_0|T25_C0p5_D100_1,T25_C2_D80_0,T35_C1_D80_2,T45_C2_D50_2|T25_C0p5_D100_3,T25_C1_D100_2,T25_C1_D100_3,T45_C0p5_D80_3|T25_C1_D100_0,T25_C2_D100_1,T35_C2_D80_3,T45_C0p5_D80_0|T25_C2_D100_3,T35_C2_D80_1,T35_C2_D80_2,T45_C0p5_D80_1|T25_C2_D80_2,T45_C1_D50_0,T45_C1_D50_3,baseline_0|T25_C2_D80_3,T35_C0p5_D80_0,T35_C1_D80_3,T45_C2_D50_0|T35_C0p5_D100_1,T35_C0p5_D100_3,T45_C0p5_D80_2,T45_C1_D80_2",T25_C2_D80_3,0.867921,0.8266732153207721,-0.04124778467922796,0.064019,0.0689064060587001,0.07634305532264007,False,250,250,4.446313380812583e-07,250,NOT_IDENTIFIABLE_BOTH_RIGHT_CENSORED,,,
INTERVAL_RISK,high_temperature,7,"T25_C0p5_D100_0,T35_C0p5_D80_1,T35_C0p5_D80_3,T35_C1_D80_0|T25_C0p5_D100_1,T25_C2_D80_0,T35_C1_D80_2,T45_C2_D50_2|T25_C0p5_D100_3,T25_C1_D100_2,T25_C1_D100_3,T45_C0p5_D80_3|T25_C1_D100_0,T25_C2_D100_1,T35_C2_D80_3,T45_C0p5_D80_0|T25_C2_D100_3,T35_C2_D80_1,T35_C2_D80_2,T45_C0p5_D80_1|T25_C2_D80_2,T45_C1_D50_0,T45_C1_D50_3,baseline_0|T25_C2_D80_3,T35_C0p5_D80_0,T35_C1_D80_3,T45_C2_D50_0|T35_C0p5_D100_1,T35_C0p5_D100_3,T45_C0p5_D80_2,T45_C1_D80_2",T35_C0p5_D80_0,0.870125,0.831935667889112,-0.03818933211088804,0.063242,0.06795018006519186,0.07444704571632554,False,250,250,4.504492471246735e-07,250,NOT_IDENTIFIABLE_BOTH_RIGHT_CENSORED,,,
INTERVAL_RISK,high_temperature,7,"T25_C0p5_D100_0,T35_C0p5_D80_1,T35_C0p5_D80_3,T35_C1_D80_0|T25_C0p5_D100_1,T25_C2_D80_0,T35_C1_D80_2,T45_C2_D50_2|T25_C0p5_D100_3,T25_C1_D100_2,T25_C1_D100_3,T45_C0p5_D80_3|T25_C1_D100_0,T25_C2_D100_1,T35_C2_D80_3,T45_C0p5_D80_0|T25_C2_D100_3,T35_C2_D80_1,T35_C2_D80_2,T45_C0p5_D80_1|T25_C2_D80_2,T45_C1_D50_0,T45_C1_D50_3,baseline_0|T25_C2_D80_3,T35_C0p5_D80_0,T35_C1_D80_3,T45_C2_D50_0|T35_C0p5_D100_1,T35_C0p5_D100_3,T45_C0p5_D80_2,T45_C1_D80_2",T35_C1_D80_3,0.864889,0.827052863689533,-0.037836136310467006,0.064453,0.06889232432612458,0.06887692312420812,False,250,250,3.1464258433422376e-07,250,NOT_IDENTIFIABLE_BOTH_RIGHT_CENSORED,,,
INTERVAL_RISK,high_temperature,7,"T25_C0p5_D100_0,T35_C0p5_D80_1,T35_C0p5_D80_3,T35_C1_D80_0|T25_C0p5_D100_1,T25_C2_D80_0,T35_C1_D80_2,T45_C2_D50_2|T25_C0p5_D100_3,T25_C1_D100_2,T25_C1_D100_3,T45_C0p5_D80_3|T25_C1_D100_0,T25_C2_D100_1,T35_C2_D80_3,T45_C0p5_D80_0|T25_C2_D100_3,T35_C2_D80_1,T35_C2_D80_2,T45_C0p5_D80_1|T25_C2_D80_2,T45_C1_D50_0,T45_C1_D50_3,baseline_0|T25_C2_D80_3,T35_C0p5_D80_0,T35_C1_D80_3,T45_C2_D50_0|T35_C0p5_D100_1,T35_C0p5_D100_3,T45_C0p5_D80_2,T45_C1_D80_2",T45_C2_D50_0,0.86233,0.8278866018440162,-0.03444339815598385,0.062486,0.06624454294152028,0.06015016070032142,False,250,250,4.5983813745653634e-07,250,NOT_IDENTIFIABLE_BOTH_RIGHT_CENSORED,,,
INTERVAL_RISK,high_temperature,8,"T25_C0p5_D100_0,T35_C0p5_D80_1,T35_C0p5_D80_3,T35_C1_D80_0|T25_C0p5_D100_1,T25_C2_D80_0,T35_C1_D80_2,T45_C2_D50_2|T25_C0p5_D100_3,T25_C1_D100_2,T25_C1_D100_3,T45_C0p5_D80_3|T25_C1_D100_0,T25_C2_D100_1,T35_C2_D80_3,T45_C0p5_D80_0|T25_C2_D100_3,T35_C2_D80_1,T35_C2_D80_2,T45_C0p5_D80_1|T25_C2_D80_2,T45_C1_D50_0,T45_C1_D50_3,baseline_0|T25_C2_D80_3,T35_C0p5_D80_0,T35_C1_D80_3,T45_C2_D50_0|T35_C0p5_D100_1,T35_C0p5_D100_3,T45_C0p5_D80_2,T45_C1_D80_2",T35_C0p5_D100_1,0.830039,0.7813700933127348,-0.0486689066872652,0.069771,0.07597537863194184,0.08892489188834674,True,151,,4.0182535106236816e-07,250,EXACT_BOTH_EVENTS,-79,-79,-79
INTERVAL_RISK,high_temperature,8,"T25_C0p5_D100_0,T35_C0p5_D80_1,T35_C0p5_D80_3,T35_C1_D80_0|T25_C0p5_D100_1,T25_C2_D80_0,T35_C1_D80_2,T45_C2_D50_2|T25_C0p5_D100_3,T25_C1_D100_2,T25_C1_D100_3,T45_C0p5_D80_3|T25_C1_D100_0,T25_C2_D100_1,T35_C2_D80_3,T45_C0p5_D80_0|T25_C2_D100_3,T35_C2_D80_1,T35_C2_D80_2,T45_C0p5_D80_1|T25_C2_D80_2,T45_C1_D50_0,T45_C1_D50_3,baseline_0|T25_C2_D80_3,T35_C0p5_D80_0,T35_C1_D80_3,T45_C2_D50_0|T35_C0p5_D100_1,T35_C0p5_D100_3,T45_C0p5_D80_2,T45_C1_D80_2",T35_C0p5_D100_3,0.838618,0.7924063237551806,-0.046211676244819366,0.076488,0.08328419078252673,0.08885303292708313,True,207,,3.8000797338011427e-07,250,UPPER_BOUND,,,-43
INTERVAL_RISK,high_temperature,8,"T25_C0p5_D100_0,T35_C0p5_D80_1,T35_C0p5_D80_3,T35_C1_D80_0|T25_C0p5_D100_1,T25_C2_D80_0,T35_C1_D80_2,T45_C2_D50_2|T25_C0p5_D100_3,T25_C1_D100_2,T25_C1_D100_3,T45_C0p5_D80_3|T25_C1_D100_0,T25_C2_D100_1,T35_C2_D80_3,T45_C0p5_D80_0|T25_C2_D100_3,T35_C2_D80_1,T35_C2_D80_2,T45_C0p5_D80_1|T25_C2_D80_2,T45_C1_D50_0,T45_C1_D50_3,baseline_0|T25_C2_D80_3,T35_C0p5_D80_0,T35_C1_D80_3,T45_C2_D50_0|T35_C0p5_D100_1,T35_C0p5_D100_3,T45_C0p5_D80_2,T45_C1_D80_2",T45_C0p5_D80_2,0.83707,0.7978463821013323,-0.039223617898667684,0.071054,0.07606692867142714,0.07055097069027982,True,240,,4.360998193675414e-07,250,UPPER_BOUND,,,-10
INTERVAL_RISK,high_temperature,8,"T25_C0p5_D100_0,T35_C0p5_D80_1,T35_C0p5_D80_3,T35_C1_D80_0|T25_C0p5_D100_1,T25_C2_D80_0,T35_C1_D80_2,T45_C2_D50_2|T25_C0p5_D100_3,T25_C1_D100_2,T25_C1_D100_3,T45_C0p5_D80_3|T25_C1_D100_0,T25_C2_D100_1,T35_C2_D80_3,T45_C0p5_D80_0|T25_C2_D100_3,T35_C2_D80_1,T35_C2_D80_2,T45_C0p5_D80_1|T25_C2_D80_2,T45_C1_D50_0,T45_C1_D50_3,baseline_0|T25_C2_D80_3,T35_C0p5_D80_0,T35_C1_D80_3,T45_C2_D50_0|T35_C0p5_D100_1,T35_C0p5_D100_3,T45_C0p5_D80_2,T45_C1_D80_2",T45_C1_D80_2,0.82299,0.7824058909459755,-0.04058410905402454,0.078139,0.0838822803562355,0.07350081721336976,True,166,,2.6332983027455015e-07,250,EXACT_BOTH_EVENTS,-54,-54,-54
INTERVAL_RISK,high_c_rate,1,"T25_C0p5_D100_0,T35_C0p5_D80_1,T35_C0p5_D80_3,T35_C1_D80_0|T25_C0p5_D100_1,T25_C2_D80_0,T35_C1_D80_2,T45_C2_D50_2|T25_C0p5_D100_3,T25_C1_D100_2,T25_C1_D100_3,T45_C0p5_D80_3|T25_C1_D100_0,T25_C2_D100_1,T35_C2_D80_3,T45_C0p5_D80_0|T25_C2_D100_3,T35_C2_D80_1,T35_C2_D80_2,T45_C0p5_D80_1|T25_C2_D80_2,T45_C1_D50_0,T45_C1_D50_3,baseline_0|T25_C2_D80_3,T35_C0p5_D80_0,T35_C1_D80_3,T45_C2_D50_0|T35_C0p5_D100_1,T35_C0p5_D100_3,T45_C0p5_D80_2,T45_C1_D80_2",T25_C0p5_D100_0,0.850573,0.8122039005268407,-0.03836909947315936,0.065518,0.07001922597876394,0.06870212733544867,False,250,250,4.883881983275273e-07,250,NOT_IDENTIFIABLE_BOTH_RIGHT_CENSORED,,,
INTERVAL_RISK,high_c_rate,1,"T25_C0p5_D100_0,T35_C0p5_D80_1,T35_C0p5_D80_3,T35_C1_D80_0|T25_C0p5_D100_1,T25_C2_D80_0,T35_C1_D80_2,T45_C2_D50_2|T25_C0p5_D100_3,T25_C1_D100_2,T25_C1_D100_3,T45_C0p5_D80_3|T25_C1_D100_0,T25_C2_D100_1,T35_C2_D80_3,T45_C0p5_D80_0|T25_C2_D100_3,T35_C2_D80_1,T35_C2_D80_2,T45_C0p5_D80_1|T25_C2_D80_2,T45_C1_D50_0,T45_C1_D50_3,baseline_0|T25_C2_D80_3,T35_C0p5_D80_0,T35_C1_D80_3,T45_C2_D50_0|T35_C0p5_D100_1,T35_C0p5_D100_3,T45_C0p5_D80_2,T45_C1_D80_2",T35_C0p5_D80_1,0.84933,0.8168040513586783,-0.032525948641321745,0.065492,0.06906801111025651,0.05460225844769617,False,250,250,4.913482913870837e-07,250,NOT_IDENTIFIABLE_BOTH_RIGHT_CENSORED,,,
INTERVAL_RISK,high_c_rate,1,"T25_C0p5_D100_0,T35_C0p5_D80_1,T35_C0p5_D80_3,T35_C1_D80_0|T25_C0p5_D100_1,T25_C2_D80_0,T35_C1_D80_2,T45_C2_D50_2|T25_C0p5_D100_3,T25_C1_D100_2,T25_C1_D100_3,T45_C0p5_D80_3|T25_C1_D100_0,T25_C2_D100_1,T35_C2_D80_3,T45_C0p5_D80_0|T25_C2_D100_3,T35_C2_D80_1,T35_C2_D80_2,T45_C0p5_D80_1|T25_C2_D80_2,T45_C1_D50_0,T45_C1_D50_3,baseline_0|T25_C2_D80_3,T35_C0p5_D80_0,T35_C1_D80_3,T45_C2_D50_0|T35_C0p5_D100_1,T35_C0p5_D100_3,T45_C0p5_D80_2,T45_C1_D80_2",T35_C0p5_D80_3,0.851754,0.8197518448748331,-0.03200215512516691,0.071187,0.07510142320558576,0.05498789393549042,False,250,250,3.909149639547138e-07,250,NOT_IDENTIFIABLE_BOTH_RIGHT_CENSORED,,,
INTERVAL_RISK,high_c_rate,1,"T25_C0p5_D100_0,T35_C0p5_D80_1,T35_C0p5_D80_3,T35_C1_D80_0|T25_C0p5_D100_1,T25_C2_D80_0,T35_C1_D80_2,T45_C2_D50_2|T25_C0p5_D100_3,T25_C1_D100_2,T25_C1_D100_3,T45_C0p5_D80_3|T25_C1_D100_0,T25_C2_D100_1,T35_C2_D80_3,T45_C0p5_D80_0|T25_C2_D100_3,T35_C2_D80_1,T35_C2_D80_2,T45_C0p5_D80_1|T25_C2_D80_2,T45_C1_D50_0,T45_C1_D50_3,baseline_0|T25_C2_D80_3,T35_C0p5_D80_0,T35_C1_D80_3,T45_C2_D50_0|T35_C0p5_D100_1,T35_C0p5_D100_3,T45_C0p5_D80_2,T45_C1_D80_2",T35_C1_D80_0,0.851232,0.8206460060141776,-0.0305859939858224,0.070145,0.07406313877106159,0.05585770576750426,False,250,250,2.761284127184016e-07,250,NOT_IDENTIFIABLE_BOTH_RIGHT_CENSORED,,,
INTERVAL_RISK,high_c_rate,2,"T25_C0p5_D100_0,T35_C0p5_D80_1,T35_C0p5_D80_3,T35_C1_D80_0|T25_C0p5_D100_1,T25_C2_D80_0,T35_C1_D80_2,T45_C2_D50_2|T25_C0p5_D100_3,T25_C1_D100_2,T25_C1_D100_3,T45_C0p5_D80_3|T25_C1_D100_0,T25_C2_D100_1,T35_C2_D80_3,T45_C0p5_D80_0|T25_C2_D100_3,T35_C2_D80_1,T35_C2_D80_2,T45_C0p5_D80_1|T25_C2_D80_2,T45_C1_D50_0,T45_C1_D50_3,baseline_0|T25_C2_D80_3,T35_C0p5_D80_0,T35_C1_D80_3,T45_C2_D50_0|T35_C0p5_D100_1,T35_C0p5_D100_3,T45_C0p5_D80_2,T45_C1_D80_2",T25_C0p5_D100_1,0.866921,0.8327499096544632,-0.03417109034553689,0.06209,0.06640502190940344,0.0694962459237145,False,250,250,4.094669221466063e-07,250,NOT_IDENTIFIABLE_BOTH_RIGHT_CENSORED,,,
INTERVAL_RISK,high_c_rate,2,"T25_C0p5_D100_0,T35_C0p5_D80_1,T35_C0p5_D80_3,T35_C1_D80_0|T25_C0p5_D100_1,T25_C2_D80_0,T35_C1_D80_2,T45_C2_D50_2|T25_C0p5_D100_3,T25_C1_D100_2,T25_C1_D100_3,T45_C0p5_D80_3|T25_C1_D100_0,T25_C2_D100_1,T35_C2_D80_3,T45_C0p5_D80_0|T25_C2_D100_3,T35_C2_D80_1,T35_C2_D80_2,T45_C0p5_D80_1|T25_C2_D80_2,T45_C1_D50_0,T45_C1_D50_3,baseline_0|T25_C2_D80_3,T35_C0p5_D80_0,T35_C1_D80_3,T45_C2_D50_0|T35_C0p5_D100_1,T35_C0p5_D100_3,T45_C0p5_D80_2,T45_C1_D80_2",T25_C2_D80_0,0.871697,0.8422799125525069,-0.029417087447493162,0.068863,0.07293295168307032,0.05910215475756675,False,250,250,4.2894993645958834e-07,250,NOT_IDENTIFIABLE_BOTH_RIGHT_CENSORED,,,
INTERVAL_RISK,high_c_rate,2,"T25_C0p5_D100_0,T35_C0p5_D80_1,T35_C0p5_D80_3,T35_C1_D80_0|T25_C0p5_D100_1,T25_C2_D80_0,T35_C1_D80_2,T45_C2_D50_2|T25_C0p5_D100_3,T25_C1_D100_2,T25_C1_D100_3,T45_C0p5_D80_3|T25_C1_D100_0,T25_C2_D100_1,T35_C2_D80_3,T45_C0p5_D80_0|T25_C2_D100_3,T35_C2_D80_1,T35_C2_D80_2,T45_C0p5_D80_1|T25_C2_D80_2,T45_C1_D50_0,T45_C1_D50_3,baseline_0|T25_C2_D80_3,T35_C0p5_D80_0,T35_C1_D80_3,T45_C2_D50_0|T35_C0p5_D100_1,T35_C0p5_D100_3,T45_C0p5_D80_2,T45_C1_D80_2",T35_C1_D80_2,0.862673,0.8344390631496732,-0.028233936850326824,0.069078,0.07301077886851748,0.05693243678910043,False,250,250,4.708089995641984e-07,250,NOT_IDENTIFIABLE_BOTH_RIGHT_CENSORED,,,
INTERVAL_RISK,high_c_rate,2,"T25_C0p5_D100_0,T35_C0p5_D80_1,T35_C0p5_D80_3,T35_C1_D80_0|T25_C0p5_D100_1,T25_C2_D80_0,T35_C1_D80_2,T45_C2_D50_2|T25_C0p5_D100_3,T25_C1_D100_2,T25_C1_D100_3,T45_C0p5_D80_3|T25_C1_D100_0,T25_C2_D100_1,T35_C2_D80_3,T45_C0p5_D80_0|T25_C2_D100_3,T35_C2_D80_1,T35_C2_D80_2,T45_C0p5_D80_1|T25_C2_D80_2,T45_C1_D50_0,T45_C1_D50_3,baseline_0|T25_C2_D80_3,T35_C0p5_D80_0,T35_C1_D80_3,T45_C2_D50_0|T35_C0p5_D100_1,T35_C0p5_D100_3,T45_C0p5_D80_2,T45_C1_D80_2",T45_C2_D50_2,0.861061,0.8355409320919696,-0.025520067908030408,0.067451,0.07073593367739463,0.048701037455258334,False,250,250,4.973189149382051e-07,250,NOT_IDENTIFIABLE_BOTH_RIGHT_CENSORED,,,
INTERVAL_RISK,high_c_rate,3,"T25_C0p5_D100_0,T35_C0p5_D80_1,T35_C0p5_D80_3,T35_C1_D80_0|T25_C0p5_D100_1,T25_C2_D80_0,T35_C1_D80_2,T45_C2_D50_2|T25_C0p5_D100_3,T25_C1_D100_2,T25_C1_D100_3,T45_C0p5_D80_3|T25_C1_D100_0,T25_C2_D100_1,T35_C2_D80_3,T45_C0p5_D80_0|T25_C2_D100_3,T35_C2_D80_1,T35_C2_D80_2,T45_C0p5_D80_1|T25_C2_D80_2,T45_C1_D50_0,T45_C1_D50_3,baseline_0|T25_C2_D80_3,T35_C0p5_D80_0,T35_C1_D80_3,T45_C2_D50_0|T35_C0p5_D100_1,T35_C0p5_D100_3,T45_C0p5_D80_2,T45_C1_D80_2",T25_C0p5_D100_3,0.857587,0.8210190651853456,-0.03656793481465437,0.066435,0.07093407120082003,0.06772139987687265,False,250,250,2.818569442980534e-07,250,NOT_IDENTIFIABLE_BOTH_RIGHT_CENSORED,,,
INTERVAL_RISK,high_c_rate,3,"T25_C0p5_D100_0,T35_C0p5_D80_1,T35_C0p5_D80_3,T35_C1_D80_0|T25_C0p5_D100_1,T25_C2_D80_0,T35_C1_D80_2,T45_C2_D50_2|T25_C0p5_D100_3,T25_C1_D100_2,T25_C1_D100_3,T45_C0p5_D80_3|T25_C1_D100_0,T25_C2_D100_1,T35_C2_D80_3,T45_C0p5_D80_0|T25_C2_D100_3,T35_C2_D80_1,T35_C2_D80_2,T45_C0p5_D80_1|T25_C2_D80_2,T45_C1_D50_0,T45_C1_D50_3,baseline_0|T25_C2_D80_3,T35_C0p5_D80_0,T35_C1_D80_3,T45_C2_D50_0|T35_C0p5_D100_1,T35_C0p5_D100_3,T45_C0p5_D80_2,T45_C1_D80_2",T25_C1_D100_2,0.842036,0.8034064440915895,-0.03862955590841055,0.063371,0.06744683615524533,0.06431705599162596,False,250,250,3.898323444051499e-07,250,NOT_IDENTIFIABLE_BOTH_RIGHT_CENSORED,,,
INTERVAL_RISK,high_c_rate,3,"T25_C0p5_D100_0,T35_C0p5_D80_1,T35_C0p5_D80_3,T35_C1_D80_0|T25_C0p5_D100_1,T25_C2_D80_0,T35_C1_D80_2,T45_C2_D50_2|T25_C0p5_D100_3,T25_C1_D100_2,T25_C1_D100_3,T45_C0p5_D80_3|T25_C1_D100_0,T25_C2_D100_1,T35_C2_D80_3,T45_C0p5_D80_0|T25_C2_D100_3,T35_C2_D80_1,T35_C2_D80_2,T45_C0p5_D80_1|T25_C2_D80_2,T45_C1_D50_0,T45_C1_D50_3,baseline_0|T25_C2_D80_3,T35_C0p5_D80_0,T35_C1_D80_3,T45_C2_D50_0|T35_C0p5_D100_1,T35_C0p5_D100_3,T45_C0p5_D80_2,T45_C1_D80_2",T25_C1_D100_3,0.848021,0.8108547956639824,-0.03716620433601758,0.067475,0.07170437310006049,0.06268059429507966,False,250,250,3.7176412992501184e-07,250,NOT_IDENTIFIABLE_BOTH_RIGHT_CENSORED,,,
INTERVAL_RISK,high_c_rate,3,"T25_C0p5_D100_0,T35_C0p5_D80_1,T35_C0p5_D80_3,T35_C1_D80_0|T25_C0p5_D100_1,T25_C2_D80_0,T35_C1_D80_2,T45_C2_D50_2|T25_C0p5_D100_3,T25_C1_D100_2,T25_C1_D100_3,T45_C0p5_D80_3|T25_C1_D100_0,T25_C2_D100_1,T35_C2_D80_3,T45_C0p5_D80_0|T25_C2_D100_3,T35_C2_D80_1,T35_C2_D80_2,T45_C0p5_D80_1|T25_C2_D80_2,T45_C1_D50_0,T45_C1_D50_3,baseline_0|T25_C2_D80_3,T35_C0p5_D80_0,T35_C1_D80_3,T45_C2_D50_0|T35_C0p5_D100_1,T35_C0p5_D100_3,T45_C0p5_D80_2,T45_C1_D80_2",T45_C0p5_D80_3,0.845528,0.8182259115132535,-0.027302088486746423,0.072777,0.07642079432952219,0.05006793807826915,False,250,250,4.2887142287506563e-07,250,NOT_IDENTIFIABLE_BOTH_RIGHT_CENSORED,,,
INTERVAL_RISK,high_c_rate,4,"T25_C0p5_D100_0,T35_C0p5_D80_1,T35_C0p5_D80_3,T35_C1_D80_0|T25_C0p5_D100_1,T25_C2_D80_0,T35_C1_D80_2,T45_C2_D50_2|T25_C0p5_D100_3,T25_C1_D100_2,T25_C1_D100_3,T45_C0p5_D80_3|T25_C1_D100_0,T25_C2_D100_1,T35_C2_D80_3,T45_C0p5_D80_0|T25_C2_D100_3,T35_C2_D80_1,T35_C2_D80_2,T45_C0p5_D80_1|T25_C2_D80_2,T45_C1_D50_0,T45_C1_D50_3,baseline_0|T25_C2_D80_3,T35_C0p5_D80_0,T35_C1_D80_3,T45_C2_D50_0|T35_C0p5_D100_1,T35_C0p5_D100_3,T45_C0p5_D80_2,T45_C1_D80_2",T25_C1_D100_0,0.842553,0.8040499348531294,-0.03850306514687063,0.072664,0.07762622961885617,0.06829006961984141,False,250,250,9.450255833431953e-08,250,NOT_IDENTIFIABLE_BOTH_RIGHT_CENSORED,,,
INTERVAL_RISK,high_c_rate,4,"T25_C0p5_D100_0,T35_C0p5_D80_1,T35_C0p5_D80_3,T35_C1_D80_0|T25_C0p5_D100_1,T25_C2_D80_0,T35_C1_D80_2,T45_C2_D50_2|T25_C0p5_D100_3,T25_C1_D100_2,T25_C1_D100_3,T45_C0p5_D80_3|T25_C1_D100_0,T25_C2_D100_1,T35_C2_D80_3,T45_C0p5_D80_0|T25_C2_D100_3,T35_C2_D80_1,T35_C2_D80_2,T45_C0p5_D80_1|T25_C2_D80_2,T45_C1_D50_0,T45_C1_D50_3,baseline_0|T25_C2_D80_3,T35_C0p5_D80_0,T35_C1_D80_3,T45_C2_D50_0|T35_C0p5_D100_1,T35_C0p5_D100_3,T45_C0p5_D80_2,T45_C1_D80_2",T25_C2_D100_1,0.831875,0.794335363440508,-0.037539636559491996,0.074772,0.07934470951699571,0.06115537255918935,True,211,,4.748434906387544e-07,250,EXACT_BOTH_EVENTS,-21,-21,-21
INTERVAL_RISK,high_c_rate,4,"T25_C0p5_D100_0,T35_C0p5_D80_1,T35_C0p5_D80_3,T35_C1_D80_0|T25_C0p5_D100_1,T25_C2_D80_0,T35_C1_D80_2,T45_C2_D50_2|T25_C0p5_D100_3,T25_C1_D100_2,T25_C1_D100_3,T45_C0p5_D80_3|T25_C1_D100_0,T25_C2_D100_1,T35_C2_D80_3,T45_C0p5_D80_0|T25_C2_D100_3,T35_C2_D80_1,T35_C2_D80_2,T45_C0p5_D80_1|T25_C2_D80_2,T45_C1_D50_0,T45_C1_D50_3,baseline_0|T25_C2_D80_3,T35_C0p5_D80_0,T35_C1_D80_3,T45_C2_D50_0|T35_C0p5_D100_1,T35_C0p5_D100_3,T45_C0p5_D80_2,T45_C1_D80_2",T35_C2_D80_3,0.836386,0.8056727701206199,-0.030713229879380077,0.064384,0.06780671551605168,0.053160964153387225,False,250,250,4.467314758394014e-07,250,NOT_IDENTIFIABLE_BOTH_RIGHT_CENSORED,,,
INTERVAL_RISK,high_c_rate,4,"T25_C0p5_D100_0,T35_C0p5_D80_1,T35_C0p5_D80_3,T35_C1_D80_0|T25_C0p5_D100_1,T25_C2_D80_0,T35_C1_D80_2,T45_C2_D50_2|T25_C0p5_D100_3,T25_C1_D100_2,T25_C1_D100_3,T45_C0p5_D80_3|T25_C1_D100_0,T25_C2_D100_1,T35_C2_D80_3,T45_C0p5_D80_0|T25_C2_D100_3,T35_C2_D80_1,T35_C2_D80_2,T45_C0p5_D80_1|T25_C2_D80_2,T45_C1_D50_0,T45_C1_D50_3,baseline_0|T25_C2_D80_3,T35_C0p5_D80_0,T35_C1_D80_3,T45_C2_D50_0|T35_C0p5_D100_1,T35_C0p5_D100_3,T45_C0p5_D80_2,T45_C1_D80_2",T45_C0p5_D80_0,0.829688,0.7995866140114126,-0.03010138598858736,0.075365,0.07923510650174319,0.051351509344433,True,248,,2.7874241781411513e-07,250,UPPER_BOUND,,,-2
INTERVAL_RISK,high_c_rate,5,"T25_C0p5_D100_0,T35_C0p5_D80_1,T35_C0p5_D80_3,T35_C1_D80_0|T25_C0p5_D100_1,T25_C2_D80_0,T35_C1_D80_2,T45_C2_D50_2|T25_C0p5_D100_3,T25_C1_D100_2,T25_C1_D100_3,T45_C0p5_D80_3|T25_C1_D100_0,T25_C2_D100_1,T35_C2_D80_3,T45_C0p5_D80_0|T25_C2_D100_3,T35_C2_D80_1,T35_C2_D80_2,T45_C0p5_D80_1|T25_C2_D80_2,T45_C1_D50_0,T45_C1_D50_3,baseline_0|T25_C2_D80_3,T35_C0p5_D80_0,T35_C1_D80_3,T45_C2_D50_0|T35_C0p5_D100_1,T35_C0p5_D100_3,T45_C0p5_D80_2,T45_C1_D80_2",T25_C2_D100_3,0.842485,0.8073149070389759,-0.035170092961024135,0.067667,0.07215533900737255,0.06632980636606534,False,250,250,1.7511018057803085e-07,250,NOT_IDENTIFIABLE_BOTH_RIGHT_CENSORED,,,
INTERVAL_RISK,high_c_rate,5,"T25_C0p5_D100_0,T35_C0p5_D80_1,T35_C0p5_D80_3,T35_C1_D80_0|T25_C0p5_D100_1,T25_C2_D80_0,T35_C1_D80_2,T45_C2_D50_2|T25_C0p5_D100_3,T25_C1_D100_2,T25_C1_D100_3,T45_C0p5_D80_3|T25_C1_D100_0,T25_C2_D100_1,T35_C2_D80_3,T45_C0p5_D80_0|T25_C2_D100_3,T35_C2_D80_1,T35_C2_D80_2,T45_C0p5_D80_1|T25_C2_D80_2,T45_C1_D50_0,T45_C1_D50_3,baseline_0|T25_C2_D80_3,T35_C0p5_D80_0,T35_C1_D80_3,T45_C2_D50_0|T35_C0p5_D100_1,T35_C0p5_D100_3,T45_C0p5_D80_2,T45_C1_D80_2",T35_C2_D80_1,0.847767,0.8191904543323318,-0.028576545667668207,0.073509,0.07744336867249164,0.0535222717285182,False,250,250,4.907638163631489e-07,250,NOT_IDENTIFIABLE_BOTH_RIGHT_CENSORED,,,
INTERVAL_RISK,high_c_rate,5,"T25_C0p5_D100_0,T35_C0p5_D80_1,T35_C0p5_D80_3,T35_C1_D80_0|T25_C0p5_D100_1,T25_C2_D80_0,T35_C1_D80_2,T45_C2_D50_2|T25_C0p5_D100_3,T25_C1_D100_2,T25_C1_D100_3,T45_C0p5_D80_3|T25_C1_D100_0,T25_C2_D100_1,T35_C2_D80_3,T45_C0p5_D80_0|T25_C2_D100_3,T35_C2_D80_1,T35_C2_D80_2,T45_C0p5_D80_1|T25_C2_D80_2,T45_C1_D50_0,T45_C1_D50_3,baseline_0|T25_C2_D80_3,T35_C0p5_D80_0,T35_C1_D80_3,T45_C2_D50_0|T35_C0p5_D100_1,T35_C0p5_D100_3,T45_C0p5_D80_2,T45_C1_D80_2",T35_C2_D80_2,0.841101,0.8112730244028006,-0.029827975597199408,0.06523,0.06876708811408191,0.05422486760818512,False,250,250,4.1347933514568336e-07,250,NOT_IDENTIFIABLE_BOTH_RIGHT_CENSORED,,,
INTERVAL_RISK,high_c_rate,5,"T25_C0p5_D100_0,T35_C0p5_D80_1,T35_C0p5_D80_3,T35_C1_D80_0|T25_C0p5_D100_1,T25_C2_D80_0,T35_C1_D80_2,T45_C2_D50_2|T25_C0p5_D100_3,T25_C1_D100_2,T25_C1_D100_3,T45_C0p5_D80_3|T25_C1_D100_0,T25_C2_D100_1,T35_C2_D80_3,T45_C0p5_D80_0|T25_C2_D100_3,T35_C2_D80_1,T35_C2_D80_2,T45_C0p5_D80_1|T25_C2_D80_2,T45_C1_D50_0,T45_C1_D50_3,baseline_0|T25_C2_D80_3,T35_C0p5_D80_0,T35_C1_D80_3,T45_C2_D50_0|T35_C0p5_D100_1,T35_C0p5_D100_3,T45_C0p5_D80_2,T45_C1_D80_2",T45_C0p5_D80_1,0.836686,0.8078212123071136,-0.028864787692886473,0.07014,0.07374840334574728,0.05144572776942247,False,250,250,2.728866044521272e-07,250,NOT_IDENTIFIABLE_BOTH_RIGHT_CENSORED,,,
INTERVAL_RISK,high_c_rate,6,"T25_C0p5_D100_0,T35_C0p5_D80_1,T35_C0p5_D80_3,T35_C1_D80_0|T25_C0p5_D100_1,T25_C2_D80_0,T35_C1_D80_2,T45_C2_D50_2|T25_C0p5_D100_3,T25_C1_D100_2,T25_C1_D100_3,T45_C0p5_D80_3|T25_C1_D100_0,T25_C2_D100_1,T35_C2_D80_3,T45_C0p5_D80_0|T25_C2_D100_3,T35_C2_D80_1,T35_C2_D80_2,T45_C0p5_D80_1|T25_C2_D80_2,T45_C1_D50_0,T45_C1_D50_3,baseline_0|T25_C2_D80_3,T35_C0p5_D80_0,T35_C1_D80_3,T45_C2_D50_0|T35_C0p5_D100_1,T35_C0p5_D100_3,T45_C0p5_D80_2,T45_C1_D80_2",T25_C2_D80_2,0.876692,0.8484204296296933,-0.028271570370306698,0.069622,0.07355471783115322,0.05648671154452933,False,250,250,4.451580479097883e-07,250,NOT_IDENTIFIABLE_BOTH_RIGHT_CENSORED,,,
INTERVAL_RISK,high_c_rate,6,"T25_C0p5_D100_0,T35_C0p5_D80_1,T35_C0p5_D80_3,T35_C1_D80_0|T25_C0p5_D100_1,T25_C2_D80_0,T35_C1_D80_2,T45_C2_D50_2|T25_C0p5_D100_3,T25_C1_D100_2,T25_C1_D100_3,T45_C0p5_D80_3|T25_C1_D100_0,T25_C2_D100_1,T35_C2_D80_3,T45_C0p5_D80_0|T25_C2_D100_3,T35_C2_D80_1,T35_C2_D80_2,T45_C0p5_D80_1|T25_C2_D80_2,T45_C1_D50_0,T45_C1_D50_3,baseline_0|T25_C2_D80_3,T35_C0p5_D80_0,T35_C1_D80_3,T45_C2_D50_0|T35_C0p5_D100_1,T35_C0p5_D100_3,T45_C0p5_D80_2,T45_C1_D80_2",T45_C1_D50_0,0.877667,0.8530569003704791,-0.024610099629520876,0.065484,0.0684452755101444,0.045221359570954744,False,250,250,2.416749176337163e-07,250,NOT_IDENTIFIABLE_BOTH_RIGHT_CENSORED,,,
INTERVAL_RISK,high_c_rate,6,"T25_C0p5_D100_0,T35_C0p5_D80_1,T35_C0p5_D80_3,T35_C1_D80_0|T25_C0p5_D100_1,T25_C2_D80_0,T35_C1_D80_2,T45_C2_D50_2|T25_C0p5_D100_3,T25_C1_D100_2,T25_C1_D100_3,T45_C0p5_D80_3|T25_C1_D100_0,T25_C2_D100_1,T35_C2_D80_3,T45_C0p5_D80_0|T25_C2_D100_3,T35_C2_D80_1,T35_C2_D80_2,T45_C0p5_D80_1|T25_C2_D80_2,T45_C1_D50_0,T45_C1_D50_3,baseline_0|T25_C2_D80_3,T35_C0p5_D80_0,T35_C1_D80_3,T45_C2_D50_0|T35_C0p5_D100_1,T35_C0p5_D100_3,T45_C0p5_D80_2,T45_C1_D80_2",T45_C1_D50_3,0.867232,0.8405229184265454,-0.02670908157345464,0.067674,0.07092498870051418,0.048038961794990565,False,250,250,4.789209711031361e-07,250,NOT_IDENTIFIABLE_BOTH_RIGHT_CENSORED,,,
INTERVAL_RISK,high_c_rate,6,"T25_C0p5_D100_0,T35_C0p5_D80_1,T35_C0p5_D80_3,T35_C1_D80_0|T25_C0p5_D100_1,T25_C2_D80_0,T35_C1_D80_2,T45_C2_D50_2|T25_C0p5_D100_3,T25_C1_D100_2,T25_C1_D100_3,T45_C0p5_D80_3|T25_C1_D100_0,T25_C2_D100_1,T35_C2_D80_3,T45_C0p5_D80_0|T25_C2_D100_3,T35_C2_D80_1,T35_C2_D80_2,T45_C0p5_D80_1|T25_C2_D80_2,T45_C1_D50_0,T45_C1_D50_3,baseline_0|T25_C2_D80_3,T35_C0p5_D80_0,T35_C1_D80_3,T45_C2_D50_0|T35_C0p5_D100_1,T35_C0p5_D100_3,T45_C0p5_D80_2,T45_C1_D80_2",baseline_0,0.872401,0.8403592568175728,-0.03204174318242714,0.063519,0.06701251457833814,0.05499952106201489,False,250,250,1.1727126070226745e-07,250,NOT_IDENTIFIABLE_BOTH_RIGHT_CENSORED,,,
INTERVAL_RISK,high_c_rate,7,"T25_C0p5_D100_0,T35_C0p5_D80_1,T35_C0p5_D80_3,T35_C1_D80_0|T25_C0p5_D100_1,T25_C2_D80_0,T35_C1_D80_2,T45_C2_D50_2|T25_C0p5_D100_3,T25_C1_D100_2,T25_C1_D100_3,T45_C0p5_D80_3|T25_C1_D100_0,T25_C2_D100_1,T35_C2_D80_3,T45_C0p5_D80_0|T25_C2_D100_3,T35_C2_D80_1,T35_C2_D80_2,T45_C0p5_D80_1|T25_C2_D80_2,T45_C1_D50_0,T45_C1_D50_3,baseline_0|T25_C2_D80_3,T35_C0p5_D80_0,T35_C1_D80_3,T45_C2_D50_0|T35_C0p5_D100_1,T35_C0p5_D100_3,T45_C0p5_D80_2,T45_C1_D80_2",T25_C2_D80_3,0.867921,0.8376386026893727,-0.030282397310627318,0.064019,0.06760725647925071,0.056049867683823695,False,250,250,4.446313380812583e-07,250,NOT_IDENTIFIABLE_BOTH_RIGHT_CENSORED,,,
INTERVAL_RISK,high_c_rate,7,"T25_C0p5_D100_0,T35_C0p5_D80_1,T35_C0p5_D80_3,T35_C1_D80_0|T25_C0p5_D100_1,T25_C2_D80_0,T35_C1_D80_2,T45_C2_D50_2|T25_C0p5_D100_3,T25_C1_D100_2,T25_C1_D100_3,T45_C0p5_D80_3|T25_C1_D100_0,T25_C2_D100_1,T35_C2_D80_3,T45_C0p5_D80_0|T25_C2_D100_3,T35_C2_D80_1,T35_C2_D80_2,T45_C0p5_D80_1|T25_C2_D80_2,T45_C1_D50_0,T45_C1_D50_3,baseline_0|T25_C2_D80_3,T35_C0p5_D80_0,T35_C1_D80_3,T45_C2_D50_0|T35_C0p5_D100_1,T35_C0p5_D100_3,T45_C0p5_D80_2,T45_C1_D80_2",T35_C0p5_D80_0,0.870125,0.8420877982645598,-0.02803720173544022,0.063242,0.06669846431044782,0.05465456991315598,False,250,250,4.504492471246735e-07,250,NOT_IDENTIFIABLE_BOTH_RIGHT_CENSORED,,,
INTERVAL_RISK,high_c_rate,7,"T25_C0p5_D100_0,T35_C0p5_D80_1,T35_C0p5_D80_3,T35_C1_D80_0|T25_C0p5_D100_1,T25_C2_D80_0,T35_C1_D80_2,T45_C2_D50_2|T25_C0p5_D100_3,T25_C1_D100_2,T25_C1_D100_3,T45_C0p5_D80_3|T25_C1_D100_0,T25_C2_D100_1,T35_C2_D80_3,T45_C0p5_D80_0|T25_C2_D100_3,T35_C2_D80_1,T35_C2_D80_2,T45_C0p5_D80_1|T25_C2_D80_2,T45_C1_D50_0,T45_C1_D50_3,baseline_0|T25_C2_D80_3,T35_C0p5_D80_0,T35_C1_D80_3,T45_C2_D50_0|T35_C0p5_D100_1,T35_C0p5_D100_3,T45_C0p5_D80_2,T45_C1_D80_2",T35_C1_D80_3,0.864889,0.8371113017069034,-0.02777769829309662,0.064453,0.06771209092652954,0.05056538759296769,False,250,250,3.1464258433422376e-07,250,NOT_IDENTIFIABLE_BOTH_RIGHT_CENSORED,,,
INTERVAL_RISK,high_c_rate,7,"T25_C0p5_D100_0,T35_C0p5_D80_1,T35_C0p5_D80_3,T35_C1_D80_0|T25_C0p5_D100_1,T25_C2_D80_0,T35_C1_D80_2,T45_C2_D50_2|T25_C0p5_D100_3,T25_C1_D100_2,T25_C1_D100_3,T45_C0p5_D80_3|T25_C1_D100_0,T25_C2_D100_1,T35_C2_D80_3,T45_C0p5_D80_0|T25_C2_D100_3,T35_C2_D80_1,T35_C2_D80_2,T45_C0p5_D80_1|T25_C2_D80_2,T45_C1_D50_0,T45_C1_D50_3,baseline_0|T25_C2_D80_3,T35_C0p5_D80_0,T35_C1_D80_3,T45_C2_D50_0|T35_C0p5_D100_1,T35_C0p5_D100_3,T45_C0p5_D80_2,T45_C1_D80_2",T45_C2_D50_0,0.86233,0.8370431553165145,-0.02528684468348552,0.062486,0.06524535443823931,0.04415956275388577,False,250,250,4.5983813745653634e-07,250,NOT_IDENTIFIABLE_BOTH_RIGHT_CENSORED,,,
INTERVAL_RISK,high_c_rate,8,"T25_C0p5_D100_0,T35_C0p5_D80_1,T35_C0p5_D80_3,T35_C1_D80_0|T25_C0p5_D100_1,T25_C2_D80_0,T35_C1_D80_2,T45_C2_D50_2|T25_C0p5_D100_3,T25_C1_D100_2,T25_C1_D100_3,T45_C0p5_D80_3|T25_C1_D100_0,T25_C2_D100_1,T35_C2_D80_3,T45_C0p5_D80_0|T25_C2_D100_3,T35_C2_D80_1,T35_C2_D80_2,T45_C0p5_D80_1|T25_C2_D80_2,T45_C1_D50_0,T45_C1_D50_3,baseline_0|T25_C2_D80_3,T35_C0p5_D80_0,T35_C1_D80_3,T45_C2_D50_0|T35_C0p5_D100_1,T35_C0p5_D100_3,T45_C0p5_D80_2,T45_C1_D80_2",T35_C0p5_D100_1,0.830039,0.7943081618938621,-0.03573083810613786,0.069771,0.07432590010802004,0.06528357208611091,True,209,,4.0182535106236816e-07,250,EXACT_BOTH_EVENTS,-21,-21,-21
INTERVAL_RISK,high_c_rate,8,"T25_C0p5_D100_0,T35_C0p5_D80_1,T35_C0p5_D80_3,T35_C1_D80_0|T25_C0p5_D100_1,T25_C2_D80_0,T35_C1_D80_2,T45_C2_D50_2|T25_C0p5_D100_3,T25_C1_D100_2,T25_C1_D100_3,T45_C0p5_D80_3|T25_C1_D100_0,T25_C2_D100_1,T35_C2_D80_3,T45_C0p5_D80_0|T25_C2_D100_3,T35_C2_D80_1,T35_C2_D80_2,T45_C0p5_D80_1|T25_C2_D80_2,T45_C1_D50_0,T45_C1_D50_3,baseline_0|T25_C2_D80_3,T35_C0p5_D80_0,T35_C1_D80_3,T45_C2_D50_0|T35_C0p5_D100_1,T35_C0p5_D100_3,T45_C0p5_D80_2,T45_C1_D80_2",T35_C0p5_D100_3,0.838618,0.8046912908987918,-0.03392670910120821,0.076488,0.08147759278886416,0.06523366788076768,False,250,250,3.8000797338011427e-07,250,NOT_IDENTIFIABLE_BOTH_RIGHT_CENSORED,,,
INTERVAL_RISK,high_c_rate,8,"T25_C0p5_D100_0,T35_C0p5_D80_1,T35_C0p5_D80_3,T35_C1_D80_0|T25_C0p5_D100_1,T25_C2_D80_0,T35_C1_D80_2,T45_C2_D50_2|T25_C0p5_D100_3,T25_C1_D100_2,T25_C1_D100_3,T45_C0p5_D80_3|T25_C1_D100_0,T25_C2_D100_1,T35_C2_D80_3,T45_C0p5_D80_0|T25_C2_D100_3,T35_C2_D80_1,T35_C2_D80_2,T45_C0p5_D80_1|T25_C2_D80_2,T45_C1_D50_0,T45_C1_D50_3,baseline_0|T25_C2_D80_3,T35_C0p5_D80_0,T35_C1_D80_3,T45_C2_D50_0|T35_C0p5_D100_1,T35_C0p5_D100_3,T45_C0p5_D80_2,T45_C1_D80_2",T45_C0p5_D80_2,0.83707,0.8082736715654406,-0.02879632843455937,0.071054,0.0747342843309488,0.05179559674260115,False,250,250,4.360998193675414e-07,250,NOT_IDENTIFIABLE_BOTH_RIGHT_CENSORED,,,
INTERVAL_RISK,high_c_rate,8,"T25_C0p5_D100_0,T35_C0p5_D80_1,T35_C0p5_D80_3,T35_C1_D80_0|T25_C0p5_D100_1,T25_C2_D80_0,T35_C1_D80_2,T45_C2_D50_2|T25_C0p5_D100_3,T25_C1_D100_2,T25_C1_D100_3,T45_C0p5_D80_3|T25_C1_D100_0,T25_C2_D100_1,T35_C2_D80_3,T45_C0p5_D80_0|T25_C2_D100_3,T35_C2_D80_1,T35_C2_D80_2,T45_C0p5_D80_1|T25_C2_D80_2,T45_C1_D50_0,T45_C1_D50_3,baseline_0|T25_C2_D80_3,T35_C0p5_D80_0,T35_C1_D80_3,T45_C2_D50_0|T35_C0p5_D100_1,T35_C0p5_D100_3,T45_C0p5_D80_2,T45_C1_D80_2",T45_C1_D80_2,0.82299,0.793194838454236,-0.029795161545764004,0.078139,0.08235547059487892,0.05396115377569366,True,206,,2.6332983027455015e-07,250,EXACT_BOTH_EVENTS,-14,-14,-14
INTERVAL_RISK,high_dod,1,"T25_C0p5_D100_0,T35_C0p5_D80_1,T35_C0p5_D80_3,T35_C1_D80_0|T25_C0p5_D100_1,T25_C2_D80_0,T35_C1_D80_2,T45_C2_D50_2|T25_C0p5_D100_3,T25_C1_D100_2,T25_C1_D100_3,T45_C0p5_D80_3|T25_C1_D100_0,T25_C2_D100_1,T35_C2_D80_3,T45_C0p5_D80_0|T25_C2_D100_3,T35_C2_D80_1,T35_C2_D80_2,T45_C0p5_D80_1|T25_C2_D80_2,T45_C1_D50_0,T45_C1_D50_3,baseline_0|T25_C2_D80_3,T35_C0p5_D80_0,T35_C1_D80_3,T45_C2_D50_0|T35_C0p5_D100_1,T35_C0p5_D100_3,T45_C0p5_D80_2,T45_C1_D80_2",T25_C0p5_D100_0,0.850573,0.8036202187408366,-0.04695278125916347,0.065518,0.07102622451793589,0.08407192707249722,False,250,250,4.883881983275273e-07,250,NOT_IDENTIFIABLE_BOTH_RIGHT_CENSORED,,,
INTERVAL_RISK,high_dod,1,"T25_C0p5_D100_0,T35_C0p5_D80_1,T35_C0p5_D80_3,T35_C1_D80_0|T25_C0p5_D100_1,T25_C2_D80_0,T35_C1_D80_2,T45_C2_D50_2|T25_C0p5_D100_3,T25_C1_D100_2,T25_C1_D100_3,T45_C0p5_D80_3|T25_C1_D100_0,T25_C2_D100_1,T35_C2_D80_3,T45_C0p5_D80_0|T25_C2_D100_3,T35_C2_D80_1,T35_C2_D80_2,T45_C0p5_D80_1|T25_C2_D80_2,T45_C1_D50_0,T45_C1_D50_3,baseline_0|T25_C2_D80_3,T35_C0p5_D80_0,T35_C1_D80_3,T45_C2_D50_0|T35_C0p5_D100_1,T35_C0p5_D100_3,T45_C0p5_D80_2,T45_C1_D80_2",T35_C0p5_D80_1,0.84933,0.8070433803761621,-0.04228661962383795,0.065492,0.07014116722945184,0.07098832268753186,False,250,250,4.913482913870837e-07,250,NOT_IDENTIFIABLE_BOTH_RIGHT_CENSORED,,,
INTERVAL_RISK,high_dod,1,"T25_C0p5_D100_0,T35_C0p5_D80_1,T35_C0p5_D80_3,T35_C1_D80_0|T25_C0p5_D100_1,T25_C2_D80_0,T35_C1_D80_2,T45_C2_D50_2|T25_C0p5_D100_3,T25_C1_D100_2,T25_C1_D100_3,T45_C0p5_D80_3|T25_C1_D100_0,T25_C2_D100_1,T35_C2_D80_3,T45_C0p5_D80_0|T25_C2_D100_3,T35_C2_D80_1,T35_C2_D80_2,T45_C0p5_D80_1|T25_C2_D80_2,T45_C1_D50_0,T45_C1_D50_3,baseline_0|T25_C2_D80_3,T35_C0p5_D80_0,T35_C1_D80_3,T45_C2_D50_0|T35_C0p5_D100_1,T35_C0p5_D100_3,T45_C0p5_D80_2,T45_C1_D80_2",T35_C0p5_D80_3,0.851754,0.8101482321834471,-0.0416057678165529,0.071187,0.07627604853354322,0.07148845341906851,False,250,250,3.909149639547138e-07,250,NOT_IDENTIFIABLE_BOTH_RIGHT_CENSORED,,,
INTERVAL_RISK,high_dod,1,"T25_C0p5_D100_0,T35_C0p5_D80_1,T35_C0p5_D80_3,T35_C1_D80_0|T25_C0p5_D100_1,T25_C2_D80_0,T35_C1_D80_2,T45_C2_D50_2|T25_C0p5_D100_3,T25_C1_D100_2,T25_C1_D100_3,T45_C0p5_D80_3|T25_C1_D100_0,T25_C2_D100_1,T35_C2_D80_3,T45_C0p5_D80_0|T25_C2_D100_3,T35_C2_D80_1,T35_C2_D80_2,T45_C0p5_D80_1|T25_C2_D80_2,T45_C1_D50_0,T45_C1_D50_3,baseline_0|T25_C2_D80_3,T35_C0p5_D80_0,T35_C1_D80_3,T45_C2_D50_0|T35_C0p5_D100_1,T35_C0p5_D100_3,T45_C0p5_D80_2,T45_C1_D80_2",T35_C1_D80_0,0.851232,0.8114674797574364,-0.039764520242563606,0.070145,0.07523901666947702,0.07262123700159706,False,250,250,2.761284127184016e-07,250,NOT_IDENTIFIABLE_BOTH_RIGHT_CENSORED,,,
INTERVAL_RISK,high_dod,2,"T25_C0p5_D100_0,T35_C0p5_D80_1,T35_C0p5_D80_3,T35_C1_D80_0|T25_C0p5_D100_1,T25_C2_D80_0,T35_C1_D80_2,T45_C2_D50_2|T25_C0p5_D100_3,T25_C1_D100_2,T25_C1_D100_3,T45_C0p5_D80_3|T25_C1_D100_0,T25_C2_D100_1,T35_C2_D80_3,T45_C0p5_D80_0|T25_C2_D100_3,T35_C2_D80_1,T35_C2_D80_2,T45_C0p5_D80_1|T25_C2_D80_2,T45_C1_D50_0,T45_C1_D50_3,baseline_0|T25_C2_D80_3,T35_C0p5_D80_0,T35_C1_D80_3,T45_C2_D50_0|T35_C0p5_D100_1,T35_C0p5_D100_3,T45_C0p5_D80_2,T45_C1_D80_2",T25_C0p5_D100_1,0.866921,0.8251053336582951,-0.04181566634170497,0.06209,0.06737031268429843,0.08504288426958317,False,250,250,4.094669221466063e-07,250,NOT_IDENTIFIABLE_BOTH_RIGHT_CENSORED,,,
INTERVAL_RISK,high_dod,2,"T25_C0p5_D100_0,T35_C0p5_D80_1,T35_C0p5_D80_3,T35_C1_D80_0|T25_C0p5_D100_1,T25_C2_D80_0,T35_C1_D80_2,T45_C2_D50_2|T25_C0p5_D100_3,T25_C1_D100_2,T25_C1_D100_3,T45_C0p5_D80_3|T25_C1_D100_0,T25_C2_D100_1,T35_C2_D80_3,T45_C0p5_D80_0|T25_C2_D100_3,T35_C2_D80_1,T35_C2_D80_2,T45_C0p5_D80_1|T25_C2_D80_2,T45_C1_D50_0,T45_C1_D50_3,baseline_0|T25_C2_D80_3,T35_C0p5_D80_0,T35_C1_D80_3,T45_C2_D50_0|T35_C0p5_D100_1,T35_C0p5_D100_3,T45_C0p5_D80_2,T45_C1_D80_2",T25_C2_D80_0,0.871697,0.8334521525364413,-0.03824484746355872,0.068863,0.07415429620708601,0.07683801471161611,False,250,250,4.2894993645958834e-07,250,NOT_IDENTIFIABLE_BOTH_RIGHT_CENSORED,,,
INTERVAL_RISK,high_dod,2,"T25_C0p5_D100_0,T35_C0p5_D80_1,T35_C0p5_D80_3,T35_C1_D80_0|T25_C0p5_D100_1,T25_C2_D80_0,T35_C1_D80_2,T45_C2_D50_2|T25_C0p5_D100_3,T25_C1_D100_2,T25_C1_D100_3,T45_C0p5_D80_3|T25_C1_D100_0,T25_C2_D100_1,T35_C2_D80_3,T45_C0p5_D80_0|T25_C2_D100_3,T35_C2_D80_1,T35_C2_D80_2,T45_C0p5_D80_1|T25_C2_D80_2,T45_C1_D50_0,T45_C1_D50_3,baseline_0|T25_C2_D80_3,T35_C0p5_D80_0,T35_C1_D80_3,T45_C2_D50_0|T35_C0p5_D100_1,T35_C0p5_D100_3,T45_C0p5_D80_2,T45_C1_D80_2",T35_C1_D80_2,0.862673,0.8259664031759482,-0.03670659682405186,0.069078,0.07419109366723671,0.07401913296905982,False,250,250,4.708089995641984e-07,250,NOT_IDENTIFIABLE_BOTH_RIGHT_CENSORED,,,
INTERVAL_RISK,high_dod,2,"T25_C0p5_D100_0,T35_C0p5_D80_1,T35_C0p5_D80_3,T35_C1_D80_0|T25_C0p5_D100_1,T25_C2_D80_0,T35_C1_D80_2,T45_C2_D50_2|T25_C0p5_D100_3,T25_C1_D100_2,T25_C1_D100_3,T45_C0p5_D80_3|T25_C1_D100_0,T25_C2_D100_1,T35_C2_D80_3,T45_C0p5_D80_0|T25_C2_D100_3,T35_C2_D80_1,T35_C2_D80_2,T45_C0p5_D80_1|T25_C2_D80_2,T45_C1_D50_0,T45_C1_D50_3,baseline_0|T25_C2_D80_3,T35_C0p5_D80_0,T35_C1_D80_3,T45_C2_D50_0|T35_C0p5_D100_1,T35_C0p5_D100_3,T45_C0p5_D80_2,T45_C1_D80_2",T45_C2_D50_2,0.861061,0.8301305264370649,-0.0309304735629351,0.067451,0.0714322520269885,0.05902435882327173,False,250,250,4.973189149382051e-07,250,NOT_IDENTIFIABLE_BOTH_RIGHT_CENSORED,,,
INTERVAL_RISK,high_dod,3,"T25_C0p5_D100_0,T35_C0p5_D80_1,T35_C0p5_D80_3,T35_C1_D80_0|T25_C0p5_D100_1,T25_C2_D80_0,T35_C1_D80_2,T45_C2_D50_2|T25_C0p5_D100_3,T25_C1_D100_2,T25_C1_D100_3,T45_C0p5_D80_3|T25_C1_D100_0,T25_C2_D100_1,T35_C2_D80_3,T45_C0p5_D80_0|T25_C2_D100_3,T35_C2_D80_1,T35_C2_D80_2,T45_C0p5_D80_1|T25_C2_D80_2,T45_C1_D50_0,T45_C1_D50_3,baseline_0|T25_C2_D80_3,T35_C0p5_D80_0,T35_C1_D80_3,T45_C2_D50_0|T35_C0p5_D100_1,T35_C0p5_D100_3,T45_C0p5_D80_2,T45_C1_D80_2",T25_C0p5_D100_3,0.857587,0.8128383021422341,-0.04474869785776592,0.066435,0.0719406434987595,0.0828726348876272,False,250,250,2.818569442980534e-07,250,NOT_IDENTIFIABLE_BOTH_RIGHT_CENSORED,,,
INTERVAL_RISK,high_dod,3,"T25_C0p5_D100_0,T35_C0p5_D80_1,T35_C0p5_D80_3,T35_C1_D80_0|T25_C0p5_D100_1,T25_C2_D80_0,T35_C1_D80_2,T45_C2_D50_2|T25_C0p5_D100_3,T25_C1_D100_2,T25_C1_D100_3,T45_C0p5_D80_3|T25_C1_D100_0,T25_C2_D100_1,T35_C2_D80_3,T45_C0p5_D80_0|T25_C2_D100_3,T35_C2_D80_1,T35_C2_D80_2,T45_C0p5_D80_1|T25_C2_D80_2,T45_C1_D50_0,T45_C1_D50_3,baseline_0|T25_C2_D80_3,T35_C0p5_D80_0,T35_C1_D80_3,T45_C2_D50_0|T35_C0p5_D100_1,T35_C0p5_D100_3,T45_C0p5_D80_2,T45_C1_D80_2",T25_C1_D100_2,0.842036,0.7947644691028775,-0.04727153089712255,0.063371,0.06835867040212906,0.07870588127264933,True,221,,3.898323444051499e-07,250,UPPER_BOUND,,,-29
INTERVAL_RISK,high_dod,3,"T25_C0p5_D100_0,T35_C0p5_D80_1,T35_C0p5_D80_3,T35_C1_D80_0|T25_C0p5_D100_1,T25_C2_D80_0,T35_C1_D80_2,T45_C2_D50_2|T25_C0p5_D100_3,T25_C1_D100_2,T25_C1_D100_3,T45_C0p5_D80_3|T25_C1_D100_0,T25_C2_D100_1,T35_C2_D80_3,T45_C0p5_D80_0|T25_C2_D100_3,T35_C2_D80_1,T35_C2_D80_2,T45_C0p5_D80_1|T25_C2_D80_2,T45_C1_D50_0,T45_C1_D50_3,baseline_0|T25_C2_D80_3,T35_C0p5_D80_0,T35_C1_D80_3,T45_C2_D50_0|T35_C0p5_D100_1,T35_C0p5_D100_3,T45_C0p5_D80_2,T45_C1_D80_2",T25_C1_D100_3,0.848021,0.8025402396880571,-0.045480760311942925,0.067475,0.07265061557015298,0.07670419518566862,False,250,250,3.7176412992501184e-07,250,NOT_IDENTIFIABLE_BOTH_RIGHT_CENSORED,,,
INTERVAL_RISK,high_dod,3,"T25_C0p5_D100_0,T35_C0p5_D80_1,T35_C0p5_D80_3,T35_C1_D80_0|T25_C0p5_D100_1,T25_C2_D80_0,T35_C1_D80_2,T45_C2_D50_2|T25_C0p5_D100_3,T25_C1_D100_2,T25_C1_D100_3,T45_C0p5_D80_3|T25_C1_D100_0,T25_C2_D100_1,T35_C2_D80_3,T45_C0p5_D80_0|T25_C2_D100_3,T35_C2_D80_1,T35_C2_D80_2,T45_C0p5_D80_1|T25_C2_D80_2,T45_C1_D50_0,T45_C1_D50_3,baseline_0|T25_C2_D80_3,T35_C0p5_D80_0,T35_C1_D80_3,T45_C2_D50_0|T35_C0p5_D100_1,T35_C0p5_D100_3,T45_C0p5_D80_2,T45_C1_D80_2",T45_C0p5_D80_3,0.845528,0.8100328925368337,-0.0354951074631662,0.072777,0.07751438998715889,0.06509460388802624,False,250,250,4.2887142287506563e-07,250,NOT_IDENTIFIABLE_BOTH_RIGHT_CENSORED,,,
INTERVAL_RISK,high_dod,4,"T25_C0p5_D100_0,T35_C0p5_D80_1,T35_C0p5_D80_3,T35_C1_D80_0|T25_C0p5_D100_1,T25_C2_D80_0,T35_C1_D80_2,T45_C2_D50_2|T25_C0p5_D100_3,T25_C1_D100_2,T25_C1_D100_3,T45_C0p5_D80_3|T25_C1_D100_0,T25_C2_D100_1,T35_C2_D80_3,T45_C0p5_D80_0|T25_C2_D100_3,T35_C2_D80_1,T35_C2_D80_2,T45_C0p5_D80_1|T25_C2_D80_2,T45_C1_D50_0,T45_C1_D50_3,baseline_0|T25_C2_D80_3,T35_C0p5_D80_0,T35_C1_D80_3,T45_C2_D50_0|T35_C0p5_D100_1,T35_C0p5_D100_3,T45_C0p5_D80_2,T45_C1_D80_2",T25_C1_D100_0,0.842553,0.795436246809231,-0.04711675319076902,0.072664,0.0787363414095459,0.08356739801753132,True,225,,9.450255833431953e-08,250,UPPER_BOUND,,,-25
INTERVAL_RISK,high_dod,4,"T25_C0p5_D100_0,T35_C0p5_D80_1,T35_C0p5_D80_3,T35_C1_D80_0|T25_C0p5_D100_1,T25_C2_D80_0,T35_C1_D80_2,T45_C2_D50_2|T25_C0p5_D100_3,T25_C1_D100_2,T25_C1_D100_3,T45_C0p5_D80_3|T25_C1_D100_0,T25_C2_D100_1,T35_C2_D80_3,T45_C0p5_D80_0|T25_C2_D100_3,T35_C2_D80_1,T35_C2_D80_2,T45_C0p5_D80_1|T25_C2_D80_2,T45_C1_D50_0,T45_C1_D50_3,baseline_0|T25_C2_D80_3,T35_C0p5_D80_0,T35_C1_D80_3,T45_C2_D50_0|T35_C0p5_D100_1,T35_C0p5_D100_3,T45_C0p5_D80_2,T45_C1_D80_2",T25_C2_D100_1,0.831875,0.7859372938100326,-0.0459377061899674,0.074772,0.08036759013531025,0.07483536798949131,True,170,,4.748434906387544e-07,250,EXACT_BOTH_EVENTS,-62,-62,-62
INTERVAL_RISK,high_dod,4,"T25_C0p5_D100_0,T35_C0p5_D80_1,T35_C0p5_D80_3,T35_C1_D80_0|T25_C0p5_D100_1,T25_C2_D80_0,T35_C1_D80_2,T45_C2_D50_2|T25_C0p5_D100_3,T25_C1_D100_2,T25_C1_D100_3,T45_C0p5_D80_3|T25_C1_D100_0,T25_C2_D100_1,T35_C2_D80_3,T45_C0p5_D80_0|T25_C2_D100_3,T35_C2_D80_1,T35_C2_D80_2,T45_C0p5_D80_1|T25_C2_D80_2,T45_C1_D50_0,T45_C1_D50_3,baseline_0|T25_C2_D80_3,T35_C0p5_D80_0,T35_C1_D80_3,T45_C2_D50_0|T35_C0p5_D100_1,T35_C0p5_D100_3,T45_C0p5_D80_2,T45_C1_D80_2",T35_C2_D80_3,0.836386,0.7964560710561193,-0.0399299289438807,0.064384,0.06883370482919453,0.06911196615920923,True,232,,4.467314758394014e-07,250,UPPER_BOUND,,,-18
INTERVAL_RISK,high_dod,4,"T25_C0p5_D100_0,T35_C0p5_D80_1,T35_C0p5_D80_3,T35_C1_D80_0|T25_C0p5_D100_1,T25_C2_D80_0,T35_C1_D80_2,T45_C2_D50_2|T25_C0p5_D100_3,T25_C1_D100_2,T25_C1_D100_3,T45_C0p5_D80_3|T25_C1_D100_0,T25_C2_D100_1,T35_C2_D80_3,T45_C0p5_D80_0|T25_C2_D100_3,T35_C2_D80_1,T35_C2_D80_2,T45_C0p5_D80_1|T25_C2_D80_2,T45_C1_D50_0,T45_C1_D50_3,baseline_0|T25_C2_D80_3,T35_C0p5_D80_0,T35_C1_D80_3,T45_C2_D50_0|T35_C0p5_D100_1,T35_C0p5_D100_3,T45_C0p5_D80_2,T45_C1_D80_2",T45_C0p5_D80_0,0.829688,0.7905534746448369,-0.03913452535516304,0.075365,0.08039654571572714,0.06676236602835717,True,200,,2.7874241781411513e-07,250,UPPER_BOUND,,,-50
INTERVAL_RISK,high_dod,5,"T25_C0p5_D100_0,T35_C0p5_D80_1,T35_C0p5_D80_3,T35_C1_D80_0|T25_C0p5_D100_1,T25_C2_D80_0,T35_C1_D80_2,T45_C2_D50_2|T25_C0p5_D100_3,T25_C1_D100_2,T25_C1_D100_3,T45_C0p5_D80_3|T25_C1_D100_0,T25_C2_D100_1,T35_C2_D80_3,T45_C0p5_D80_0|T25_C2_D100_3,T35_C2_D80_1,T35_C2_D80_2,T45_C0p5_D80_1|T25_C2_D80_2,T45_C1_D50_0,T45_C1_D50_3,baseline_0|T25_C2_D80_3,T35_C0p5_D80_0,T35_C1_D80_3,T45_C2_D50_0|T35_C0p5_D100_1,T35_C0p5_D100_3,T45_C0p5_D80_2,T45_C1_D80_2",T25_C2_D100_3,0.842485,0.7994468415586315,-0.04303815844136849,0.067667,0.07315946286759341,0.08116900213683786,True,247,,1.7511018057803085e-07,250,UPPER_BOUND,,,-3
INTERVAL_RISK,high_dod,5,"T25_C0p5_D100_0,T35_C0p5_D80_1,T35_C0p5_D80_3,T35_C1_D80_0|T25_C0p5_D100_1,T25_C2_D80_0,T35_C1_D80_2,T45_C2_D50_2|T25_C0p5_D100_3,T25_C1_D100_2,T25_C1_D100_3,T45_C0p5_D80_3|T25_C1_D100_0,T25_C2_D100_1,T35_C2_D80_3,T45_C0p5_D80_0|T25_C2_D100_3,T35_C2_D80_1,T35_C2_D80_2,T45_C0p5_D80_1|T25_C2_D80_2,T45_C1_D50_0,T45_C1_D50_3,baseline_0|T25_C2_D80_3,T35_C0p5_D80_0,T35_C1_D80_3,T45_C2_D50_0|T35_C0p5_D100_1,T35_C0p5_D100_3,T45_C0p5_D80_2,T45_C1_D80_2",T35_C2_D80_1,0.847767,0.8106148822344721,-0.03715211776552796,0.073509,0.07862418141520217,0.06958578426046014,False,250,250,4.907638163631489e-07,250,NOT_IDENTIFIABLE_BOTH_RIGHT_CENSORED,,,
INTERVAL_RISK,high_dod,5,"T25_C0p5_D100_0,T35_C0p5_D80_1,T35_C0p5_D80_3,T35_C1_D80_0|T25_C0p5_D100_1,T25_C2_D80_0,T35_C1_D80_2,T45_C2_D50_2|T25_C0p5_D100_3,T25_C1_D100_2,T25_C1_D100_3,T45_C0p5_D80_3|T25_C1_D100_0,T25_C2_D100_1,T35_C2_D80_3,T45_C0p5_D80_0|T25_C2_D100_3,T35_C2_D80_1,T35_C2_D80_2,T45_C0p5_D80_1|T25_C2_D80_2,T45_C1_D50_0,T45_C1_D50_3,baseline_0|T25_C2_D80_3,T35_C0p5_D80_0,T35_C1_D80_3,T45_C2_D50_0|T35_C0p5_D100_1,T35_C0p5_D100_3,T45_C0p5_D80_2,T45_C1_D80_2",T35_C2_D80_2,0.841101,0.8023219384406715,-0.03877906155932853,0.06523,0.06982865766351035,0.07049912101042999,False,250,250,4.1347933514568336e-07,250,NOT_IDENTIFIABLE_BOTH_RIGHT_CENSORED,,,
INTERVAL_RISK,high_dod,5,"T25_C0p5_D100_0,T35_C0p5_D80_1,T35_C0p5_D80_3,T35_C1_D80_0|T25_C0p5_D100_1,T25_C2_D80_0,T35_C1_D80_2,T45_C2_D50_2|T25_C0p5_D100_3,T25_C1_D100_2,T25_C1_D100_3,T45_C0p5_D80_3|T25_C1_D100_0,T25_C2_D100_1,T35_C2_D80_3,T45_C0p5_D80_0|T25_C2_D100_3,T35_C2_D80_1,T35_C2_D80_2,T45_C0p5_D80_1|T25_C2_D80_2,T45_C1_D50_0,T45_C1_D50_3,baseline_0|T25_C2_D80_3,T35_C0p5_D80_0,T35_C1_D80_3,T45_C2_D50_0|T35_C0p5_D100_1,T35_C0p5_D100_3,T45_C0p5_D80_2,T45_C1_D80_2",T45_C0p5_D80_1,0.836686,0.7991592271609304,-0.03752677283906969,0.07014,0.0748311679253927,0.06688291881084552,True,246,,2.728866044521272e-07,250,UPPER_BOUND,,,-4
INTERVAL_RISK,high_dod,6,"T25_C0p5_D100_0,T35_C0p5_D80_1,T35_C0p5_D80_3,T35_C1_D80_0|T25_C0p5_D100_1,T25_C2_D80_0,T35_C1_D80_2,T45_C2_D50_2|T25_C0p5_D100_3,T25_C1_D100_2,T25_C1_D100_3,T45_C0p5_D80_3|T25_C1_D100_0,T25_C2_D100_1,T35_C2_D80_3,T45_C0p5_D80_0|T25_C2_D100_3,T35_C2_D80_1,T35_C2_D80_2,T45_C0p5_D80_1|T25_C2_D80_2,T45_C1_D50_0,T45_C1_D50_3,baseline_0|T25_C2_D80_3,T35_C0p5_D80_0,T35_C1_D80_3,T45_C2_D50_0|T35_C0p5_D100_1,T35_C0p5_D100_3,T45_C0p5_D80_2,T45_C1_D80_2",T25_C2_D80_2,0.876692,0.8399363608454121,-0.036755639154587905,0.069622,0.07473502148671754,0.07343973868486309,False,250,250,4.451580479097883e-07,250,NOT_IDENTIFIABLE_BOTH_RIGHT_CENSORED,,,
INTERVAL_RISK,high_dod,6,"T25_C0p5_D100_0,T35_C0p5_D80_1,T35_C0p5_D80_3,T35_C1_D80_0|T25_C0p5_D100_1,T25_C2_D80_0,T35_C1_D80_2,T45_C2_D50_2|T25_C0p5_D100_3,T25_C1_D100_2,T25_C1_D100_3,T45_C0p5_D80_3|T25_C1_D100_0,T25_C2_D100_1,T35_C2_D80_3,T45_C0p5_D80_0|T25_C2_D100_3,T35_C2_D80_1,T35_C2_D80_2,T45_C0p5_D80_1|T25_C2_D80_2,T45_C1_D50_0,T45_C1_D50_3,baseline_0|T25_C2_D80_3,T35_C0p5_D80_0,T35_C1_D80_3,T45_C2_D50_0|T35_C0p5_D100_1,T35_C0p5_D100_3,T45_C0p5_D80_2,T45_C1_D80_2",T45_C1_D50_0,0.877667,0.8478394499022006,-0.02982755009779936,0.065484,0.06907305873366415,0.054808178084175596,False,250,250,2.416749176337163e-07,250,NOT_IDENTIFIABLE_BOTH_RIGHT_CENSORED,,,
INTERVAL_RISK,high_dod,6,"T25_C0p5_D100_0,T35_C0p5_D80_1,T35_C0p5_D80_3,T35_C1_D80_0|T25_C0p5_D100_1,T25_C2_D80_0,T35_C1_D80_2,T45_C2_D50_2|T25_C0p5_D100_3,T25_C1_D100_2,T25_C1_D100_3,T45_C0p5_D80_3|T25_C1_D100_0,T25_C2_D100_1,T35_C2_D80_3,T45_C0p5_D80_0|T25_C2_D100_3,T35_C2_D80_1,T35_C2_D80_2,T45_C0p5_D80_1|T25_C2_D80_2,T45_C1_D50_0,T45_C1_D50_3,baseline_0|T25_C2_D80_3,T35_C0p5_D80_0,T35_C1_D80_3,T45_C2_D50_0|T35_C0p5_D100_1,T35_C0p5_D100_3,T45_C0p5_D80_2,T45_C1_D80_2",T45_C1_D50_3,0.867232,0.8348604288232027,-0.03237157117679734,0.067674,0.07161419501522984,0.05822317308316105,False,250,250,4.789209711031361e-07,250,NOT_IDENTIFIABLE_BOTH_RIGHT_CENSORED,,,
INTERVAL_RISK,high_dod,6,"T25_C0p5_D100_0,T35_C0p5_D80_1,T35_C0p5_D80_3,T35_C1_D80_0|T25_C0p5_D100_1,T25_C2_D80_0,T35_C1_D80_2,T45_C2_D50_2|T25_C0p5_D100_3,T25_C1_D100_2,T25_C1_D100_3,T45_C0p5_D80_3|T25_C1_D100_0,T25_C2_D100_1,T35_C2_D80_3,T45_C0p5_D80_0|T25_C2_D100_3,T35_C2_D80_1,T35_C2_D80_2,T45_C0p5_D80_1|T25_C2_D80_2,T45_C1_D50_0,T45_C1_D50_3,baseline_0|T25_C2_D80_3,T35_C0p5_D80_0,T35_C1_D80_3,T45_C2_D50_0|T35_C0p5_D100_1,T35_C0p5_D100_3,T45_C0p5_D80_2,T45_C1_D80_2",baseline_0,0.872401,0.8307438198184496,-0.0416571801815504,0.063519,0.06806089655752419,0.07150453498203979,False,250,250,1.1727126070226745e-07,250,NOT_IDENTIFIABLE_BOTH_RIGHT_CENSORED,,,
INTERVAL_RISK,high_dod,7,"T25_C0p5_D100_0,T35_C0p5_D80_1,T35_C0p5_D80_3,T35_C1_D80_0|T25_C0p5_D100_1,T25_C2_D80_0,T35_C1_D80_2,T45_C2_D50_2|T25_C0p5_D100_3,T25_C1_D100_2,T25_C1_D100_3,T45_C0p5_D80_3|T25_C1_D100_0,T25_C2_D100_1,T35_C2_D80_3,T45_C0p5_D80_0|T25_C2_D100_3,T35_C2_D80_1,T35_C2_D80_2,T45_C0p5_D80_1|T25_C2_D80_2,T45_C1_D50_0,T45_C1_D50_3,baseline_0|T25_C2_D80_3,T35_C0p5_D80_0,T35_C1_D80_3,T45_C2_D50_0|T35_C0p5_D100_1,T35_C0p5_D100_3,T45_C0p5_D80_2,T45_C1_D80_2",T25_C2_D80_3,0.867921,0.8285510636540647,-0.03936993634593533,0.064019,0.06868392364285289,0.07286779929166154,False,250,250,4.446313380812583e-07,250,NOT_IDENTIFIABLE_BOTH_RIGHT_CENSORED,,,
INTERVAL_RISK,high_dod,7,"T25_C0p5_D100_0,T35_C0p5_D80_1,T35_C0p5_D80_3,T35_C1_D80_0|T25_C0p5_D100_1,T25_C2_D80_0,T35_C1_D80_2,T45_C2_D50_2|T25_C0p5_D100_3,T25_C1_D100_2,T25_C1_D100_3,T45_C0p5_D80_3|T25_C1_D100_0,T25_C2_D100_1,T35_C2_D80_3,T45_C0p5_D80_0|T25_C2_D100_3,T35_C2_D80_1,T35_C2_D80_2,T45_C0p5_D80_1|T25_C2_D80_2,T45_C1_D50_0,T45_C1_D50_3,baseline_0|T25_C2_D80_3,T35_C0p5_D80_0,T35_C1_D80_3,T45_C2_D50_0|T35_C0p5_D100_1,T35_C0p5_D100_3,T45_C0p5_D80_2,T45_C1_D80_2",T35_C0p5_D80_0,0.870125,0.8336742440528228,-0.03645075594717728,0.063242,0.06773582080319872,0.07105753776285861,False,250,250,4.504492471246735e-07,250,NOT_IDENTIFIABLE_BOTH_RIGHT_CENSORED,,,
INTERVAL_RISK,high_dod,7,"T25_C0p5_D100_0,T35_C0p5_D80_1,T35_C0p5_D80_3,T35_C1_D80_0|T25_C0p5_D100_1,T25_C2_D80_0,T35_C1_D80_2,T45_C2_D50_2|T25_C0p5_D100_3,T25_C1_D100_2,T25_C1_D100_3,T45_C0p5_D80_3|T25_C1_D100_0,T25_C2_D100_1,T35_C2_D80_3,T45_C0p5_D80_0|T25_C2_D100_3,T35_C2_D80_1,T35_C2_D80_2,T45_C0p5_D80_1|T25_C2_D80_2,T45_C1_D50_0,T45_C1_D50_3,baseline_0|T25_C2_D80_3,T35_C0p5_D80_0,T35_C1_D80_3,T45_C2_D50_0|T35_C0p5_D100_1,T35_C0p5_D100_3,T45_C0p5_D80_2,T45_C1_D80_2",T35_C1_D80_3,0.864889,0.828775394816936,-0.03611360518306406,0.064453,0.06869020658528925,0.06574102966951512,False,250,250,3.1464258433422376e-07,250,NOT_IDENTIFIABLE_BOTH_RIGHT_CENSORED,,,
INTERVAL_RISK,high_dod,7,"T25_C0p5_D100_0,T35_C0p5_D80_1,T35_C0p5_D80_3,T35_C1_D80_0|T25_C0p5_D100_1,T25_C2_D80_0,T35_C1_D80_2,T45_C2_D50_2|T25_C0p5_D100_3,T25_C1_D100_2,T25_C1_D100_3,T45_C0p5_D80_3|T25_C1_D100_0,T25_C2_D100_1,T35_C2_D80_3,T45_C0p5_D80_0|T25_C2_D100_3,T35_C2_D80_1,T35_C2_D80_2,T45_C0p5_D80_1|T25_C2_D80_2,T45_C1_D50_0,T45_C1_D50_3,baseline_0|T25_C2_D80_3,T35_C0p5_D80_0,T35_C1_D80_3,T45_C2_D50_0|T35_C0p5_D100_1,T35_C0p5_D100_3,T45_C0p5_D80_2,T45_C1_D80_2",T45_C2_D50_0,0.86233,0.8316821700865971,-0.03064782991340298,0.062486,0.06583036001092353,0.05352174904656293,False,250,250,4.5983813745653634e-07,250,NOT_IDENTIFIABLE_BOTH_RIGHT_CENSORED,,,
INTERVAL_RISK,high_dod,8,"T25_C0p5_D100_0,T35_C0p5_D80_1,T35_C0p5_D80_3,T35_C1_D80_0|T25_C0p5_D100_1,T25_C2_D80_0,T35_C1_D80_2,T45_C2_D50_2|T25_C0p5_D100_3,T25_C1_D100_2,T25_C1_D100_3,T45_C0p5_D80_3|T25_C1_D100_0,T25_C2_D100_1,T35_C2_D80_3,T45_C0p5_D80_0|T25_C2_D100_3,T35_C2_D80_1,T35_C2_D80_2,T45_C0p5_D80_1|T25_C2_D80_2,T45_C1_D50_0,T45_C1_D50_3,baseline_0|T25_C2_D80_3,T35_C0p5_D80_0,T35_C1_D80_3,T45_C2_D50_0|T35_C0p5_D100_1,T35_C0p5_D100_3,T45_C0p5_D80_2,T45_C1_D80_2",T35_C0p5_D100_1,0.830039,0.7863147010395576,-0.04372429896044239,0.069771,0.07534498900280437,0.07988976799536163,True,168,,4.0182535106236816e-07,250,EXACT_BOTH_EVENTS,-62,-62,-62
INTERVAL_RISK,high_dod,8,"T25_C0p5_D100_0,T35_C0p5_D80_1,T35_C0p5_D80_3,T35_C1_D80_0|T25_C0p5_D100_1,T25_C2_D80_0,T35_C1_D80_2,T45_C2_D50_2|T25_C0p5_D100_3,T25_C1_D100_2,T25_C1_D100_3,T45_C0p5_D80_3|T25_C1_D100_0,T25_C2_D100_1,T35_C2_D80_3,T45_C0p5_D80_0|T25_C2_D100_3,T35_C2_D80_1,T35_C2_D80_2,T45_C0p5_D80_1|T25_C2_D80_2,T45_C1_D50_0,T45_C1_D50_3,baseline_0|T25_C2_D80_3,T35_C0p5_D80_0,T35_C1_D80_3,T45_C2_D50_0|T35_C0p5_D100_1,T35_C0p5_D100_3,T45_C0p5_D80_2,T45_C1_D80_2",T35_C0p5_D100_3,0.838618,0.7971013323711245,-0.041516667628875514,0.076488,0.08259375400344234,0.07982629959526122,True,232,,3.8000797338011427e-07,250,UPPER_BOUND,,,-18
INTERVAL_RISK,high_dod,8,"T25_C0p5_D100_0,T35_C0p5_D80_1,T35_C0p5_D80_3,T35_C1_D80_0|T25_C0p5_D100_1,T25_C2_D80_0,T35_C1_D80_2,T45_C2_D50_2|T25_C0p5_D100_3,T25_C1_D100_2,T25_C1_D100_3,T45_C0p5_D80_3|T25_C1_D100_0,T25_C2_D100_1,T35_C2_D80_3,T45_C0p5_D80_0|T25_C2_D100_3,T35_C2_D80_1,T35_C2_D80_2,T45_C0p5_D80_1|T25_C2_D80_2,T45_C1_D50_0,T45_C1_D50_3,baseline_0|T25_C2_D80_3,T35_C0p5_D80_0,T35_C1_D80_3,T45_C2_D50_0|T35_C0p5_D100_1,T35_C0p5_D100_3,T45_C0p5_D80_2,T45_C1_D80_2",T45_C0p5_D80_2,0.83707,0.7996320799050419,-0.037437920094958055,0.071054,0.07583871019910897,0.0673390688646518,True,248,,4.360998193675414e-07,250,UPPER_BOUND,,,-2
INTERVAL_RISK,high_dod,8,"T25_C0p5_D100_0,T35_C0p5_D80_1,T35_C0p5_D80_3,T35_C1_D80_0|T25_C0p5_D100_1,T25_C2_D80_0,T35_C1_D80_2,T45_C2_D50_2|T25_C0p5_D100_3,T25_C1_D100_2,T25_C1_D100_3,T45_C0p5_D80_3|T25_C1_D100_0,T25_C2_D100_1,T35_C2_D80_3,T45_C0p5_D80_0|T25_C2_D100_3,T35_C2_D80_1,T35_C2_D80_2,T45_C0p5_D80_1|T25_C2_D80_2,T45_C1_D50_0,T45_C1_D50_3,baseline_0|T25_C2_D80_3,T35_C0p5_D80_0,T35_C1_D80_3,T45_C2_D50_0|T35_C0p5_D100_1,T35_C0p5_D100_3,T45_C0p5_D80_2,T45_C1_D80_2",T45_C1_D80_2,0.82299,0.784253523538909,-0.03873647646109102,0.078139,0.08362081059969702,0.0701546039710903,True,166,,2.6332983027455015e-07,250,EXACT_BOTH_EVENTS,-54,-54,-54
INTERVAL_RISK,combined_stress,1,"T25_C0p5_D100_0,T35_C0p5_D80_1,T35_C0p5_D80_3,T35_C1_D80_0|T25_C0p5_D100_1,T25_C2_D80_0,T35_C1_D80_2,T45_C2_D50_2|T25_C0p5_D100_3,T25_C1_D100_2,T25_C1_D100_3,T45_C0p5_D80_3|T25_C1_D100_0,T25_C2_D100_1,T35_C2_D80_3,T45_C0p5_D80_0|T25_C2_D100_3,T35_C2_D80_1,T35_C2_D80_2,T45_C0p5_D80_1|T25_C2_D80_2,T45_C1_D50_0,T45_C1_D50_3,baseline_0|T25_C2_D80_3,T35_C0p5_D80_0,T35_C1_D80_3,T45_C2_D50_0|T35_C0p5_D100_1,T35_C0p5_D100_3,T45_C0p5_D80_2,T45_C1_D80_2",T25_C0p5_D100_0,0.850573,0.7738568608735991,-0.07671613912640096,0.065518,0.07451792640535086,0.13736570721558738,True,161,,4.883881983275273e-07,250,UPPER_BOUND,,,-89
INTERVAL_RISK,combined_stress,1,"T25_C0p5_D100_0,T35_C0p5_D80_1,T35_C0p5_D80_3,T35_C1_D80_0|T25_C0p5_D100_1,T25_C2_D80_0,T35_C1_D80_2,T45_C2_D50_2|T25_C0p5_D100_3,T25_C1_D100_2,T25_C1_D100_3,T45_C0p5_D80_3|T25_C1_D100_0,T25_C2_D100_1,T35_C2_D80_3,T45_C0p5_D80_0|T25_C2_D100_3,T35_C2_D80_1,T35_C2_D80_2,T45_C0p5_D80_1|T25_C2_D80_2,T45_C1_D50_0,T45_C1_D50_3,baseline_0|T25_C2_D80_3,T35_C0p5_D80_0,T35_C1_D80_3,T45_C2_D50_0|T35_C0p5_D100_1,T35_C0p5_D100_3,T45_C0p5_D80_2,T45_C1_D80_2",T35_C0p5_D80_1,0.84933,0.7802378551912428,-0.06909214480875725,0.065492,0.07308835328171899,0.11598902586146398,True,190,,4.913482913870837e-07,250,UPPER_BOUND,,,-60
INTERVAL_RISK,combined_stress,1,"T25_C0p5_D100_0,T35_C0p5_D80_1,T35_C0p5_D80_3,T35_C1_D80_0|T25_C0p5_D100_1,T25_C2_D80_0,T35_C1_D80_2,T45_C2_D50_2|T25_C0p5_D100_3,T25_C1_D100_2,T25_C1_D100_3,T45_C0p5_D80_3|T25_C1_D100_0,T25_C2_D100_1,T35_C2_D80_3,T45_C0p5_D80_0|T25_C2_D100_3,T35_C2_D80_1,T35_C2_D80_2,T45_C0p5_D80_1|T25_C2_D80_2,T45_C1_D50_0,T45_C1_D50_3,baseline_0|T25_C2_D80_3,T35_C0p5_D80_0,T35_C1_D80_3,T45_C2_D50_0|T35_C0p5_D100_1,T35_C0p5_D100_3,T45_C0p5_D80_2,T45_C1_D80_2",T35_C0p5_D80_3,0.851754,0.7837740328762193,-0.06797996712378074,0.071187,0.07950189733715604,0.11680359246991778,True,200,,3.909149639547138e-07,250,UPPER_BOUND,,,-50
INTERVAL_RISK,combined_stress,1,"T25_C0p5_D100_0,T35_C0p5_D80_1,T35_C0p5_D80_3,T35_C1_D80_0|T25_C0p5_D100_1,T25_C2_D80_0,T35_C1_D80_2,T45_C2_D50_2|T25_C0p5_D100_3,T25_C1_D100_2,T25_C1_D100_3,T45_C0p5_D80_3|T25_C1_D100_0,T25_C2_D100_1,T35_C2_D80_3,T45_C0p5_D80_0|T25_C2_D100_3,T35_C2_D80_1,T35_C2_D80_2,T45_C0p5_D80_1|T25_C2_D80_2,T45_C1_D50_0,T45_C1_D50_3,baseline_0|T25_C2_D80_3,T35_C0p5_D80_0,T35_C1_D80_3,T45_C2_D50_0|T35_C0p5_D100_1,T35_C0p5_D100_3,T45_C0p5_D80_2,T45_C1_D80_2",T35_C1_D80_0,0.851232,0.786260686374458,-0.06497131362554198,0.070145,0.07846830538096265,0.11865856983338308,True,206,,2.761284127184016e-07,250,UPPER_BOUND,,,-44
INTERVAL_RISK,combined_stress,2,"T25_C0p5_D100_0,T35_C0p5_D80_1,T35_C0p5_D80_3,T35_C1_D80_0|T25_C0p5_D100_1,T25_C2_D80_0,T35_C1_D80_2,T45_C2_D50_2|T25_C0p5_D100_3,T25_C1_D100_2,T25_C1_D100_3,T45_C0p5_D80_3|T25_C1_D100_0,T25_C2_D100_1,T35_C2_D80_3,T45_C0p5_D80_0|T25_C2_D100_3,T35_C2_D80_1,T35_C2_D80_2,T45_C0p5_D80_1|T25_C2_D80_2,T45_C1_D50_0,T45_C1_D50_3,baseline_0|T25_C2_D80_3,T35_C0p5_D80_0,T35_C1_D80_3,T45_C2_D50_0|T35_C0p5_D100_1,T35_C0p5_D100_3,T45_C0p5_D80_2,T45_C1_D80_2",T25_C0p5_D100_1,0.866921,0.7985982639893987,-0.06832273601060135,0.06209,0.07071739561390893,0.13894984077804673,True,245,,4.094669221466063e-07,250,UPPER_BOUND,,,-5
INTERVAL_RISK,combined_stress,2,"T25_C0p5_D100_0,T35_C0p5_D80_1,T35_C0p5_D80_3,T35_C1_D80_0|T25_C0p5_D100_1,T25_C2_D80_0,T35_C1_D80_2,T45_C2_D50_2|T25_C0p5_D100_3,T25_C1_D100_2,T25_C1_D100_3,T45_C0p5_D80_3|T25_C1_D100_0,T25_C2_D100_1,T35_C2_D80_3,T45_C0p5_D80_0|T25_C2_D100_3,T35_C2_D80_1,T35_C2_D80_2,T45_C0p5_D80_1|T25_C2_D80_2,T45_C1_D50_0,T45_C1_D50_3,baseline_0|T25_C2_D80_3,T35_C0p5_D80_0,T35_C1_D80_3,T45_C2_D50_0|T35_C0p5_D100_1,T35_C0p5_D100_3,T45_C0p5_D80_2,T45_C1_D80_2",T25_C2_D80_0,0.871697,0.809208661094005,-0.06248833890599503,0.068863,0.07750844895504866,0.12554563343230285,False,250,250,4.2894993645958834e-07,250,NOT_IDENTIFIABLE_BOTH_RIGHT_CENSORED,,,
INTERVAL_RISK,combined_stress,2,"T25_C0p5_D100_0,T35_C0p5_D80_1,T35_C0p5_D80_3,T35_C1_D80_0|T25_C0p5_D100_1,T25_C2_D80_0,T35_C1_D80_2,T45_C2_D50_2|T25_C0p5_D100_3,T25_C1_D100_2,T25_C1_D100_3,T45_C0p5_D80_3|T25_C1_D100_0,T25_C2_D100_1,T35_C2_D80_3,T45_C0p5_D80_0|T25_C2_D100_3,T35_C2_D80_1,T35_C2_D80_2,T45_C0p5_D80_1|T25_C2_D80_2,T45_C1_D50_0,T45_C1_D50_3,baseline_0|T25_C2_D80_3,T35_C0p5_D80_0,T35_C1_D80_3,T45_C2_D50_0|T35_C0p5_D100_1,T35_C0p5_D100_3,T45_C0p5_D80_2,T45_C1_D80_2",T35_C1_D80_2,0.862673,0.8026981155023075,-0.059974884497692504,0.069078,0.0774325673445971,0.12094396688666564,False,250,250,4.708089995641984e-07,250,NOT_IDENTIFIABLE_BOTH_RIGHT_CENSORED,,,
INTERVAL_RISK,combined_stress,2,"T25_C0p5_D100_0,T35_C0p5_D80_1,T35_C0p5_D80_3,T35_C1_D80_0|T25_C0p5_D100_1,T25_C2_D80_0,T35_C1_D80_2,T45_C2_D50_2|T25_C0p5_D100_3,T25_C1_D100_2,T25_C1_D100_3,T45_C0p5_D80_3|T25_C1_D100_0,T25_C2_D100_1,T35_C2_D80_3,T45_C0p5_D80_0|T25_C2_D100_3,T35_C2_D80_1,T35_C2_D80_2,T45_C0p5_D80_1|T25_C2_D80_2,T45_C1_D50_0,T45_C1_D50_3,baseline_0|T25_C2_D80_3,T35_C0p5_D80_0,T35_C1_D80_3,T45_C2_D50_0|T35_C0p5_D100_1,T35_C0p5_D100_3,T45_C0p5_D80_2,T45_C1_D80_2",T45_C2_D50_2,0.861061,0.8105233781122074,-0.05053762188779254,0.067451,0.07395568890633422,0.09643576679862753,False,250,250,4.973189149382051e-07,250,NOT_IDENTIFIABLE_BOTH_RIGHT_CENSORED,,,
INTERVAL_RISK,combined_stress,3,"T25_C0p5_D100_0,T35_C0p5_D80_1,T35_C0p5_D80_3,T35_C1_D80_0|T25_C0p5_D100_1,T25_C2_D80_0,T35_C1_D80_2,T45_C2_D50_2|T25_C0p5_D100_3,T25_C1_D100_2,T25_C1_D100_3,T45_C0p5_D80_3|T25_C1_D100_0,T25_C2_D100_1,T35_C2_D80_3,T45_C0p5_D80_0|T25_C2_D100_3,T35_C2_D80_1,T35_C2_D80_2,T45_C0p5_D80_1|T25_C2_D80_2,T45_C1_D50_0,T45_C1_D50_3,baseline_0|T25_C2_D80_3,T35_C0p5_D80_0,T35_C1_D80_3,T45_C2_D50_0|T35_C0p5_D100_1,T35_C0p5_D100_3,T45_C0p5_D80_2,T45_C1_D80_2",T25_C0p5_D100_3,0.857587,0.7844720387893435,-0.07311496121065653,0.066435,0.07543086742244567,0.13540855606902502,True,194,,2.818569442980534e-07,250,UPPER_BOUND,,,-56
INTERVAL_RISK,combined_stress,3,"T25_C0p5_D100_0,T35_C0p5_D80_1,T35_C0p5_D80_3,T35_C1_D80_0|T25_C0p5_D100_1,T25_C2_D80_0,T35_C1_D80_2,T45_C2_D50_2|T25_C0p5_D100_3,T25_C1_D100_2,T25_C1_D100_3,T45_C0p5_D80_3|T25_C1_D100_0,T25_C2_D100_1,T35_C2_D80_3,T45_C0p5_D80_0|T25_C2_D100_3,T35_C2_D80_1,T35_C2_D80_2,T45_C0p5_D80_1|T25_C2_D80_2,T45_C1_D50_0,T45_C1_D50_3,baseline_0|T25_C2_D80_3,T35_C0p5_D80_0,T35_C1_D80_3,T45_C2_D50_0|T35_C0p5_D100_1,T35_C0p5_D100_3,T45_C0p5_D80_2,T45_C1_D80_2",T25_C1_D100_2,0.842036,0.7647989833496491,-0.07723701665035088,0.063371,0.07152039630043242,0.128598196342687,True,132,,3.898323444051499e-07,250,UPPER_BOUND,,,-118
INTERVAL_RISK,combined_stress,3,"T25_C0p5_D100_0,T35_C0p5_D80_1,T35_C0p5_D80_3,T35_C1_D80_0|T25_C0p5_D100_1,T25_C2_D80_0,T35_C1_D80_2,T45_C2_D50_2|T25_C0p5_D100_3,T25_C1_D100_2,T25_C1_D100_3,T45_C0p5_D80_3|T25_C1_D100_0,T25_C2_D100_1,T35_C2_D80_3,T45_C0p5_D80_0|T25_C2_D100_3,T35_C2_D80_1,T35_C2_D80_2,T45_C0p5_D80_1|T25_C2_D80_2,T45_C1_D50_0,T45_C1_D50_3,baseline_0|T25_C2_D80_3,T35_C0p5_D80_0,T35_C1_D80_3,T45_C2_D50_0|T35_C0p5_D100_1,T35_C0p5_D100_3,T45_C0p5_D80_2,T45_C1_D80_2",T25_C1_D100_3,0.848021,0.7737100580494334,-0.07431094195056664,0.067475,0.07593164974274577,0.1253301184549207,True,158,,3.7176412992501184e-07,250,UPPER_BOUND,,,-92
INTERVAL_RISK,combined_stress,3,"T25_C0p5_D100_0,T35_C0p5_D80_1,T35_C0p5_D80_3,T35_C1_D80_0|T25_C0p5_D100_1,T25_C2_D80_0,T35_C1_D80_2,T45_C2_D50_2|T25_C0p5_D100_3,T25_C1_D100_2,T25_C1_D100_3,T45_C0p5_D80_3|T25_C1_D100_0,T25_C2_D100_1,T35_C2_D80_3,T45_C0p5_D80_0|T25_C2_D100_3,T35_C2_D80_1,T35_C2_D80_2,T45_C0p5_D80_1|T25_C2_D80_2,T45_C1_D50_0,T45_C1_D50_3,baseline_0|T25_C2_D80_3,T35_C0p5_D80_0,T35_C1_D80_3,T45_C2_D50_0|T35_C0p5_D100_1,T35_C0p5_D100_3,T45_C0p5_D80_2,T45_C1_D80_2",T45_C0p5_D80_3,0.845528,0.7875325770455794,-0.057995422954420506,0.072777,0.08051770871344406,0.1063620197788322,True,205,,4.2887142287506563e-07,250,UPPER_BOUND,,,-45
INTERVAL_RISK,combined_stress,4,"T25_C0p5_D100_0,T35_C0p5_D80_1,T35_C0p5_D80_3,T35_C1_D80_0|T25_C0p5_D100_1,T25_C2_D80_0,T35_C1_D80_2,T45_C2_D50_2|T25_C0p5_D100_3,T25_C1_D100_2,T25_C1_D100_3,T45_C0p5_D80_3|T25_C1_D100_0,T25_C2_D100_1,T35_C2_D80_3,T45_C0p5_D80_0|T25_C2_D100_3,T35_C2_D80_1,T35_C2_D80_2,T45_C0p5_D80_1|T25_C2_D80_2,T45_C1_D50_0,T45_C1_D50_3,baseline_0|T25_C2_D80_3,T35_C0p5_D80_0,T35_C1_D80_3,T45_C2_D50_0|T35_C0p5_D100_1,T35_C0p5_D100_3,T45_C0p5_D80_2,T45_C1_D80_2",T25_C1_D100_0,0.842553,0.7655688441959008,-0.07698415580409923,0.072664,0.0825855817847905,0.1365405398105044,True,134,,9.450255833431953e-08,250,UPPER_BOUND,,,-116
INTERVAL_RISK,combined_stress,4,"T25_C0p5_D100_0,T35_C0p5_D80_1,T35_C0p5_D80_3,T35_C1_D80_0|T25_C0p5_D100_1,T25_C2_D80_0,T35_C1_D80_2,T45_C2_D50_2|T25_C0p5_D100_3,T25_C1_D100_2,T25_C1_D100_3,T45_C0p5_D80_3|T25_C1_D100_0,T25_C2_D100_1,T35_C2_D80_3,T45_C0p5_D80_0|T25_C2_D100_3,T35_C2_D80_1,T35_C2_D80_2,T45_C0p5_D80_1|T25_C2_D80_2,T45_C1_D50_0,T45_C1_D50_3,baseline_0|T25_C2_D80_3,T35_C0p5_D80_0,T35_C1_D80_3,T45_C2_D50_0|T35_C0p5_D100_1,T35_C0p5_D100_3,T45_C0p5_D80_2,T45_C1_D80_2",T25_C2_D100_1,0.831875,0.7568175340102951,-0.07505746598970497,0.074772,0.08391436209836192,0.12226986169103293,True,102,,4.748434906387544e-07,250,EXACT_BOTH_EVENTS,-130,-130,-130
INTERVAL_RISK,combined_stress,4,"T25_C0p5_D100_0,T35_C0p5_D80_1,T35_C0p5_D80_3,T35_C1_D80_0|T25_C0p5_D100_1,T25_C2_D80_0,T35_C1_D80_2,T45_C2_D50_2|T25_C0p5_D100_3,T25_C1_D100_2,T25_C1_D100_3,T45_C0p5_D80_3|T25_C1_D100_0,T25_C2_D100_1,T35_C2_D80_3,T45_C0p5_D80_0|T25_C2_D100_3,T35_C2_D80_1,T35_C2_D80_2,T45_C0p5_D80_1|T25_C2_D80_2,T45_C1_D50_0,T45_C1_D50_3,baseline_0|T25_C2_D80_3,T35_C0p5_D80_0,T35_C1_D80_3,T45_C2_D50_0|T35_C0p5_D100_1,T35_C0p5_D100_3,T45_C0p5_D80_2,T45_C1_D80_2",T35_C2_D80_3,0.836386,0.7711444444950111,-0.06524155550498889,0.064384,0.07165410395415273,0.11291786708114948,True,158,,4.467314758394014e-07,250,UPPER_BOUND,,,-92
INTERVAL_RISK,combined_stress,4,"T25_C0p5_D100_0,T35_C0p5_D80_1,T35_C0p5_D80_3,T35_C1_D80_0|T25_C0p5_D100_1,T25_C2_D80_0,T35_C1_D80_2,T45_C2_D50_2|T25_C0p5_D100_3,T25_C1_D100_2,T25_C1_D100_3,T45_C0p5_D80_3|T25_C1_D100_0,T25_C2_D100_1,T35_C2_D80_3,T45_C0p5_D80_0|T25_C2_D100_3,T35_C2_D80_1,T35_C2_D80_2,T45_C0p5_D80_1|T25_C2_D80_2,T45_C1_D50_0,T45_C1_D50_3,baseline_0|T25_C2_D80_3,T35_C0p5_D80_0,T35_C1_D80_3,T45_C2_D50_0|T35_C0p5_D100_1,T35_C0p5_D100_3,T45_C0p5_D80_2,T45_C1_D80_2",T45_C0p5_D80_0,0.829688,0.7657459542168497,-0.06394204578315033,0.075365,0.08358618177219979,0.10908487722682647,True,139,,2.7874241781411513e-07,250,UPPER_BOUND,,,-111
INTERVAL_RISK,combined_stress,5,"T25_C0p5_D100_0,T35_C0p5_D80_1,T35_C0p5_D80_3,T35_C1_D80_0|T25_C0p5_D100_1,T25_C2_D80_0,T35_C1_D80_2,T45_C2_D50_2|T25_C0p5_D100_3,T25_C1_D100_2,T25_C1_D100_3,T45_C0p5_D80_3|T25_C1_D100_0,T25_C2_D100_1,T35_C2_D80_3,T45_C0p5_D80_0|T25_C2_D100_3,T35_C2_D80_1,T35_C2_D80_2,T45_C0p5_D80_1|T25_C2_D80_2,T45_C1_D50_0,T45_C1_D50_3,baseline_0|T25_C2_D80_3,T35_C0p5_D80_0,T35_C1_D80_3,T45_C2_D50_0|T35_C0p5_D100_1,T35_C0p5_D100_3,T45_C0p5_D80_2,T45_C1_D80_2",T25_C2_D100_3,0.842485,0.772164836650646,-0.07032016334935409,0.067667,0.076641196992863,0.13262294756473603,True,147,,1.7511018057803085e-07,250,UPPER_BOUND,,,-103
INTERVAL_RISK,combined_stress,5,"T25_C0p5_D100_0,T35_C0p5_D80_1,T35_C0p5_D80_3,T35_C1_D80_0|T25_C0p5_D100_1,T25_C2_D80_0,T35_C1_D80_2,T45_C2_D50_2|T25_C0p5_D100_3,T25_C1_D100_2,T25_C1_D100_3,T45_C0p5_D80_3|T25_C1_D100_0,T25_C2_D100_1,T35_C2_D80_3,T45_C0p5_D80_0|T25_C2_D100_3,T35_C2_D80_1,T35_C2_D80_2,T45_C0p5_D80_1|T25_C2_D80_2,T45_C1_D50_0,T45_C1_D50_3,baseline_0|T25_C2_D80_3,T35_C0p5_D80_0,T35_C1_D80_3,T45_C2_D50_0|T35_C0p5_D100_1,T35_C0p5_D100_3,T45_C0p5_D80_2,T45_C1_D80_2",T35_C2_D80_1,0.847767,0.7870639691613821,-0.060703030838617944,0.073509,0.08186702258566039,0.1137006704711041,True,205,,4.907638163631489e-07,250,UPPER_BOUND,,,-45
INTERVAL_RISK,combined_stress,5,"T25_C0p5_D100_0,T35_C0p5_D80_1,T35_C0p5_D80_3,T35_C1_D80_0|T25_C0p5_D100_1,T25_C2_D80_0,T35_C1_D80_2,T45_C2_D50_2|T25_C0p5_D100_3,T25_C1_D100_2,T25_C1_D100_3,T45_C0p5_D80_3|T25_C1_D100_0,T25_C2_D100_1,T35_C2_D80_3,T45_C0p5_D80_0|T25_C2_D100_3,T35_C2_D80_1,T35_C2_D80_2,T45_C0p5_D80_1|T25_C2_D80_2,T45_C1_D50_0,T45_C1_D50_3,baseline_0|T25_C2_D80_3,T35_C0p5_D80_0,T35_C1_D80_3,T45_C2_D50_0|T35_C0p5_D100_1,T35_C0p5_D100_3,T45_C0p5_D80_2,T45_C1_D80_2",T35_C2_D80_2,0.841101,0.7777397595494848,-0.06336124045051517,0.06523,0.0727440237632097,0.11519276043553117,True,177,,4.1347933514568336e-07,250,UPPER_BOUND,,,-73
INTERVAL_RISK,combined_stress,5,"T25_C0p5_D100_0,T35_C0p5_D80_1,T35_C0p5_D80_3,T35_C1_D80_0|T25_C0p5_D100_1,T25_C2_D80_0,T35_C1_D80_2,T45_C2_D50_2|T25_C0p5_D100_3,T25_C1_D100_2,T25_C1_D100_3,T45_C0p5_D80_3|T25_C1_D100_0,T25_C2_D100_1,T35_C2_D80_3,T45_C0p5_D80_0|T25_C2_D100_3,T35_C2_D80_1,T35_C2_D80_2,T45_C0p5_D80_1|T25_C2_D80_2,T45_C1_D50_0,T45_C1_D50_3,baseline_0|T25_C2_D80_3,T35_C0p5_D80_0,T35_C1_D80_3,T45_C2_D50_0|T35_C0p5_D100_1,T35_C0p5_D100_3,T45_C0p5_D80_2,T45_C1_D80_2",T45_C0p5_D80_1,0.836686,0.7753709997528639,-0.0613150002471361,0.07014,0.07780474149026473,0.10927775150078034,True,167,,2.728866044521272e-07,250,UPPER_BOUND,,,-83
INTERVAL_RISK,combined_stress,6,"T25_C0p5_D100_0,T35_C0p5_D80_1,T35_C0p5_D80_3,T35_C1_D80_0|T25_C0p5_D100_1,T25_C2_D80_0,T35_C1_D80_2,T45_C2_D50_2|T25_C0p5_D100_3,T25_C1_D100_2,T25_C1_D100_3,T45_C0p5_D80_3|T25_C1_D100_0,T25_C2_D100_1,T35_C2_D80_3,T45_C0p5_D80_0|T25_C2_D100_3,T35_C2_D80_1,T35_C2_D80_2,T45_C0p5_D80_1|T25_C2_D80_2,T45_C1_D50_0,T45_C1_D50_3,baseline_0|T25_C2_D80_3,T35_C0p5_D80_0,T35_C1_D80_3,T45_C2_D50_0|T35_C0p5_D100_1,T35_C0p5_D100_3,T45_C0p5_D80_2,T45_C1_D80_2",T25_C2_D80_2,0.876692,0.8166367413955808,-0.06005525860441918,0.069622,0.07797646456186622,0.11999748013366762,False,250,250,4.451580479097883e-07,250,NOT_IDENTIFIABLE_BOTH_RIGHT_CENSORED,,,
INTERVAL_RISK,combined_stress,6,"T25_C0p5_D100_0,T35_C0p5_D80_1,T35_C0p5_D80_3,T35_C1_D80_0|T25_C0p5_D100_1,T25_C2_D80_0,T35_C1_D80_2,T45_C2_D50_2|T25_C0p5_D100_3,T25_C1_D100_2,T25_C1_D100_3,T45_C0p5_D80_3|T25_C1_D100_0,T25_C2_D100_1,T35_C2_D80_3,T45_C0p5_D80_0|T25_C2_D100_3,T35_C2_D80_1,T35_C2_D80_2,T45_C0p5_D80_1|T25_C2_D80_2,T45_C1_D50_0,T45_C1_D50_3,baseline_0|T25_C2_D80_3,T35_C0p5_D80_0,T35_C1_D80_3,T45_C2_D50_0|T35_C0p5_D100_1,T35_C0p5_D100_3,T45_C0p5_D80_2,T45_C1_D80_2",T45_C1_D50_0,0.877667,0.8289315654044093,-0.04873543459559071,0.065484,0.07134812636528445,0.0895505217348429,False,250,250,2.416749176337163e-07,250,NOT_IDENTIFIABLE_BOTH_RIGHT_CENSORED,,,
INTERVAL_RISK,combined_stress,6,"T25_C0p5_D100_0,T35_C0p5_D80_1,T35_C0p5_D80_3,T35_C1_D80_0|T25_C0p5_D100_1,T25_C2_D80_0,T35_C1_D80_2,T45_C2_D50_2|T25_C0p5_D100_3,T25_C1_D100_2,T25_C1_D100_3,T45_C0p5_D80_3|T25_C1_D100_0,T25_C2_D100_1,T35_C2_D80_3,T45_C0p5_D80_0|T25_C2_D100_3,T35_C2_D80_1,T35_C2_D80_2,T45_C0p5_D80_1|T25_C2_D80_2,T45_C1_D50_0,T45_C1_D50_3,baseline_0|T25_C2_D80_3,T35_C0p5_D80_0,T35_C1_D80_3,T45_C2_D50_0|T35_C0p5_D100_1,T35_C0p5_D100_3,T45_C0p5_D80_2,T45_C1_D80_2",T45_C1_D50_3,0.867232,0.8143397358063941,-0.05289226419360593,0.067674,0.07411185809282336,0.09513045028849132,False,250,250,4.789209711031361e-07,250,NOT_IDENTIFIABLE_BOTH_RIGHT_CENSORED,,,
INTERVAL_RISK,combined_stress,6,"T25_C0p5_D100_0,T35_C0p5_D80_1,T35_C0p5_D80_3,T35_C1_D80_0|T25_C0p5_D100_1,T25_C2_D80_0,T35_C1_D80_2,T45_C2_D50_2|T25_C0p5_D100_3,T25_C1_D100_2,T25_C1_D100_3,T45_C0p5_D80_3|T25_C1_D100_0,T25_C2_D100_1,T35_C2_D80_3,T45_C0p5_D80_0|T25_C2_D100_3,T35_C2_D80_1,T35_C2_D80_2,T45_C0p5_D80_1|T25_C2_D80_2,T45_C1_D50_0,T45_C1_D50_3,baseline_0|T25_C2_D80_3,T35_C0p5_D80_0,T35_C1_D80_3,T45_C2_D50_0|T35_C0p5_D100_1,T35_C0p5_D100_3,T45_C0p5_D80_2,T45_C1_D80_2",baseline_0,0.872401,0.8043371476638718,-0.06806385233612822,0.063519,0.07094004591076288,0.11683190715790337,False,250,250,1.1727126070226745e-07,250,NOT_IDENTIFIABLE_BOTH_RIGHT_CENSORED,,,
INTERVAL_RISK,combined_stress,7,"T25_C0p5_D100_0,T35_C0p5_D80_1,T35_C0p5_D80_3,T35_C1_D80_0|T25_C0p5_D100_1,T25_C2_D80_0,T35_C1_D80_2,T45_C2_D50_2|T25_C0p5_D100_3,T25_C1_D100_2,T25_C1_D100_3,T45_C0p5_D80_3|T25_C1_D100_0,T25_C2_D100_1,T35_C2_D80_3,T45_C0p5_D80_0|T25_C2_D100_3,T35_C2_D80_1,T35_C2_D80_2,T45_C0p5_D80_1|T25_C2_D80_2,T45_C1_D50_0,T45_C1_D50_3,baseline_0|T25_C2_D80_3,T35_C0p5_D80_0,T35_C1_D80_3,T45_C2_D50_0|T35_C0p5_D100_1,T35_C0p5_D100_3,T45_C0p5_D80_2,T45_C1_D80_2",T25_C2_D80_3,0.867921,0.8035941465613538,-0.0643268534386463,0.064019,0.07164075200244112,0.11905453072433358,False,250,250,4.446313380812583e-07,250,NOT_IDENTIFIABLE_BOTH_RIGHT_CENSORED,,,
INTERVAL_RISK,combined_stress,7,"T25_C0p5_D100_0,T35_C0p5_D80_1,T35_C0p5_D80_3,T35_C1_D80_0|T25_C0p5_D100_1,T25_C2_D80_0,T35_C1_D80_2,T45_C2_D50_2|T25_C0p5_D100_3,T25_C1_D100_2,T25_C1_D100_3,T45_C0p5_D80_3|T25_C1_D100_0,T25_C2_D100_1,T35_C2_D80_3,T45_C0p5_D80_0|T25_C2_D100_3,T35_C2_D80_1,T35_C2_D80_2,T45_C0p5_D80_1|T25_C2_D80_2,T45_C1_D50_0,T45_C1_D50_3,baseline_0|T25_C2_D80_3,T35_C0p5_D80_0,T35_C1_D80_3,T45_C2_D50_0|T35_C0p5_D100_1,T35_C0p5_D100_3,T45_C0p5_D80_2,T45_C1_D80_2",T35_C0p5_D80_0,0.870125,0.8105682772887159,-0.059556722711284094,0.063242,0.07058469109520861,0.11610466296462163,False,250,250,4.504492471246735e-07,250,NOT_IDENTIFIABLE_BOTH_RIGHT_CENSORED,,,
INTERVAL_RISK,combined_stress,7,"T25_C0p5_D100_0,T35_C0p5_D80_1,T35_C0p5_D80_3,T35_C1_D80_0|T25_C0p5_D100_1,T25_C2_D80_0,T35_C1_D80_2,T45_C2_D50_2|T25_C0p5_D100_3,T25_C1_D100_2,T25_C1_D100_3,T45_C0p5_D80_3|T25_C1_D100_0,T25_C2_D100_1,T35_C2_D80_3,T45_C0p5_D80_0|T25_C2_D100_3,T35_C2_D80_1,T35_C2_D80_2,T45_C0p5_D80_1|T25_C2_D80_2,T45_C1_D50_0,T45_C1_D50_3,baseline_0|T25_C2_D80_3,T35_C0p5_D80_0,T35_C1_D80_3,T45_C2_D50_0|T35_C0p5_D100_1,T35_C0p5_D100_3,T45_C0p5_D80_2,T45_C1_D80_2",T35_C1_D80_3,0.864889,0.8058826692575545,-0.059006330742445545,0.064453,0.07137638502236722,0.10741757594475398,False,250,250,3.1464258433422376e-07,250,NOT_IDENTIFIABLE_BOTH_RIGHT_CENSORED,,,
INTERVAL_RISK,combined_stress,7,"T25_C0p5_D100_0,T35_C0p5_D80_1,T35_C0p5_D80_3,T35_C1_D80_0|T25_C0p5_D100_1,T25_C2_D80_0,T35_C1_D80_2,T45_C2_D50_2|T25_C0p5_D100_3,T25_C1_D100_2,T25_C1_D100_3,T45_C0p5_D80_3|T25_C1_D100_0,T25_C2_D100_1,T35_C2_D80_3,T45_C0p5_D80_0|T25_C2_D100_3,T35_C2_D80_1,T35_C2_D80_2,T45_C0p5_D80_1|T25_C2_D80_2,T45_C1_D50_0,T45_C1_D50_3,baseline_0|T25_C2_D80_3,T35_C0p5_D80_0,T35_C1_D80_3,T45_C2_D50_0|T35_C0p5_D100_1,T35_C0p5_D100_3,T45_C0p5_D80_2,T45_C1_D80_2",T45_C2_D50_0,0.86233,0.8122541199042462,-0.05007588009575381,0.062486,0.06795040271494697,0.08745003224637471,False,250,250,4.5983813745653634e-07,250,NOT_IDENTIFIABLE_BOTH_RIGHT_CENSORED,,,
INTERVAL_RISK,combined_stress,8,"T25_C0p5_D100_0,T35_C0p5_D80_1,T35_C0p5_D80_3,T35_C1_D80_0|T25_C0p5_D100_1,T25_C2_D80_0,T35_C1_D80_2,T45_C2_D50_2|T25_C0p5_D100_3,T25_C1_D100_2,T25_C1_D100_3,T45_C0p5_D80_3|T25_C1_D100_0,T25_C2_D100_1,T35_C2_D80_3,T45_C0p5_D80_0|T25_C2_D100_3,T35_C2_D80_1,T35_C2_D80_2,T45_C0p5_D80_1|T25_C2_D80_2,T45_C1_D50_0,T45_C1_D50_3,baseline_0|T25_C2_D80_3,T35_C0p5_D80_0,T35_C1_D80_3,T45_C2_D50_0|T35_C0p5_D100_1,T35_C0p5_D100_3,T45_C0p5_D80_2,T45_C1_D80_2",T35_C0p5_D100_1,0.830039,0.758597895834553,-0.07144110416544702,0.069771,0.07887861341132449,0.13053580156977085,True,101,,4.0182535106236816e-07,250,EXACT_BOTH_EVENTS,-129,-129,-129
INTERVAL_RISK,combined_stress,8,"T25_C0p5_D100_0,T35_C0p5_D80_1,T35_C0p5_D80_3,T35_C1_D80_0|T25_C0p5_D100_1,T25_C2_D80_0,T35_C1_D80_2,T45_C2_D50_2|T25_C0p5_D100_3,T25_C1_D100_2,T25_C1_D100_3,T45_C0p5_D80_3|T25_C1_D100_0,T25_C2_D100_1,T35_C2_D80_3,T45_C0p5_D80_0|T25_C2_D100_3,T35_C2_D80_1,T35_C2_D80_2,T45_C0p5_D80_1|T25_C2_D80_2,T45_C1_D50_0,T45_C1_D50_3,baseline_0|T25_C2_D80_3,T35_C0p5_D80_0,T35_C1_D80_3,T45_C2_D50_0|T35_C0p5_D100_1,T35_C0p5_D100_3,T45_C0p5_D80_2,T45_C1_D80_2",T35_C0p5_D100_3,0.838618,0.770783645219115,-0.06783435478088495,0.076488,0.08646397036225331,0.13042530020726528,True,138,,3.8000797338011427e-07,250,UPPER_BOUND,,,-112
INTERVAL_RISK,combined_stress,8,"T25_C0p5_D100_0,T35_C0p5_D80_1,T35_C0p5_D80_3,T35_C1_D80_0|T25_C0p5_D100_1,T25_C2_D80_0,T35_C1_D80_2,T45_C2_D50_2|T25_C0p5_D100_3,T25_C1_D100_2,T25_C1_D100_3,T45_C0p5_D80_3|T25_C1_D100_0,T25_C2_D100_1,T35_C2_D80_3,T45_C0p5_D80_0|T25_C2_D100_3,T35_C2_D80_1,T35_C2_D80_2,T45_C0p5_D80_1|T25_C2_D80_2,T45_C1_D50_0,T45_C1_D50_3,baseline_0|T25_C2_D80_3,T35_C0p5_D80_0,T35_C1_D80_3,T45_C2_D50_0|T35_C0p5_D100_1,T35_C0p5_D100_3,T45_C0p5_D80_2,T45_C1_D80_2",T45_C0p5_D80_2,0.83707,0.7758998586975514,-0.06117014130244858,0.071054,0.07887177170449865,0.11002577904831035,True,168,,4.360998193675414e-07,250,UPPER_BOUND,,,-82
INTERVAL_RISK,combined_stress,8,"T25_C0p5_D100_0,T35_C0p5_D80_1,T35_C0p5_D80_3,T35_C1_D80_0|T25_C0p5_D100_1,T25_C2_D80_0,T35_C1_D80_2,T45_C2_D50_2|T25_C0p5_D100_3,T25_C1_D100_2,T25_C1_D100_3,T45_C0p5_D80_3|T25_C1_D100_0,T25_C2_D100_1,T35_C2_D80_3,T45_C0p5_D80_0|T25_C2_D100_3,T35_C2_D80_1,T35_C2_D80_2,T45_C0p5_D80_1|T25_C2_D80_2,T45_C1_D50_0,T45_C1_D50_3,baseline_0|T25_C2_D80_3,T35_C0p5_D80_0,T35_C1_D80_3,T45_C2_D50_0|T35_C0p5_D100_1,T35_C0p5_D100_3,T45_C0p5_D80_2,T45_C1_D80_2",T45_C1_D80_2,0.82299,0.7596981786678021,-0.0632918213321979,0.078139,0.08709578721015676,0.11462633525072952,True,119,,2.6332983027455015e-07,250,EXACT_BOTH_EVENTS,-101,-101,-101
