seed,held_out_scenario,strategy,group_number,group_id,members
42,baseline_use,REFERENCE_INTERVAL_RISK,1,candidate_00052,T25_C0p5_D100_0;T25_C0p5_D80_0;T25_C2_D80_0;T35_C2_D80_2
42,baseline_use,REFERENCE_INTERVAL_RISK,2,candidate_00286,T25_C0p5_D100_3;T25_C1_D100_1;T35_C0p5_D80_3;T35_C1_D80_1
42,baseline_use,REFERENCE_INTERVAL_RISK,3,candidate_00382,T25_C1_D100_0;T25_C1_D100_3;T25_C2_D100_0;T25_C2_D100_3
42,baseline_use,REFERENCE_INTERVAL_RISK,4,candidate_00695,T35_C0p5_D100_1;T35_C1_D100_1;T35_C2_D80_3;T45_C0p5_D80_0
42,baseline_use,REFERENCE_INTERVAL_RISK,5,candidate_00796,T35_C2_D80_0;T45_C0p5_D80_2;T45_C1_D80_1;T45_C2_D80_1
42,high_temperature,REFERENCE_INTERVAL_RISK,1,candidate_00052,T25_C0p5_D100_0;T25_C0p5_D80_0;T25_C2_D80_0;T35_C2_D80_2
42,high_temperature,REFERENCE_INTERVAL_RISK,2,candidate_00286,T25_C0p5_D100_3;T25_C1_D100_1;T35_C0p5_D80_3;T35_C1_D80_1
42,high_temperature,REFERENCE_INTERVAL_RISK,3,candidate_00382,T25_C1_D100_0;T25_C1_D100_3;T25_C2_D100_0;T25_C2_D100_3
42,high_temperature,REFERENCE_INTERVAL_RISK,4,candidate_00695,T35_C0p5_D100_1;T35_C1_D100_1;T35_C2_D80_3;T45_C0p5_D80_0
42,high_temperature,REFERENCE_INTERVAL_RISK,5,candidate_00796,T35_C2_D80_0;T45_C0p5_D80_2;T45_C1_D80_1;T45_C2_D80_1
42,high_c_rate,REFERENCE_INTERVAL_RISK,1,candidate_00052,T25_C0p5_D100_0;T25_C0p5_D80_0;T25_C2_D80_0;T35_C2_D80_2
42,high_c_rate,REFERENCE_INTERVAL_RISK,2,candidate_00286,T25_C0p5_D100_3;T25_C1_D100_1;T35_C0p5_D80_3;T35_C1_D80_1
42,high_c_rate,REFERENCE_INTERVAL_RISK,3,candidate_00382,T25_C1_D100_0;T25_C1_D100_3;T25_C2_D100_0;T25_C2_D100_3
42,high_c_rate,REFERENCE_INTERVAL_RISK,4,candidate_00695,T35_C0p5_D100_1;T35_C1_D100_1;T35_C2_D80_3;T45_C0p5_D80_0
42,high_c_rate,REFERENCE_INTERVAL_RISK,5,candidate_00796,T35_C2_D80_0;T45_C0p5_D80_2;T45_C1_D80_1;T45_C2_D80_1
42,high_dod,REFERENCE_INTERVAL_RISK,1,candidate_00052,T25_C0p5_D100_0;T25_C0p5_D80_0;T25_C2_D80_0;T35_C2_D80_2
42,high_dod,REFERENCE_INTERVAL_RISK,2,candidate_00286,T25_C0p5_D100_3;T25_C1_D100_1;T35_C0p5_D80_3;T35_C1_D80_1
42,high_dod,REFERENCE_INTERVAL_RISK,3,candidate_00382,T25_C1_D100_0;T25_C1_D100_3;T25_C2_D100_0;T25_C2_D100_3
42,high_dod,REFERENCE_INTERVAL_RISK,4,candidate_00695,T35_C0p5_D100_1;T35_C1_D100_1;T35_C2_D80_3;T45_C0p5_D80_0
42,high_dod,REFERENCE_INTERVAL_RISK,5,candidate_00796,T35_C2_D80_0;T45_C0p5_D80_2;T45_C1_D80_1;T45_C2_D80_1
42,combined_stress,REFERENCE_INTERVAL_RISK,1,candidate_00052,T25_C0p5_D100_0;T25_C0p5_D80_0;T25_C2_D80_0;T35_C2_D80_2
42,combined_stress,REFERENCE_INTERVAL_RISK,2,candidate_00286,T25_C0p5_D100_3;T25_C1_D100_1;T35_C0p5_D80_3;T35_C1_D80_1
42,combined_stress,REFERENCE_INTERVAL_RISK,3,candidate_00382,T25_C1_D100_0;T25_C1_D100_3;T25_C2_D100_0;T25_C2_D100_3
42,combined_stress,REFERENCE_INTERVAL_RISK,4,candidate_00695,T35_C0p5_D100_1;T35_C1_D100_1;T35_C2_D80_3;T45_C0p5_D80_0
42,combined_stress,REFERENCE_INTERVAL_RISK,5,candidate_00796,T35_C2_D80_0;T45_C0p5_D80_2;T45_C1_D80_1;T45_C2_D80_1
42,combined_stress,ROBUST_LOSO,1,candidate_00073,T25_C0p5_D100_0;T25_C1_D100_0;T25_C2_D80_0;T35_C2_D80_2
123,baseline_use,REFERENCE_INTERVAL_RISK,1,candidate_00053,T25_C0p5_D100_1;T25_C1_D100_2;T25_C1_D100_3;T35_C0p5_D80_1
123,baseline_use,REFERENCE_INTERVAL_RISK,2,candidate_00235,T25_C1_D100_1;T25_C2_D100_0;T45_C0p5_D80_0;T45_C0p5_D80_3
123,baseline_use,REFERENCE_INTERVAL_RISK,3,candidate_00487,T25_C2_D100_1;T35_C2_D80_0;T45_C0p5_D80_2;T45_C1_D80_2
123,baseline_use,REFERENCE_INTERVAL_RISK,4,candidate_00506,T25_C2_D80_3;T45_C1_D50_1;T45_C2_D50_3;baseline_1
123,baseline_use,ROBUST_LOSO,1,candidate_00512,T25_C2_D80_3;T45_C1_D50_1;T45_C2_D50_3;baseline_1
123,high_temperature,REFERENCE_INTERVAL_RISK,1,candidate_00053,T25_C0p5_D100_1;T25_C1_D100_2;T25_C1_D100_3;T35_C0p5_D80_1
123,high_temperature,REFERENCE_INTERVAL_RISK,2,candidate_00235,T25_C1_D100_1;T25_C2_D100_0;T45_C0p5_D80_0;T45_C0p5_D80_3
123,high_temperature,REFERENCE_INTERVAL_RISK,3,candidate_00487,T25_C2_D100_1;T35_C2_D80_0;T45_C0p5_D80_2;T45_C1_D80_2
123,high_temperature,REFERENCE_INTERVAL_RISK,4,candidate_00506,T25_C2_D80_3;T45_C1_D50_1;T45_C2_D50_3;baseline_1
123,high_temperature,ROBUST_LOSO,1,candidate_00512,T25_C2_D80_3;T45_C1_D50_1;T45_C2_D50_3;baseline_1
123,high_c_rate,REFERENCE_INTERVAL_RISK,1,candidate_00053,T25_C0p5_D100_1;T25_C1_D100_2;T25_C1_D100_3;T35_C0p5_D80_1
123,high_c_rate,REFERENCE_INTERVAL_RISK,2,candidate_00235,T25_C1_D100_1;T25_C2_D100_0;T45_C0p5_D80_0;T45_C0p5_D80_3
123,high_c_rate,REFERENCE_INTERVAL_RISK,3,candidate_00487,T25_C2_D100_1;T35_C2_D80_0;T45_C0p5_D80_2;T45_C1_D80_2
123,high_c_rate,REFERENCE_INTERVAL_RISK,4,candidate_00506,T25_C2_D80_3;T45_C1_D50_1;T45_C2_D50_3;baseline_1
123,high_c_rate,ROBUST_LOSO,1,candidate_00512,T25_C2_D80_3;T45_C1_D50_1;T45_C2_D50_3;baseline_1
123,high_dod,REFERENCE_INTERVAL_RISK,1,candidate_00053,T25_C0p5_D100_1;T25_C1_D100_2;T25_C1_D100_3;T35_C0p5_D80_1
123,high_dod,REFERENCE_INTERVAL_RISK,2,candidate_00235,T25_C1_D100_1;T25_C2_D100_0;T45_C0p5_D80_0;T45_C0p5_D80_3
123,high_dod,REFERENCE_INTERVAL_RISK,3,candidate_00487,T25_C2_D100_1;T35_C2_D80_0;T45_C0p5_D80_2;T45_C1_D80_2
123,high_dod,REFERENCE_INTERVAL_RISK,4,candidate_00506,T25_C2_D80_3;T45_C1_D50_1;T45_C2_D50_3;baseline_1
123,high_dod,ROBUST_LOSO,1,candidate_00512,T25_C2_D80_3;T45_C1_D50_1;T45_C2_D50_3;baseline_1
123,combined_stress,REFERENCE_INTERVAL_RISK,1,candidate_00053,T25_C0p5_D100_1;T25_C1_D100_2;T25_C1_D100_3;T35_C0p5_D80_1
123,combined_stress,REFERENCE_INTERVAL_RISK,2,candidate_00235,T25_C1_D100_1;T25_C2_D100_0;T45_C0p5_D80_0;T45_C0p5_D80_3
123,combined_stress,REFERENCE_INTERVAL_RISK,3,candidate_00487,T25_C2_D100_1;T35_C2_D80_0;T45_C0p5_D80_2;T45_C1_D80_2
123,combined_stress,REFERENCE_INTERVAL_RISK,4,candidate_00506,T25_C2_D80_3;T45_C1_D50_1;T45_C2_D50_3;baseline_1
123,combined_stress,ROBUST_LOSO,1,candidate_00143,T25_C0p5_D100_1;T25_C2_D80_3;T35_C0p5_D80_1;T45_C2_D50_3
2026,baseline_use,REFERENCE_INTERVAL_RISK,1,candidate_00129,T25_C1_D100_0;T25_C1_D100_2;T25_C2_D100_0;T45_C0p5_D80_3
2026,baseline_use,REFERENCE_INTERVAL_RISK,2,candidate_00270,T25_C1_D100_1;T35_C1_D80_2;T35_C2_D80_1;T35_C2_D80_2
2026,baseline_use,REFERENCE_INTERVAL_RISK,3,candidate_00474,T25_C2_D100_3;T35_C0p5_D100_2;T45_C0p5_D80_1;T45_C1_D80_2
2026,baseline_use,REFERENCE_INTERVAL_RISK,4,candidate_00549,T35_C2_D80_0;T35_C2_D80_3;T45_C0p5_D80_2;T45_C1_D80_1
2026,high_temperature,REFERENCE_INTERVAL_RISK,1,candidate_00129,T25_C1_D100_0;T25_C1_D100_2;T25_C2_D100_0;T45_C0p5_D80_3
2026,high_temperature,REFERENCE_INTERVAL_RISK,2,candidate_00270,T25_C1_D100_1;T35_C1_D80_2;T35_C2_D80_1;T35_C2_D80_2
2026,high_temperature,REFERENCE_INTERVAL_RISK,3,candidate_00474,T25_C2_D100_3;T35_C0p5_D100_2;T45_C0p5_D80_1;T45_C1_D80_2
2026,high_temperature,REFERENCE_INTERVAL_RISK,4,candidate_00549,T35_C2_D80_0;T35_C2_D80_3;T45_C0p5_D80_2;T45_C1_D80_1
2026,high_c_rate,REFERENCE_INTERVAL_RISK,1,candidate_00129,T25_C1_D100_0;T25_C1_D100_2;T25_C2_D100_0;T45_C0p5_D80_3
2026,high_c_rate,REFERENCE_INTERVAL_RISK,2,candidate_00270,T25_C1_D100_1;T35_C1_D80_2;T35_C2_D80_1;T35_C2_D80_2
2026,high_c_rate,REFERENCE_INTERVAL_RISK,3,candidate_00474,T25_C2_D100_3;T35_C0p5_D100_2;T45_C0p5_D80_1;T45_C1_D80_2
2026,high_c_rate,REFERENCE_INTERVAL_RISK,4,candidate_00549,T35_C2_D80_0;T35_C2_D80_3;T45_C0p5_D80_2;T45_C1_D80_1
2026,high_dod,REFERENCE_INTERVAL_RISK,1,candidate_00129,T25_C1_D100_0;T25_C1_D100_2;T25_C2_D100_0;T45_C0p5_D80_3
2026,high_dod,REFERENCE_INTERVAL_RISK,2,candidate_00270,T25_C1_D100_1;T35_C1_D80_2;T35_C2_D80_1;T35_C2_D80_2
2026,high_dod,REFERENCE_INTERVAL_RISK,3,candidate_00474,T25_C2_D100_3;T35_C0p5_D100_2;T45_C0p5_D80_1;T45_C1_D80_2
2026,high_dod,REFERENCE_INTERVAL_RISK,4,candidate_00549,T35_C2_D80_0;T35_C2_D80_3;T45_C0p5_D80_2;T45_C1_D80_1
2026,combined_stress,REFERENCE_INTERVAL_RISK,1,candidate_00129,T25_C1_D100_0;T25_C1_D100_2;T25_C2_D100_0;T45_C0p5_D80_3
2026,combined_stress,REFERENCE_INTERVAL_RISK,2,candidate_00270,T25_C1_D100_1;T35_C1_D80_2;T35_C2_D80_1;T35_C2_D80_2
2026,combined_stress,REFERENCE_INTERVAL_RISK,3,candidate_00474,T25_C2_D100_3;T35_C0p5_D100_2;T45_C0p5_D80_1;T45_C1_D80_2
2026,combined_stress,REFERENCE_INTERVAL_RISK,4,candidate_00549,T35_C2_D80_0;T35_C2_D80_3;T45_C0p5_D80_2;T45_C1_D80_1
2026,combined_stress,ROBUST_LOSO,1,candidate_00060,T25_C0p5_D100_0;T25_C2_D100_3;T35_C1_D80_2;T45_C0p5_D80_3
2026,combined_stress,ROBUST_LOSO,2,candidate_00258,T25_C1_D100_1;T35_C2_D80_0;T35_C2_D80_1;T45_C0p5_D80_2
4096,baseline_use,REFERENCE_INTERVAL_RISK,1,candidate_00084,T25_C0p5_D100_0;T35_C0p5_D80_0;T35_C1_D80_3;baseline_2
4096,baseline_use,REFERENCE_INTERVAL_RISK,2,candidate_00124,T25_C0p5_D100_3;T25_C1_D100_1;T25_C2_D100_3;T35_C2_D80_2
4096,baseline_use,REFERENCE_INTERVAL_RISK,3,candidate_00426,T25_C1_D100_2;T25_C1_D100_3;T35_C0p5_D80_3;T35_C2_D80_3
4096,baseline_use,REFERENCE_INTERVAL_RISK,4,candidate_00579,T25_C2_D100_0;T35_C0p5_D100_2;T45_C1_D80_0;T45_C1_D80_1
4096,baseline_use,REFERENCE_INTERVAL_RISK,5,candidate_00724,T25_C2_D80_0;T25_C2_D80_2;T35_C1_D80_1;T35_C1_D80_2
4096,baseline_use,REFERENCE_INTERVAL_RISK,6,candidate_00845,T35_C1_D100_1;T45_C0p5_D80_0;T45_C0p5_D80_3;T45_C1_D80_2
4096,high_temperature,REFERENCE_INTERVAL_RISK,1,candidate_00084,T25_C0p5_D100_0;T35_C0p5_D80_0;T35_C1_D80_3;baseline_2
4096,high_temperature,REFERENCE_INTERVAL_RISK,2,candidate_00124,T25_C0p5_D100_3;T25_C1_D100_1;T25_C2_D100_3;T35_C2_D80_2
4096,high_temperature,REFERENCE_INTERVAL_RISK,3,candidate_00426,T25_C1_D100_2;T25_C1_D100_3;T35_C0p5_D80_3;T35_C2_D80_3
4096,high_temperature,REFERENCE_INTERVAL_RISK,4,candidate_00579,T25_C2_D100_0;T35_C0p5_D100_2;T45_C1_D80_0;T45_C1_D80_1
4096,high_temperature,REFERENCE_INTERVAL_RISK,5,candidate_00724,T25_C2_D80_0;T25_C2_D80_2;T35_C1_D80_1;T35_C1_D80_2
4096,high_temperature,REFERENCE_INTERVAL_RISK,6,candidate_00845,T35_C1_D100_1;T45_C0p5_D80_0;T45_C0p5_D80_3;T45_C1_D80_2
4096,high_c_rate,REFERENCE_INTERVAL_RISK,1,candidate_00084,T25_C0p5_D100_0;T35_C0p5_D80_0;T35_C1_D80_3;baseline_2
4096,high_c_rate,REFERENCE_INTERVAL_RISK,2,candidate_00124,T25_C0p5_D100_3;T25_C1_D100_1;T25_C2_D100_3;T35_C2_D80_2
4096,high_c_rate,REFERENCE_INTERVAL_RISK,3,candidate_00426,T25_C1_D100_2;T25_C1_D100_3;T35_C0p5_D80_3;T35_C2_D80_3
4096,high_c_rate,REFERENCE_INTERVAL_RISK,4,candidate_00579,T25_C2_D100_0;T35_C0p5_D100_2;T45_C1_D80_0;T45_C1_D80_1
4096,high_c_rate,REFERENCE_INTERVAL_RISK,5,candidate_00724,T25_C2_D80_0;T25_C2_D80_2;T35_C1_D80_1;T35_C1_D80_2
4096,high_c_rate,REFERENCE_INTERVAL_RISK,6,candidate_00845,T35_C1_D100_1;T45_C0p5_D80_0;T45_C0p5_D80_3;T45_C1_D80_2
4096,high_dod,REFERENCE_INTERVAL_RISK,1,candidate_00084,T25_C0p5_D100_0;T35_C0p5_D80_0;T35_C1_D80_3;baseline_2
4096,high_dod,REFERENCE_INTERVAL_RISK,2,candidate_00124,T25_C0p5_D100_3;T25_C1_D100_1;T25_C2_D100_3;T35_C2_D80_2
4096,high_dod,REFERENCE_INTERVAL_RISK,3,candidate_00426,T25_C1_D100_2;T25_C1_D100_3;T35_C0p5_D80_3;T35_C2_D80_3
4096,high_dod,REFERENCE_INTERVAL_RISK,4,candidate_00579,T25_C2_D100_0;T35_C0p5_D100_2;T45_C1_D80_0;T45_C1_D80_1
4096,high_dod,REFERENCE_INTERVAL_RISK,5,candidate_00724,T25_C2_D80_0;T25_C2_D80_2;T35_C1_D80_1;T35_C1_D80_2
4096,high_dod,REFERENCE_INTERVAL_RISK,6,candidate_00845,T35_C1_D100_1;T45_C0p5_D80_0;T45_C0p5_D80_3;T45_C1_D80_2
4096,combined_stress,REFERENCE_INTERVAL_RISK,1,candidate_00084,T25_C0p5_D100_0;T35_C0p5_D80_0;T35_C1_D80_3;baseline_2
4096,combined_stress,REFERENCE_INTERVAL_RISK,2,candidate_00124,T25_C0p5_D100_3;T25_C1_D100_1;T25_C2_D100_3;T35_C2_D80_2
4096,combined_stress,REFERENCE_INTERVAL_RISK,3,candidate_00426,T25_C1_D100_2;T25_C1_D100_3;T35_C0p5_D80_3;T35_C2_D80_3
4096,combined_stress,REFERENCE_INTERVAL_RISK,4,candidate_00579,T25_C2_D100_0;T35_C0p5_D100_2;T45_C1_D80_0;T45_C1_D80_1
4096,combined_stress,REFERENCE_INTERVAL_RISK,5,candidate_00724,T25_C2_D80_0;T25_C2_D80_2;T35_C1_D80_1;T35_C1_D80_2
4096,combined_stress,REFERENCE_INTERVAL_RISK,6,candidate_00845,T35_C1_D100_1;T45_C0p5_D80_0;T45_C0p5_D80_3;T45_C1_D80_2
4096,combined_stress,ROBUST_LOSO,1,candidate_00042,T25_C0p5_D100_0;T25_C1_D100_2;T35_C0p5_D80_3;T35_C2_D80_3
4096,combined_stress,ROBUST_LOSO,2,candidate_00245,T25_C0p5_D100_3;T25_C2_D80_2;T35_C0p5_D80_0;T35_C1_D80_1
4096,combined_stress,ROBUST_LOSO,3,candidate_00754,T25_C2_D80_0;T35_C1_D80_2;T35_C1_D80_3;baseline_2
8110,baseline_use,REFERENCE_INTERVAL_RISK,1,candidate_00072,T25_C0p5_D100_0;T35_C0p5_D80_0;T35_C1_D80_2;T35_C1_D80_3
8110,baseline_use,REFERENCE_INTERVAL_RISK,2,candidate_00100,T25_C0p5_D100_1;T25_C0p5_D100_3;T25_C1_D100_3;T35_C1_D80_1
8110,baseline_use,REFERENCE_INTERVAL_RISK,3,candidate_00321,T25_C1_D100_0;T25_C1_D100_1;T35_C2_D80_1;T35_C2_D80_2
8110,baseline_use,REFERENCE_INTERVAL_RISK,4,candidate_00574,T25_C1_D100_2;T35_C2_D80_3;T45_C0p5_D80_0;T45_C0p5_D80_1
8110,baseline_use,REFERENCE_INTERVAL_RISK,5,candidate_00636,T25_C2_D100_0;T35_C0p5_D100_1;T35_C2_D80_0;T45_C1_D80_1
8110,baseline_use,REFERENCE_INTERVAL_RISK,6,candidate_00750,T25_C2_D100_1;T35_C0p5_D100_2;T35_C0p5_D100_3;T45_C1_D80_0
8110,baseline_use,REFERENCE_INTERVAL_RISK,7,candidate_00863,T25_C2_D100_3;T45_C0p5_D80_2;T45_C0p5_D80_3;T45_C1_D80_2
8110,baseline_use,ROBUST_LOSO,1,candidate_00088,T25_C0p5_D100_0;T35_C0p5_D80_0;T35_C1_D80_3;T35_C2_D80_1
8110,high_temperature,REFERENCE_INTERVAL_RISK,1,candidate_00072,T25_C0p5_D100_0;T35_C0p5_D80_0;T35_C1_D80_2;T35_C1_D80_3
8110,high_temperature,REFERENCE_INTERVAL_RISK,2,candidate_00100,T25_C0p5_D100_1;T25_C0p5_D100_3;T25_C1_D100_3;T35_C1_D80_1
8110,high_temperature,REFERENCE_INTERVAL_RISK,3,candidate_00321,T25_C1_D100_0;T25_C1_D100_1;T35_C2_D80_1;T35_C2_D80_2
8110,high_temperature,REFERENCE_INTERVAL_RISK,4,candidate_00574,T25_C1_D100_2;T35_C2_D80_3;T45_C0p5_D80_0;T45_C0p5_D80_1
8110,high_temperature,REFERENCE_INTERVAL_RISK,5,candidate_00636,T25_C2_D100_0;T35_C0p5_D100_1;T35_C2_D80_0;T45_C1_D80_1
8110,high_temperature,REFERENCE_INTERVAL_RISK,6,candidate_00750,T25_C2_D100_1;T35_C0p5_D100_2;T35_C0p5_D100_3;T45_C1_D80_0
8110,high_temperature,REFERENCE_INTERVAL_RISK,7,candidate_00863,T25_C2_D100_3;T45_C0p5_D80_2;T45_C0p5_D80_3;T45_C1_D80_2
8110,high_temperature,ROBUST_LOSO,1,candidate_00088,T25_C0p5_D100_0;T35_C0p5_D80_0;T35_C1_D80_3;T35_C2_D80_1
8110,high_c_rate,REFERENCE_INTERVAL_RISK,1,candidate_00072,T25_C0p5_D100_0;T35_C0p5_D80_0;T35_C1_D80_2;T35_C1_D80_3
8110,high_c_rate,REFERENCE_INTERVAL_RISK,2,candidate_00100,T25_C0p5_D100_1;T25_C0p5_D100_3;T25_C1_D100_3;T35_C1_D80_1
8110,high_c_rate,REFERENCE_INTERVAL_RISK,3,candidate_00321,T25_C1_D100_0;T25_C1_D100_1;T35_C2_D80_1;T35_C2_D80_2
8110,high_c_rate,REFERENCE_INTERVAL_RISK,4,candidate_00574,T25_C1_D100_2;T35_C2_D80_3;T45_C0p5_D80_0;T45_C0p5_D80_1
8110,high_c_rate,REFERENCE_INTERVAL_RISK,5,candidate_00636,T25_C2_D100_0;T35_C0p5_D100_1;T35_C2_D80_0;T45_C1_D80_1
8110,high_c_rate,REFERENCE_INTERVAL_RISK,6,candidate_00750,T25_C2_D100_1;T35_C0p5_D100_2;T35_C0p5_D100_3;T45_C1_D80_0
8110,high_c_rate,REFERENCE_INTERVAL_RISK,7,candidate_00863,T25_C2_D100_3;T45_C0p5_D80_2;T45_C0p5_D80_3;T45_C1_D80_2
8110,high_c_rate,ROBUST_LOSO,1,candidate_00088,T25_C0p5_D100_0;T35_C0p5_D80_0;T35_C1_D80_3;T35_C2_D80_1
8110,high_dod,REFERENCE_INTERVAL_RISK,1,candidate_00072,T25_C0p5_D100_0;T35_C0p5_D80_0;T35_C1_D80_2;T35_C1_D80_3
8110,high_dod,REFERENCE_INTERVAL_RISK,2,candidate_00100,T25_C0p5_D100_1;T25_C0p5_D100_3;T25_C1_D100_3;T35_C1_D80_1
8110,high_dod,REFERENCE_INTERVAL_RISK,3,candidate_00321,T25_C1_D100_0;T25_C1_D100_1;T35_C2_D80_1;T35_C2_D80_2
8110,high_dod,REFERENCE_INTERVAL_RISK,4,candidate_00574,T25_C1_D100_2;T35_C2_D80_3;T45_C0p5_D80_0;T45_C0p5_D80_1
8110,high_dod,REFERENCE_INTERVAL_RISK,5,candidate_00636,T25_C2_D100_0;T35_C0p5_D100_1;T35_C2_D80_0;T45_C1_D80_1
8110,high_dod,REFERENCE_INTERVAL_RISK,6,candidate_00750,T25_C2_D100_1;T35_C0p5_D100_2;T35_C0p5_D100_3;T45_C1_D80_0
8110,high_dod,REFERENCE_INTERVAL_RISK,7,candidate_00863,T25_C2_D100_3;T45_C0p5_D80_2;T45_C0p5_D80_3;T45_C1_D80_2
8110,high_dod,ROBUST_LOSO,1,candidate_00088,T25_C0p5_D100_0;T35_C0p5_D80_0;T35_C1_D80_3;T35_C2_D80_1
8110,combined_stress,REFERENCE_INTERVAL_RISK,1,candidate_00072,T25_C0p5_D100_0;T35_C0p5_D80_0;T35_C1_D80_2;T35_C1_D80_3
8110,combined_stress,REFERENCE_INTERVAL_RISK,2,candidate_00100,T25_C0p5_D100_1;T25_C0p5_D100_3;T25_C1_D100_3;T35_C1_D80_1
8110,combined_stress,REFERENCE_INTERVAL_RISK,3,candidate_00321,T25_C1_D100_0;T25_C1_D100_1;T35_C2_D80_1;T35_C2_D80_2
8110,combined_stress,REFERENCE_INTERVAL_RISK,4,candidate_00574,T25_C1_D100_2;T35_C2_D80_3;T45_C0p5_D80_0;T45_C0p5_D80_1
8110,combined_stress,REFERENCE_INTERVAL_RISK,5,candidate_00636,T25_C2_D100_0;T35_C0p5_D100_1;T35_C2_D80_0;T45_C1_D80_1
8110,combined_stress,REFERENCE_INTERVAL_RISK,6,candidate_00750,T25_C2_D100_1;T35_C0p5_D100_2;T35_C0p5_D100_3;T45_C1_D80_0
8110,combined_stress,REFERENCE_INTERVAL_RISK,7,candidate_00863,T25_C2_D100_3;T45_C0p5_D80_2;T45_C0p5_D80_3;T45_C1_D80_2
8110,combined_stress,ROBUST_LOSO,1,candidate_00231,T25_C0p5_D100_1;T35_C0p5_D80_0;T35_C1_D80_1;T35_C1_D80_3
8110,combined_stress,ROBUST_LOSO,2,candidate_00309,T25_C0p5_D100_3;T35_C1_D80_2;T35_C2_D80_3;T45_C0p5_D80_1
17001,baseline_use,REFERENCE_INTERVAL_RISK,1,candidate_00071,T25_C0p5_D100_1;T25_C1_D100_1;T25_C2_D100_3;T45_C0p5_D80_3
17001,baseline_use,REFERENCE_INTERVAL_RISK,2,candidate_00250,T25_C0p5_D100_3;T35_C0p5_D80_1;T35_C1_D80_2;T35_C2_D80_1
17001,baseline_use,REFERENCE_INTERVAL_RISK,3,candidate_00323,T25_C1_D100_0;T25_C1_D100_3;T35_C2_D80_0;T45_C0p5_D80_2
17001,baseline_use,REFERENCE_INTERVAL_RISK,4,candidate_00434,T25_C1_D100_2;T35_C0p5_D100_2;T35_C2_D80_2;T45_C0p5_D80_0
17001,high_temperature,REFERENCE_INTERVAL_RISK,1,candidate_00071,T25_C0p5_D100_1;T25_C1_D100_1;T25_C2_D100_3;T45_C0p5_D80_3
17001,high_temperature,REFERENCE_INTERVAL_RISK,2,candidate_00250,T25_C0p5_D100_3;T35_C0p5_D80_1;T35_C1_D80_2;T35_C2_D80_1
17001,high_temperature,REFERENCE_INTERVAL_RISK,3,candidate_00323,T25_C1_D100_0;T25_C1_D100_3;T35_C2_D80_0;T45_C0p5_D80_2
17001,high_temperature,REFERENCE_INTERVAL_RISK,4,candidate_00434,T25_C1_D100_2;T35_C0p5_D100_2;T35_C2_D80_2;T45_C0p5_D80_0
17001,high_c_rate,REFERENCE_INTERVAL_RISK,1,candidate_00071,T25_C0p5_D100_1;T25_C1_D100_1;T25_C2_D100_3;T45_C0p5_D80_3
17001,high_c_rate,REFERENCE_INTERVAL_RISK,2,candidate_00250,T25_C0p5_D100_3;T35_C0p5_D80_1;T35_C1_D80_2;T35_C2_D80_1
17001,high_c_rate,REFERENCE_INTERVAL_RISK,3,candidate_00323,T25_C1_D100_0;T25_C1_D100_3;T35_C2_D80_0;T45_C0p5_D80_2
17001,high_c_rate,REFERENCE_INTERVAL_RISK,4,candidate_00434,T25_C1_D100_2;T35_C0p5_D100_2;T35_C2_D80_2;T45_C0p5_D80_0
17001,high_dod,REFERENCE_INTERVAL_RISK,1,candidate_00071,T25_C0p5_D100_1;T25_C1_D100_1;T25_C2_D100_3;T45_C0p5_D80_3
17001,high_dod,REFERENCE_INTERVAL_RISK,2,candidate_00250,T25_C0p5_D100_3;T35_C0p5_D80_1;T35_C1_D80_2;T35_C2_D80_1
17001,high_dod,REFERENCE_INTERVAL_RISK,3,candidate_00323,T25_C1_D100_0;T25_C1_D100_3;T35_C2_D80_0;T45_C0p5_D80_2
17001,high_dod,REFERENCE_INTERVAL_RISK,4,candidate_00434,T25_C1_D100_2;T35_C0p5_D100_2;T35_C2_D80_2;T45_C0p5_D80_0
17001,combined_stress,REFERENCE_INTERVAL_RISK,1,candidate_00071,T25_C0p5_D100_1;T25_C1_D100_1;T25_C2_D100_3;T45_C0p5_D80_3
17001,combined_stress,REFERENCE_INTERVAL_RISK,2,candidate_00250,T25_C0p5_D100_3;T35_C0p5_D80_1;T35_C1_D80_2;T35_C2_D80_1
17001,combined_stress,REFERENCE_INTERVAL_RISK,3,candidate_00323,T25_C1_D100_0;T25_C1_D100_3;T35_C2_D80_0;T45_C0p5_D80_2
17001,combined_stress,REFERENCE_INTERVAL_RISK,4,candidate_00434,T25_C1_D100_2;T35_C0p5_D100_2;T35_C2_D80_2;T45_C0p5_D80_0
17001,combined_stress,ROBUST_LOSO,1,candidate_00202,T25_C0p5_D100_3;T25_C1_D100_0;T35_C1_D80_2;T35_C2_D80_1
17002,baseline_use,REFERENCE_INTERVAL_RISK,1,candidate_00129,T25_C0p5_D100_3;T35_C2_D80_1;T35_C2_D80_2;T45_C0p5_D80_2
17002,baseline_use,REFERENCE_INTERVAL_RISK,2,candidate_00154,T25_C1_D100_2;T25_C1_D100_3;T25_C2_D100_3;T45_C0p5_D80_1
17002,baseline_use,REFERENCE_INTERVAL_RISK,3,candidate_00467,T25_C2_D100_0;T35_C0p5_D100_1;T35_C0p5_D100_2;T35_C1_D100_2
17002,baseline_use,REFERENCE_INTERVAL_RISK,4,candidate_00624,T25_C2_D100_1;T35_C2_D80_3;T45_C0p5_D80_0;T45_C1_D80_3
17002,baseline_use,REFERENCE_INTERVAL_RISK,5,candidate_00777,T35_C2_D80_0;T45_C0p5_D80_3;T45_C1_D80_0;T45_C1_D80_2
17002,high_temperature,REFERENCE_INTERVAL_RISK,1,candidate_00129,T25_C0p5_D100_3;T35_C2_D80_1;T35_C2_D80_2;T45_C0p5_D80_2
17002,high_temperature,REFERENCE_INTERVAL_RISK,2,candidate_00154,T25_C1_D100_2;T25_C1_D100_3;T25_C2_D100_3;T45_C0p5_D80_1
17002,high_temperature,REFERENCE_INTERVAL_RISK,3,candidate_00467,T25_C2_D100_0;T35_C0p5_D100_1;T35_C0p5_D100_2;T35_C1_D100_2
17002,high_temperature,REFERENCE_INTERVAL_RISK,4,candidate_00624,T25_C2_D100_1;T35_C2_D80_3;T45_C0p5_D80_0;T45_C1_D80_3
17002,high_temperature,REFERENCE_INTERVAL_RISK,5,candidate_00777,T35_C2_D80_0;T45_C0p5_D80_3;T45_C1_D80_0;T45_C1_D80_2
17002,high_c_rate,REFERENCE_INTERVAL_RISK,1,candidate_00129,T25_C0p5_D100_3;T35_C2_D80_1;T35_C2_D80_2;T45_C0p5_D80_2
17002,high_c_rate,REFERENCE_INTERVAL_RISK,2,candidate_00154,T25_C1_D100_2;T25_C1_D100_3;T25_C2_D100_3;T45_C0p5_D80_1
17002,high_c_rate,REFERENCE_INTERVAL_RISK,3,candidate_00467,T25_C2_D100_0;T35_C0p5_D100_1;T35_C0p5_D100_2;T35_C1_D100_2
17002,high_c_rate,REFERENCE_INTERVAL_RISK,4,candidate_00624,T25_C2_D100_1;T35_C2_D80_3;T45_C0p5_D80_0;T45_C1_D80_3
17002,high_c_rate,REFERENCE_INTERVAL_RISK,5,candidate_00777,T35_C2_D80_0;T45_C0p5_D80_3;T45_C1_D80_0;T45_C1_D80_2
17002,high_dod,REFERENCE_INTERVAL_RISK,1,candidate_00129,T25_C0p5_D100_3;T35_C2_D80_1;T35_C2_D80_2;T45_C0p5_D80_2
17002,high_dod,REFERENCE_INTERVAL_RISK,2,candidate_00154,T25_C1_D100_2;T25_C1_D100_3;T25_C2_D100_3;T45_C0p5_D80_1
17002,high_dod,REFERENCE_INTERVAL_RISK,3,candidate_00467,T25_C2_D100_0;T35_C0p5_D100_1;T35_C0p5_D100_2;T35_C1_D100_2
17002,high_dod,REFERENCE_INTERVAL_RISK,4,candidate_00624,T25_C2_D100_1;T35_C2_D80_3;T45_C0p5_D80_0;T45_C1_D80_3
17002,high_dod,REFERENCE_INTERVAL_RISK,5,candidate_00777,T35_C2_D80_0;T45_C0p5_D80_3;T45_C1_D80_0;T45_C1_D80_2
17002,combined_stress,REFERENCE_INTERVAL_RISK,1,candidate_00129,T25_C0p5_D100_3;T35_C2_D80_1;T35_C2_D80_2;T45_C0p5_D80_2
17002,combined_stress,REFERENCE_INTERVAL_RISK,2,candidate_00154,T25_C1_D100_2;T25_C1_D100_3;T25_C2_D100_3;T45_C0p5_D80_1
17002,combined_stress,REFERENCE_INTERVAL_RISK,3,candidate_00467,T25_C2_D100_0;T35_C0p5_D100_1;T35_C0p5_D100_2;T35_C1_D100_2
17002,combined_stress,REFERENCE_INTERVAL_RISK,4,candidate_00624,T25_C2_D100_1;T35_C2_D80_3;T45_C0p5_D80_0;T45_C1_D80_3
17002,combined_stress,REFERENCE_INTERVAL_RISK,5,candidate_00777,T35_C2_D80_0;T45_C0p5_D80_3;T45_C1_D80_0;T45_C1_D80_2
17002,combined_stress,ROBUST_LOSO,1,candidate_00111,T25_C0p5_D100_3;T35_C1_D80_2;T35_C2_D80_2;T45_C0p5_D80_2
17003,baseline_use,REFERENCE_INTERVAL_RISK,1,candidate_00086,T25_C0p5_D100_0;T25_C2_D80_1;T25_C2_D80_3;T35_C0p5_D80_1
17003,baseline_use,REFERENCE_INTERVAL_RISK,2,candidate_00127,T25_C0p5_D100_1;T25_C0p5_D100_2;T25_C1_D100_0;T35_C1_D80_0
17003,baseline_use,REFERENCE_INTERVAL_RISK,3,candidate_00427,T25_C0p5_D100_3;T25_C1_D100_1;T25_C1_D100_2;T35_C1_D80_2
17003,baseline_use,REFERENCE_INTERVAL_RISK,4,candidate_00718,T25_C1_D100_3;T35_C0p5_D80_2;T35_C1_D80_3;T35_C2_D80_2
17003,baseline_use,REFERENCE_INTERVAL_RISK,5,candidate_00783,T25_C2_D100_0;T35_C2_D80_0;T35_C2_D80_3;T45_C0p5_D80_3
17003,baseline_use,REFERENCE_INTERVAL_RISK,6,candidate_00887,T25_C2_D100_2;T35_C1_D100_1;T45_C1_D80_3;T45_C2_D80_3
17003,baseline_use,REFERENCE_INTERVAL_RISK,7,candidate_00989,T25_C2_D100_3;T35_C2_D80_1;T45_C0p5_D80_2;T45_C1_D80_1
17003,baseline_use,REFERENCE_INTERVAL_RISK,8,candidate_01057,T35_C0p5_D100_3;T45_C0p5_D80_0;T45_C0p5_D80_1;T45_C1_D80_2
17003,high_temperature,REFERENCE_INTERVAL_RISK,1,candidate_00086,T25_C0p5_D100_0;T25_C2_D80_1;T25_C2_D80_3;T35_C0p5_D80_1
17003,high_temperature,REFERENCE_INTERVAL_RISK,2,candidate_00127,T25_C0p5_D100_1;T25_C0p5_D100_2;T25_C1_D100_0;T35_C1_D80_0
17003,high_temperature,REFERENCE_INTERVAL_RISK,3,candidate_00427,T25_C0p5_D100_3;T25_C1_D100_1;T25_C1_D100_2;T35_C1_D80_2
17003,high_temperature,REFERENCE_INTERVAL_RISK,4,candidate_00718,T25_C1_D100_3;T35_C0p5_D80_2;T35_C1_D80_3;T35_C2_D80_2
17003,high_temperature,REFERENCE_INTERVAL_RISK,5,candidate_00783,T25_C2_D100_0;T35_C2_D80_0;T35_C2_D80_3;T45_C0p5_D80_3
17003,high_temperature,REFERENCE_INTERVAL_RISK,6,candidate_00887,T25_C2_D100_2;T35_C1_D100_1;T45_C1_D80_3;T45_C2_D80_3
17003,high_temperature,REFERENCE_INTERVAL_RISK,7,candidate_00989,T25_C2_D100_3;T35_C2_D80_1;T45_C0p5_D80_2;T45_C1_D80_1
17003,high_temperature,REFERENCE_INTERVAL_RISK,8,candidate_01057,T35_C0p5_D100_3;T45_C0p5_D80_0;T45_C0p5_D80_1;T45_C1_D80_2
17003,high_c_rate,REFERENCE_INTERVAL_RISK,1,candidate_00086,T25_C0p5_D100_0;T25_C2_D80_1;T25_C2_D80_3;T35_C0p5_D80_1
17003,high_c_rate,REFERENCE_INTERVAL_RISK,2,candidate_00127,T25_C0p5_D100_1;T25_C0p5_D100_2;T25_C1_D100_0;T35_C1_D80_0
17003,high_c_rate,REFERENCE_INTERVAL_RISK,3,candidate_00427,T25_C0p5_D100_3;T25_C1_D100_1;T25_C1_D100_2;T35_C1_D80_2
17003,high_c_rate,REFERENCE_INTERVAL_RISK,4,candidate_00718,T25_C1_D100_3;T35_C0p5_D80_2;T35_C1_D80_3;T35_C2_D80_2
17003,high_c_rate,REFERENCE_INTERVAL_RISK,5,candidate_00783,T25_C2_D100_0;T35_C2_D80_0;T35_C2_D80_3;T45_C0p5_D80_3
17003,high_c_rate,REFERENCE_INTERVAL_RISK,6,candidate_00887,T25_C2_D100_2;T35_C1_D100_1;T45_C1_D80_3;T45_C2_D80_3
17003,high_c_rate,REFERENCE_INTERVAL_RISK,7,candidate_00989,T25_C2_D100_3;T35_C2_D80_1;T45_C0p5_D80_2;T45_C1_D80_1
17003,high_c_rate,REFERENCE_INTERVAL_RISK,8,candidate_01057,T35_C0p5_D100_3;T45_C0p5_D80_0;T45_C0p5_D80_1;T45_C1_D80_2
17003,high_dod,REFERENCE_INTERVAL_RISK,1,candidate_00086,T25_C0p5_D100_0;T25_C2_D80_1;T25_C2_D80_3;T35_C0p5_D80_1
17003,high_dod,REFERENCE_INTERVAL_RISK,2,candidate_00127,T25_C0p5_D100_1;T25_C0p5_D100_2;T25_C1_D100_0;T35_C1_D80_0
17003,high_dod,REFERENCE_INTERVAL_RISK,3,candidate_00427,T25_C0p5_D100_3;T25_C1_D100_1;T25_C1_D100_2;T35_C1_D80_2
17003,high_dod,REFERENCE_INTERVAL_RISK,4,candidate_00718,T25_C1_D100_3;T35_C0p5_D80_2;T35_C1_D80_3;T35_C2_D80_2
17003,high_dod,REFERENCE_INTERVAL_RISK,5,candidate_00783,T25_C2_D100_0;T35_C2_D80_0;T35_C2_D80_3;T45_C0p5_D80_3
17003,high_dod,REFERENCE_INTERVAL_RISK,6,candidate_00887,T25_C2_D100_2;T35_C1_D100_1;T45_C1_D80_3;T45_C2_D80_3
17003,high_dod,REFERENCE_INTERVAL_RISK,7,candidate_00989,T25_C2_D100_3;T35_C2_D80_1;T45_C0p5_D80_2;T45_C1_D80_1
17003,high_dod,REFERENCE_INTERVAL_RISK,8,candidate_01057,T35_C0p5_D100_3;T45_C0p5_D80_0;T45_C0p5_D80_1;T45_C1_D80_2
17003,combined_stress,REFERENCE_INTERVAL_RISK,1,candidate_00086,T25_C0p5_D100_0;T25_C2_D80_1;T25_C2_D80_3;T35_C0p5_D80_1
17003,combined_stress,REFERENCE_INTERVAL_RISK,2,candidate_00127,T25_C0p5_D100_1;T25_C0p5_D100_2;T25_C1_D100_0;T35_C1_D80_0
17003,combined_stress,REFERENCE_INTERVAL_RISK,3,candidate_00427,T25_C0p5_D100_3;T25_C1_D100_1;T25_C1_D100_2;T35_C1_D80_2
17003,combined_stress,REFERENCE_INTERVAL_RISK,4,candidate_00718,T25_C1_D100_3;T35_C0p5_D80_2;T35_C1_D80_3;T35_C2_D80_2
17003,combined_stress,REFERENCE_INTERVAL_RISK,5,candidate_00783,T25_C2_D100_0;T35_C2_D80_0;T35_C2_D80_3;T45_C0p5_D80_3
17003,combined_stress,REFERENCE_INTERVAL_RISK,6,candidate_00887,T25_C2_D100_2;T35_C1_D100_1;T45_C1_D80_3;T45_C2_D80_3
17003,combined_stress,REFERENCE_INTERVAL_RISK,7,candidate_00989,T25_C2_D100_3;T35_C2_D80_1;T45_C0p5_D80_2;T45_C1_D80_1
17003,combined_stress,REFERENCE_INTERVAL_RISK,8,candidate_01057,T35_C0p5_D100_3;T45_C0p5_D80_0;T45_C0p5_D80_1;T45_C1_D80_2
17003,combined_stress,ROBUST_LOSO,1,candidate_00097,T25_C0p5_D100_0;T25_C2_D80_3;T35_C0p5_D80_2;T35_C1_D80_3
17003,combined_stress,ROBUST_LOSO,2,candidate_00199,T25_C0p5_D100_1;T25_C1_D100_0;T25_C1_D100_1;T35_C1_D80_2
17003,combined_stress,ROBUST_LOSO,3,candidate_00377,T25_C0p5_D100_2;T35_C1_D80_0;T35_C2_D80_0;T35_C2_D80_2
17004,baseline_use,REFERENCE_INTERVAL_RISK,1,candidate_00005,T25_C0p5_D100_0;T25_C0p5_D100_1;T25_C0p5_D100_2;T35_C2_D80_3
17004,baseline_use,REFERENCE_INTERVAL_RISK,2,candidate_00497,T25_C1_D100_1;T25_C2_D100_1;T35_C0p5_D100_2;T45_C0p5_D80_2
17004,baseline_use,REFERENCE_INTERVAL_RISK,3,candidate_00593,T25_C1_D100_2;T35_C1_D80_3;T35_C2_D80_1;T45_C1_D80_3
17004,baseline_use,REFERENCE_INTERVAL_RISK,4,candidate_00645,T25_C1_D100_3;T35_C2_D80_2;T45_C0p5_D80_1;T45_C1_D80_0
17004,baseline_use,REFERENCE_INTERVAL_RISK,5,candidate_00668,T25_C2_D100_0;T25_C2_D100_2;T35_C1_D100_0;T45_C0p5_D80_3
17004,high_temperature,REFERENCE_INTERVAL_RISK,1,candidate_00005,T25_C0p5_D100_0;T25_C0p5_D100_1;T25_C0p5_D100_2;T35_C2_D80_3
17004,high_temperature,REFERENCE_INTERVAL_RISK,2,candidate_00497,T25_C1_D100_1;T25_C2_D100_1;T35_C0p5_D100_2;T45_C0p5_D80_2
17004,high_temperature,REFERENCE_INTERVAL_RISK,3,candidate_00593,T25_C1_D100_2;T35_C1_D80_3;T35_C2_D80_1;T45_C1_D80_3
17004,high_temperature,REFERENCE_INTERVAL_RISK,4,candidate_00645,T25_C1_D100_3;T35_C2_D80_2;T45_C0p5_D80_1;T45_C1_D80_0
17004,high_temperature,REFERENCE_INTERVAL_RISK,5,candidate_00668,T25_C2_D100_0;T25_C2_D100_2;T35_C1_D100_0;T45_C0p5_D80_3
17004,high_c_rate,REFERENCE_INTERVAL_RISK,1,candidate_00005,T25_C0p5_D100_0;T25_C0p5_D100_1;T25_C0p5_D100_2;T35_C2_D80_3
17004,high_c_rate,REFERENCE_INTERVAL_RISK,2,candidate_00497,T25_C1_D100_1;T25_C2_D100_1;T35_C0p5_D100_2;T45_C0p5_D80_2
17004,high_c_rate,REFERENCE_INTERVAL_RISK,3,candidate_00593,T25_C1_D100_2;T35_C1_D80_3;T35_C2_D80_1;T45_C1_D80_3
17004,high_c_rate,REFERENCE_INTERVAL_RISK,4,candidate_00645,T25_C1_D100_3;T35_C2_D80_2;T45_C0p5_D80_1;T45_C1_D80_0
17004,high_c_rate,REFERENCE_INTERVAL_RISK,5,candidate_00668,T25_C2_D100_0;T25_C2_D100_2;T35_C1_D100_0;T45_C0p5_D80_3
17004,high_dod,REFERENCE_INTERVAL_RISK,1,candidate_00005,T25_C0p5_D100_0;T25_C0p5_D100_1;T25_C0p5_D100_2;T35_C2_D80_3
17004,high_dod,REFERENCE_INTERVAL_RISK,2,candidate_00497,T25_C1_D100_1;T25_C2_D100_1;T35_C0p5_D100_2;T45_C0p5_D80_2
17004,high_dod,REFERENCE_INTERVAL_RISK,3,candidate_00593,T25_C1_D100_2;T35_C1_D80_3;T35_C2_D80_1;T45_C1_D80_3
17004,high_dod,REFERENCE_INTERVAL_RISK,4,candidate_00645,T25_C1_D100_3;T35_C2_D80_2;T45_C0p5_D80_1;T45_C1_D80_0
17004,high_dod,REFERENCE_INTERVAL_RISK,5,candidate_00668,T25_C2_D100_0;T25_C2_D100_2;T35_C1_D100_0;T45_C0p5_D80_3
17004,combined_stress,REFERENCE_INTERVAL_RISK,1,candidate_00005,T25_C0p5_D100_0;T25_C0p5_D100_1;T25_C0p5_D100_2;T35_C2_D80_3
17004,combined_stress,REFERENCE_INTERVAL_RISK,2,candidate_00497,T25_C1_D100_1;T25_C2_D100_1;T35_C0p5_D100_2;T45_C0p5_D80_2
17004,combined_stress,REFERENCE_INTERVAL_RISK,3,candidate_00593,T25_C1_D100_2;T35_C1_D80_3;T35_C2_D80_1;T45_C1_D80_3
17004,combined_stress,REFERENCE_INTERVAL_RISK,4,candidate_00645,T25_C1_D100_3;T35_C2_D80_2;T45_C0p5_D80_1;T45_C1_D80_0
17004,combined_stress,REFERENCE_INTERVAL_RISK,5,candidate_00668,T25_C2_D100_0;T25_C2_D100_2;T35_C1_D100_0;T45_C0p5_D80_3
17004,combined_stress,ROBUST_LOSO,1,candidate_00023,T25_C0p5_D100_0;T25_C0p5_D100_1;T25_C1_D100_3;T35_C2_D80_1
17004,combined_stress,ROBUST_LOSO,2,candidate_00309,T25_C0p5_D100_2;T25_C1_D100_0;T35_C1_D80_3;T35_C2_D80_2
17005,baseline_use,REFERENCE_INTERVAL_RISK,1,candidate_00225,T25_C0p5_D100_2;T25_C0p5_D100_3;T25_C1_D100_0;T25_C1_D100_2
17005,baseline_use,REFERENCE_INTERVAL_RISK,2,candidate_00564,T25_C1_D100_1;T35_C2_D80_1;T45_C0p5_D80_1;T45_C0p5_D80_3
17005,baseline_use,REFERENCE_INTERVAL_RISK,3,candidate_00650,T25_C1_D100_3;T45_C0p5_D80_0;T45_C0p5_D80_2;T45_C1_D80_3
17005,baseline_use,REFERENCE_INTERVAL_RISK,4,candidate_00663,T25_C2_D100_0;T25_C2_D100_1;T25_C2_D100_3;T35_C2_D80_2
17005,baseline_use,REFERENCE_INTERVAL_RISK,5,candidate_00829,T25_C2_D80_1;T35_C0p5_D80_3;T35_C1_D80_1;T35_C2_D80_0
17005,baseline_use,REFERENCE_INTERVAL_RISK,6,candidate_00833,T35_C0p5_D100_1;T35_C0p5_D100_2;T35_C1_D100_2;T45_C1_D80_0
17005,high_temperature,REFERENCE_INTERVAL_RISK,1,candidate_00225,T25_C0p5_D100_2;T25_C0p5_D100_3;T25_C1_D100_0;T25_C1_D100_2
17005,high_temperature,REFERENCE_INTERVAL_RISK,2,candidate_00564,T25_C1_D100_1;T35_C2_D80_1;T45_C0p5_D80_1;T45_C0p5_D80_3
17005,high_temperature,REFERENCE_INTERVAL_RISK,3,candidate_00650,T25_C1_D100_3;T45_C0p5_D80_0;T45_C0p5_D80_2;T45_C1_D80_3
17005,high_temperature,REFERENCE_INTERVAL_RISK,4,candidate_00663,T25_C2_D100_0;T25_C2_D100_1;T25_C2_D100_3;T35_C2_D80_2
17005,high_temperature,REFERENCE_INTERVAL_RISK,5,candidate_00829,T25_C2_D80_1;T35_C0p5_D80_3;T35_C1_D80_1;T35_C2_D80_0
17005,high_temperature,REFERENCE_INTERVAL_RISK,6,candidate_00833,T35_C0p5_D100_1;T35_C0p5_D100_2;T35_C1_D100_2;T45_C1_D80_0
17005,high_c_rate,REFERENCE_INTERVAL_RISK,1,candidate_00225,T25_C0p5_D100_2;T25_C0p5_D100_3;T25_C1_D100_0;T25_C1_D100_2
17005,high_c_rate,REFERENCE_INTERVAL_RISK,2,candidate_00564,T25_C1_D100_1;T35_C2_D80_1;T45_C0p5_D80_1;T45_C0p5_D80_3
17005,high_c_rate,REFERENCE_INTERVAL_RISK,3,candidate_00650,T25_C1_D100_3;T45_C0p5_D80_0;T45_C0p5_D80_2;T45_C1_D80_3
17005,high_c_rate,REFERENCE_INTERVAL_RISK,4,candidate_00663,T25_C2_D100_0;T25_C2_D100_1;T25_C2_D100_3;T35_C2_D80_2
17005,high_c_rate,REFERENCE_INTERVAL_RISK,5,candidate_00829,T25_C2_D80_1;T35_C0p5_D80_3;T35_C1_D80_1;T35_C2_D80_0
17005,high_c_rate,REFERENCE_INTERVAL_RISK,6,candidate_00833,T35_C0p5_D100_1;T35_C0p5_D100_2;T35_C1_D100_2;T45_C1_D80_0
17005,high_dod,REFERENCE_INTERVAL_RISK,1,candidate_00225,T25_C0p5_D100_2;T25_C0p5_D100_3;T25_C1_D100_0;T25_C1_D100_2
17005,high_dod,REFERENCE_INTERVAL_RISK,2,candidate_00564,T25_C1_D100_1;T35_C2_D80_1;T45_C0p5_D80_1;T45_C0p5_D80_3
17005,high_dod,REFERENCE_INTERVAL_RISK,3,candidate_00650,T25_C1_D100_3;T45_C0p5_D80_0;T45_C0p5_D80_2;T45_C1_D80_3
17005,high_dod,REFERENCE_INTERVAL_RISK,4,candidate_00663,T25_C2_D100_0;T25_C2_D100_1;T25_C2_D100_3;T35_C2_D80_2
17005,high_dod,REFERENCE_INTERVAL_RISK,5,candidate_00829,T25_C2_D80_1;T35_C0p5_D80_3;T35_C1_D80_1;T35_C2_D80_0
17005,high_dod,REFERENCE_INTERVAL_RISK,6,candidate_00833,T35_C0p5_D100_1;T35_C0p5_D100_2;T35_C1_D100_2;T45_C1_D80_0
17005,combined_stress,REFERENCE_INTERVAL_RISK,1,candidate_00225,T25_C0p5_D100_2;T25_C0p5_D100_3;T25_C1_D100_0;T25_C1_D100_2
17005,combined_stress,REFERENCE_INTERVAL_RISK,2,candidate_00564,T25_C1_D100_1;T35_C2_D80_1;T45_C0p5_D80_1;T45_C0p5_D80_3
17005,combined_stress,REFERENCE_INTERVAL_RISK,3,candidate_00650,T25_C1_D100_3;T45_C0p5_D80_0;T45_C0p5_D80_2;T45_C1_D80_3
17005,combined_stress,REFERENCE_INTERVAL_RISK,4,candidate_00663,T25_C2_D100_0;T25_C2_D100_1;T25_C2_D100_3;T35_C2_D80_2
17005,combined_stress,REFERENCE_INTERVAL_RISK,5,candidate_00829,T25_C2_D80_1;T35_C0p5_D80_3;T35_C1_D80_1;T35_C2_D80_0
17005,combined_stress,REFERENCE_INTERVAL_RISK,6,candidate_00833,T35_C0p5_D100_1;T35_C0p5_D100_2;T35_C1_D100_2;T45_C1_D80_0
17005,combined_stress,ROBUST_LOSO,1,candidate_00121,T25_C0p5_D100_0;T25_C2_D100_2;T25_C2_D100_3;T35_C2_D80_2
17005,combined_stress,ROBUST_LOSO,2,candidate_00179,T25_C0p5_D100_1;T25_C0p5_D100_3;T25_C1_D100_0;T35_C2_D80_0
17005,combined_stress,ROBUST_LOSO,3,candidate_00298,T25_C0p5_D100_2;T25_C2_D80_1;T35_C0p5_D80_3;T35_C1_D80_1
17006,baseline_use,REFERENCE_INTERVAL_RISK,1,candidate_00031,T25_C0p5_D100_1;T25_C2_D80_3;T35_C2_D80_3;T45_C0p5_D80_3
17006,baseline_use,REFERENCE_INTERVAL_RISK,2,candidate_00038,T25_C0p5_D100_2;T25_C1_D100_0;T25_C2_D100_1;T45_C1_D80_0
17006,high_temperature,REFERENCE_INTERVAL_RISK,1,candidate_00031,T25_C0p5_D100_1;T25_C2_D80_3;T35_C2_D80_3;T45_C0p5_D80_3
17006,high_temperature,REFERENCE_INTERVAL_RISK,2,candidate_00038,T25_C0p5_D100_2;T25_C1_D100_0;T25_C2_D100_1;T45_C1_D80_0
17006,high_c_rate,REFERENCE_INTERVAL_RISK,1,candidate_00031,T25_C0p5_D100_1;T25_C2_D80_3;T35_C2_D80_3;T45_C0p5_D80_3
17006,high_c_rate,REFERENCE_INTERVAL_RISK,2,candidate_00038,T25_C0p5_D100_2;T25_C1_D100_0;T25_C2_D100_1;T45_C1_D80_0
17006,high_dod,REFERENCE_INTERVAL_RISK,1,candidate_00031,T25_C0p5_D100_1;T25_C2_D80_3;T35_C2_D80_3;T45_C0p5_D80_3
17006,high_dod,REFERENCE_INTERVAL_RISK,2,candidate_00038,T25_C0p5_D100_2;T25_C1_D100_0;T25_C2_D100_1;T45_C1_D80_0
17006,combined_stress,REFERENCE_INTERVAL_RISK,1,candidate_00031,T25_C0p5_D100_1;T25_C2_D80_3;T35_C2_D80_3;T45_C0p5_D80_3
17006,combined_stress,REFERENCE_INTERVAL_RISK,2,candidate_00038,T25_C0p5_D100_2;T25_C1_D100_0;T25_C2_D100_1;T45_C1_D80_0
17007,baseline_use,REFERENCE_INTERVAL_RISK,1,candidate_00158,T25_C0p5_D100_0;T35_C0p5_D80_1;T35_C0p5_D80_2;T35_C1_D80_1
17007,baseline_use,REFERENCE_INTERVAL_RISK,2,candidate_00250,T25_C0p5_D100_1;T25_C1_D100_3;T25_C2_D100_2;T35_C1_D80_2
17007,baseline_use,REFERENCE_INTERVAL_RISK,3,candidate_00324,T25_C0p5_D100_3;T25_C1_D100_1;T25_C2_D80_1;T35_C2_D80_1
17007,baseline_use,REFERENCE_INTERVAL_RISK,4,candidate_00412,T25_C1_D100_0;T25_C2_D80_0;T25_C2_D80_3;T35_C1_D80_3
17007,baseline_use,REFERENCE_INTERVAL_RISK,5,candidate_00716,T25_C2_D100_0;T25_C2_D100_3;T35_C2_D80_2;T45_C0p5_D80_3
17007,baseline_use,REFERENCE_INTERVAL_RISK,6,candidate_00960,T25_C2_D100_1;T45_C1_D80_0;T45_C1_D80_2;T45_C1_D80_3
17007,baseline_use,REFERENCE_INTERVAL_RISK,7,candidate_01127,T35_C0p5_D100_0;T35_C1_D100_3;T45_C0p5_D80_0;T45_C1_D80_1
17007,baseline_use,REFERENCE_INTERVAL_RISK,8,candidate_01160,T35_C0p5_D100_1;T35_C2_D80_0;T45_C0p5_D80_1;T45_C0p5_D80_2
17007,high_temperature,REFERENCE_INTERVAL_RISK,1,candidate_00158,T25_C0p5_D100_0;T35_C0p5_D80_1;T35_C0p5_D80_2;T35_C1_D80_1
17007,high_temperature,REFERENCE_INTERVAL_RISK,2,candidate_00250,T25_C0p5_D100_1;T25_C1_D100_3;T25_C2_D100_2;T35_C1_D80_2
17007,high_temperature,REFERENCE_INTERVAL_RISK,3,candidate_00324,T25_C0p5_D100_3;T25_C1_D100_1;T25_C2_D80_1;T35_C2_D80_1
17007,high_temperature,REFERENCE_INTERVAL_RISK,4,candidate_00412,T25_C1_D100_0;T25_C2_D80_0;T25_C2_D80_3;T35_C1_D80_3
17007,high_temperature,REFERENCE_INTERVAL_RISK,5,candidate_00716,T25_C2_D100_0;T25_C2_D100_3;T35_C2_D80_2;T45_C0p5_D80_3
17007,high_temperature,REFERENCE_INTERVAL_RISK,6,candidate_00960,T25_C2_D100_1;T45_C1_D80_0;T45_C1_D80_2;T45_C1_D80_3
17007,high_temperature,REFERENCE_INTERVAL_RISK,7,candidate_01127,T35_C0p5_D100_0;T35_C1_D100_3;T45_C0p5_D80_0;T45_C1_D80_1
17007,high_temperature,REFERENCE_INTERVAL_RISK,8,candidate_01160,T35_C0p5_D100_1;T35_C2_D80_0;T45_C0p5_D80_1;T45_C0p5_D80_2
17007,high_c_rate,REFERENCE_INTERVAL_RISK,1,candidate_00158,T25_C0p5_D100_0;T35_C0p5_D80_1;T35_C0p5_D80_2;T35_C1_D80_1
17007,high_c_rate,REFERENCE_INTERVAL_RISK,2,candidate_00250,T25_C0p5_D100_1;T25_C1_D100_3;T25_C2_D100_2;T35_C1_D80_2
17007,high_c_rate,REFERENCE_INTERVAL_RISK,3,candidate_00324,T25_C0p5_D100_3;T25_C1_D100_1;T25_C2_D80_1;T35_C2_D80_1
17007,high_c_rate,REFERENCE_INTERVAL_RISK,4,candidate_00412,T25_C1_D100_0;T25_C2_D80_0;T25_C2_D80_3;T35_C1_D80_3
17007,high_c_rate,REFERENCE_INTERVAL_RISK,5,candidate_00716,T25_C2_D100_0;T25_C2_D100_3;T35_C2_D80_2;T45_C0p5_D80_3
17007,high_c_rate,REFERENCE_INTERVAL_RISK,6,candidate_00960,T25_C2_D100_1;T45_C1_D80_0;T45_C1_D80_2;T45_C1_D80_3
17007,high_c_rate,REFERENCE_INTERVAL_RISK,7,candidate_01127,T35_C0p5_D100_0;T35_C1_D100_3;T45_C0p5_D80_0;T45_C1_D80_1
17007,high_c_rate,REFERENCE_INTERVAL_RISK,8,candidate_01160,T35_C0p5_D100_1;T35_C2_D80_0;T45_C0p5_D80_1;T45_C0p5_D80_2
17007,high_dod,REFERENCE_INTERVAL_RISK,1,candidate_00158,T25_C0p5_D100_0;T35_C0p5_D80_1;T35_C0p5_D80_2;T35_C1_D80_1
17007,high_dod,REFERENCE_INTERVAL_RISK,2,candidate_00250,T25_C0p5_D100_1;T25_C1_D100_3;T25_C2_D100_2;T35_C1_D80_2
17007,high_dod,REFERENCE_INTERVAL_RISK,3,candidate_00324,T25_C0p5_D100_3;T25_C1_D100_1;T25_C2_D80_1;T35_C2_D80_1
17007,high_dod,REFERENCE_INTERVAL_RISK,4,candidate_00412,T25_C1_D100_0;T25_C2_D80_0;T25_C2_D80_3;T35_C1_D80_3
17007,high_dod,REFERENCE_INTERVAL_RISK,5,candidate_00716,T25_C2_D100_0;T25_C2_D100_3;T35_C2_D80_2;T45_C0p5_D80_3
17007,high_dod,REFERENCE_INTERVAL_RISK,6,candidate_00960,T25_C2_D100_1;T45_C1_D80_0;T45_C1_D80_2;T45_C1_D80_3
17007,high_dod,REFERENCE_INTERVAL_RISK,7,candidate_01127,T35_C0p5_D100_0;T35_C1_D100_3;T45_C0p5_D80_0;T45_C1_D80_1
17007,high_dod,REFERENCE_INTERVAL_RISK,8,candidate_01160,T35_C0p5_D100_1;T35_C2_D80_0;T45_C0p5_D80_1;T45_C0p5_D80_2
17007,combined_stress,REFERENCE_INTERVAL_RISK,1,candidate_00158,T25_C0p5_D100_0;T35_C0p5_D80_1;T35_C0p5_D80_2;T35_C1_D80_1
17007,combined_stress,REFERENCE_INTERVAL_RISK,2,candidate_00250,T25_C0p5_D100_1;T25_C1_D100_3;T25_C2_D100_2;T35_C1_D80_2
17007,combined_stress,REFERENCE_INTERVAL_RISK,3,candidate_00324,T25_C0p5_D100_3;T25_C1_D100_1;T25_C2_D80_1;T35_C2_D80_1
17007,combined_stress,REFERENCE_INTERVAL_RISK,4,candidate_00412,T25_C1_D100_0;T25_C2_D80_0;T25_C2_D80_3;T35_C1_D80_3
17007,combined_stress,REFERENCE_INTERVAL_RISK,5,candidate_00716,T25_C2_D100_0;T25_C2_D100_3;T35_C2_D80_2;T45_C0p5_D80_3
17007,combined_stress,REFERENCE_INTERVAL_RISK,6,candidate_00960,T25_C2_D100_1;T45_C1_D80_0;T45_C1_D80_2;T45_C1_D80_3
17007,combined_stress,REFERENCE_INTERVAL_RISK,7,candidate_01127,T35_C0p5_D100_0;T35_C1_D100_3;T45_C0p5_D80_0;T45_C1_D80_1
17007,combined_stress,REFERENCE_INTERVAL_RISK,8,candidate_01160,T35_C0p5_D100_1;T35_C2_D80_0;T45_C0p5_D80_1;T45_C0p5_D80_2
17007,combined_stress,ROBUST_LOSO,1,candidate_00167,T25_C0p5_D100_0;T25_C2_D80_1;T35_C0p5_D80_1;T35_C1_D80_1
17007,combined_stress,ROBUST_LOSO,2,candidate_00328,T25_C0p5_D100_3;T25_C1_D100_0;T25_C2_D80_0;T35_C0p5_D80_2
17007,combined_stress,ROBUST_LOSO,3,candidate_00500,T25_C1_D100_1;T25_C1_D100_2;T35_C2_D80_1;T45_C0p5_D80_2
17007,combined_stress,ROBUST_LOSO,4,candidate_00716,T25_C1_D100_3;T25_C2_D80_3;T35_C1_D80_2;T35_C1_D80_3
17008,baseline_use,REFERENCE_INTERVAL_RISK,1,candidate_00021,T25_C2_D100_0;T35_C0p5_D100_1;T35_C1_D80_3;T35_C2_D80_3
17008,high_temperature,REFERENCE_INTERVAL_RISK,1,candidate_00021,T25_C2_D100_0;T35_C0p5_D100_1;T35_C1_D80_3;T35_C2_D80_3
17008,high_c_rate,REFERENCE_INTERVAL_RISK,1,candidate_00021,T25_C2_D100_0;T35_C0p5_D100_1;T35_C1_D80_3;T35_C2_D80_3
17008,high_dod,REFERENCE_INTERVAL_RISK,1,candidate_00021,T25_C2_D100_0;T35_C0p5_D100_1;T35_C1_D80_3;T35_C2_D80_3
17008,combined_stress,REFERENCE_INTERVAL_RISK,1,candidate_00021,T25_C2_D100_0;T35_C0p5_D100_1;T35_C1_D80_3;T35_C2_D80_3
17009,baseline_use,REFERENCE_INTERVAL_RISK,1,candidate_00478,T25_C0p5_D80_0;T25_C0p5_D80_3;T45_C1_D50_0;T45_C1_D50_3
17009,baseline_use,REFERENCE_INTERVAL_RISK,2,candidate_00727,T25_C0p5_D80_1;T45_C2_D50_3;baseline_1;baseline_3
17009,baseline_use,REFERENCE_INTERVAL_RISK,3,candidate_00768,T25_C0p5_D80_2;T45_C0p5_D50_1;T45_C0p5_D50_3;T45_C1_D50_1
17009,baseline_use,REFERENCE_INTERVAL_RISK,4,candidate_01741,T25_C2_D80_0;T25_C2_D80_2;T45_C2_D50_1;T45_C2_D50_2
17009,baseline_use,REFERENCE_INTERVAL_RISK,5,candidate_01819,T25_C2_D80_1;T25_C2_D80_3;T35_C0p5_D80_1;T35_C0p5_D80_2
17009,baseline_use,REFERENCE_INTERVAL_RISK,6,candidate_01940,T35_C0p5_D100_0;T35_C0p5_D100_1;T35_C1_D100_1;T45_C0p5_D80_0
17009,baseline_use,REFERENCE_INTERVAL_RISK,7,candidate_02467,T35_C1_D50_3;T35_C2_D50_0;T35_C2_D50_1;T45_C0p5_D50_0
17009,baseline_use,REFERENCE_INTERVAL_RISK,8,candidate_02716,T45_C0p5_D50_2;T45_C1_D50_2;baseline_0;baseline_2
17009,baseline_use,ROBUST_LOSO,1,candidate_00555,T25_C0p5_D80_0;T35_C2_D50_0;T45_C1_D50_0;T45_C1_D50_3
17009,baseline_use,ROBUST_LOSO,2,candidate_00718,T25_C0p5_D80_1;T45_C2_D50_0;baseline_1;baseline_3
17009,baseline_use,ROBUST_LOSO,3,candidate_00767,T25_C0p5_D80_2;T45_C0p5_D50_1;T45_C0p5_D50_3;T45_C1_D50_1
17009,baseline_use,ROBUST_LOSO,4,candidate_00887,T25_C0p5_D80_3;T45_C0p5_D50_2;baseline_0;baseline_2
17009,baseline_use,ROBUST_LOSO,5,candidate_01912,T25_C2_D80_2;T45_C2_D50_1;T45_C2_D50_2;T45_C2_D50_3
17009,baseline_use,ROBUST_LOSO,6,candidate_02503,T35_C1_D50_3;T35_C2_D50_1;T45_C0p5_D50_0;T45_C1_D50_2
17009,high_temperature,REFERENCE_INTERVAL_RISK,1,candidate_00478,T25_C0p5_D80_0;T25_C0p5_D80_3;T45_C1_D50_0;T45_C1_D50_3
17009,high_temperature,REFERENCE_INTERVAL_RISK,2,candidate_00727,T25_C0p5_D80_1;T45_C2_D50_3;baseline_1;baseline_3
17009,high_temperature,REFERENCE_INTERVAL_RISK,3,candidate_00768,T25_C0p5_D80_2;T45_C0p5_D50_1;T45_C0p5_D50_3;T45_C1_D50_1
17009,high_temperature,REFERENCE_INTERVAL_RISK,4,candidate_01741,T25_C2_D80_0;T25_C2_D80_2;T45_C2_D50_1;T45_C2_D50_2
17009,high_temperature,REFERENCE_INTERVAL_RISK,5,candidate_01819,T25_C2_D80_1;T25_C2_D80_3;T35_C0p5_D80_1;T35_C0p5_D80_2
17009,high_temperature,REFERENCE_INTERVAL_RISK,6,candidate_01940,T35_C0p5_D100_0;T35_C0p5_D100_1;T35_C1_D100_1;T45_C0p5_D80_0
17009,high_temperature,REFERENCE_INTERVAL_RISK,7,candidate_02467,T35_C1_D50_3;T35_C2_D50_0;T35_C2_D50_1;T45_C0p5_D50_0
17009,high_temperature,REFERENCE_INTERVAL_RISK,8,candidate_02716,T45_C0p5_D50_2;T45_C1_D50_2;baseline_0;baseline_2
17009,high_temperature,ROBUST_LOSO,1,candidate_00532,T25_C0p5_D80_0;T25_C2_D80_2;T45_C1_D50_0;T45_C2_D50_2
17009,high_temperature,ROBUST_LOSO,2,candidate_00667,T25_C0p5_D80_1;T45_C0p5_D50_1;T45_C2_D50_0;baseline_2
17009,high_temperature,ROBUST_LOSO,3,candidate_00754,T25_C0p5_D80_2;T45_C0p5_D50_0;T45_C0p5_D50_3;T45_C1_D50_1
17009,high_temperature,ROBUST_LOSO,4,candidate_00879,T25_C0p5_D80_3;T45_C0p5_D50_2;T45_C1_D50_3;baseline_0
17009,high_temperature,ROBUST_LOSO,5,candidate_02474,T35_C1_D50_3;T35_C2_D50_0;T35_C2_D50_1;T45_C1_D50_2
17009,high_temperature,ROBUST_LOSO,6,candidate_02795,T45_C2_D50_1;T45_C2_D50_3;baseline_1;baseline_3
17009,high_c_rate,REFERENCE_INTERVAL_RISK,1,candidate_00478,T25_C0p5_D80_0;T25_C0p5_D80_3;T45_C1_D50_0;T45_C1_D50_3
17009,high_c_rate,REFERENCE_INTERVAL_RISK,2,candidate_00727,T25_C0p5_D80_1;T45_C2_D50_3;baseline_1;baseline_3
17009,high_c_rate,REFERENCE_INTERVAL_RISK,3,candidate_00768,T25_C0p5_D80_2;T45_C0p5_D50_1;T45_C0p5_D50_3;T45_C1_D50_1
17009,high_c_rate,REFERENCE_INTERVAL_RISK,4,candidate_01741,T25_C2_D80_0;T25_C2_D80_2;T45_C2_D50_1;T45_C2_D50_2
17009,high_c_rate,REFERENCE_INTERVAL_RISK,5,candidate_01819,T25_C2_D80_1;T25_C2_D80_3;T35_C0p5_D80_1;T35_C0p5_D80_2
17009,high_c_rate,REFERENCE_INTERVAL_RISK,6,candidate_01940,T35_C0p5_D100_0;T35_C0p5_D100_1;T35_C1_D100_1;T45_C0p5_D80_0
17009,high_c_rate,REFERENCE_INTERVAL_RISK,7,candidate_02467,T35_C1_D50_3;T35_C2_D50_0;T35_C2_D50_1;T45_C0p5_D50_0
17009,high_c_rate,REFERENCE_INTERVAL_RISK,8,candidate_02716,T45_C0p5_D50_2;T45_C1_D50_2;baseline_0;baseline_2
17009,high_c_rate,ROBUST_LOSO,1,candidate_00532,T25_C0p5_D80_0;T25_C2_D80_2;T45_C1_D50_0;T45_C2_D50_2
17009,high_c_rate,ROBUST_LOSO,2,candidate_00667,T25_C0p5_D80_1;T45_C0p5_D50_1;T45_C2_D50_0;baseline_2
17009,high_c_rate,ROBUST_LOSO,3,candidate_00754,T25_C0p5_D80_2;T45_C0p5_D50_0;T45_C0p5_D50_3;T45_C1_D50_1
17009,high_c_rate,ROBUST_LOSO,4,candidate_00879,T25_C0p5_D80_3;T45_C0p5_D50_2;T45_C1_D50_3;baseline_0
17009,high_c_rate,ROBUST_LOSO,5,candidate_02474,T35_C1_D50_3;T35_C2_D50_0;T35_C2_D50_1;T45_C1_D50_2
17009,high_c_rate,ROBUST_LOSO,6,candidate_02795,T45_C2_D50_1;T45_C2_D50_3;baseline_1;baseline_3
17009,high_dod,REFERENCE_INTERVAL_RISK,1,candidate_00478,T25_C0p5_D80_0;T25_C0p5_D80_3;T45_C1_D50_0;T45_C1_D50_3
17009,high_dod,REFERENCE_INTERVAL_RISK,2,candidate_00727,T25_C0p5_D80_1;T45_C2_D50_3;baseline_1;baseline_3
17009,high_dod,REFERENCE_INTERVAL_RISK,3,candidate_00768,T25_C0p5_D80_2;T45_C0p5_D50_1;T45_C0p5_D50_3;T45_C1_D50_1
17009,high_dod,REFERENCE_INTERVAL_RISK,4,candidate_01741,T25_C2_D80_0;T25_C2_D80_2;T45_C2_D50_1;T45_C2_D50_2
17009,high_dod,REFERENCE_INTERVAL_RISK,5,candidate_01819,T25_C2_D80_1;T25_C2_D80_3;T35_C0p5_D80_1;T35_C0p5_D80_2
17009,high_dod,REFERENCE_INTERVAL_RISK,6,candidate_01940,T35_C0p5_D100_0;T35_C0p5_D100_1;T35_C1_D100_1;T45_C0p5_D80_0
17009,high_dod,REFERENCE_INTERVAL_RISK,7,candidate_02467,T35_C1_D50_3;T35_C2_D50_0;T35_C2_D50_1;T45_C0p5_D50_0
17009,high_dod,REFERENCE_INTERVAL_RISK,8,candidate_02716,T45_C0p5_D50_2;T45_C1_D50_2;baseline_0;baseline_2
17009,high_dod,ROBUST_LOSO,1,candidate_00532,T25_C0p5_D80_0;T25_C2_D80_2;T45_C1_D50_0;T45_C2_D50_2
17009,high_dod,ROBUST_LOSO,2,candidate_00667,T25_C0p5_D80_1;T45_C0p5_D50_1;T45_C2_D50_0;baseline_2
17009,high_dod,ROBUST_LOSO,3,candidate_00754,T25_C0p5_D80_2;T45_C0p5_D50_0;T45_C0p5_D50_3;T45_C1_D50_1
17009,high_dod,ROBUST_LOSO,4,candidate_00879,T25_C0p5_D80_3;T45_C0p5_D50_2;T45_C1_D50_3;baseline_0
17009,high_dod,ROBUST_LOSO,5,candidate_02474,T35_C1_D50_3;T35_C2_D50_0;T35_C2_D50_1;T45_C1_D50_2
17009,high_dod,ROBUST_LOSO,6,candidate_02795,T45_C2_D50_1;T45_C2_D50_3;baseline_1;baseline_3
17009,combined_stress,REFERENCE_INTERVAL_RISK,1,candidate_00478,T25_C0p5_D80_0;T25_C0p5_D80_3;T45_C1_D50_0;T45_C1_D50_3
17009,combined_stress,REFERENCE_INTERVAL_RISK,2,candidate_00727,T25_C0p5_D80_1;T45_C2_D50_3;baseline_1;baseline_3
17009,combined_stress,REFERENCE_INTERVAL_RISK,3,candidate_00768,T25_C0p5_D80_2;T45_C0p5_D50_1;T45_C0p5_D50_3;T45_C1_D50_1
17009,combined_stress,REFERENCE_INTERVAL_RISK,4,candidate_01741,T25_C2_D80_0;T25_C2_D80_2;T45_C2_D50_1;T45_C2_D50_2
17009,combined_stress,REFERENCE_INTERVAL_RISK,5,candidate_01819,T25_C2_D80_1;T25_C2_D80_3;T35_C0p5_D80_1;T35_C0p5_D80_2
17009,combined_stress,REFERENCE_INTERVAL_RISK,6,candidate_01940,T35_C0p5_D100_0;T35_C0p5_D100_1;T35_C1_D100_1;T45_C0p5_D80_0
17009,combined_stress,REFERENCE_INTERVAL_RISK,7,candidate_02467,T35_C1_D50_3;T35_C2_D50_0;T35_C2_D50_1;T45_C0p5_D50_0
17009,combined_stress,REFERENCE_INTERVAL_RISK,8,candidate_02716,T45_C0p5_D50_2;T45_C1_D50_2;baseline_0;baseline_2
17009,combined_stress,ROBUST_LOSO,1,candidate_00449,T25_C0p5_D100_3;T35_C0p5_D80_0;T35_C2_D80_0;T45_C2_D50_1
17009,combined_stress,ROBUST_LOSO,2,candidate_00567,T25_C0p5_D80_0;T45_C1_D50_0;T45_C1_D50_2;T45_C1_D50_3
17009,combined_stress,ROBUST_LOSO,3,candidate_00718,T25_C0p5_D80_1;T45_C2_D50_0;baseline_1;baseline_3
17009,combined_stress,ROBUST_LOSO,4,candidate_00754,T25_C0p5_D80_2;T45_C0p5_D50_0;T45_C0p5_D50_3;T45_C1_D50_1
17009,combined_stress,ROBUST_LOSO,5,candidate_00887,T25_C0p5_D80_3;T45_C0p5_D50_2;baseline_0;baseline_2
17009,combined_stress,ROBUST_LOSO,6,candidate_01742,T25_C2_D80_0;T25_C2_D80_2;T45_C2_D50_2;T45_C2_D50_3
17009,combined_stress,ROBUST_LOSO,7,candidate_01825,T25_C2_D80_1;T25_C2_D80_3;T35_C0p5_D80_1;T35_C0p5_D80_2
17009,combined_stress,ROBUST_LOSO,8,candidate_02470,T35_C1_D50_3;T35_C2_D50_0;T35_C2_D50_1;T45_C0p5_D50_1
17010,baseline_use,REFERENCE_INTERVAL_RISK,1,candidate_00098,T25_C0p5_D100_2;T25_C1_D100_3;T35_C2_D80_3;T45_C0p5_D80_1
17010,baseline_use,REFERENCE_INTERVAL_RISK,2,candidate_00174,T25_C1_D100_0;T25_C1_D100_2;T25_C2_D100_3;T35_C2_D80_1
17010,baseline_use,REFERENCE_INTERVAL_RISK,3,candidate_00456,T25_C2_D100_0;T45_C0p5_D80_0;T45_C0p5_D80_3;T45_C1_D80_0
17010,baseline_use,REFERENCE_INTERVAL_RISK,4,candidate_00538,T35_C2_D80_0;T35_C2_D80_2;T45_C0p5_D80_2;T45_C1_D80_3
17010,high_temperature,REFERENCE_INTERVAL_RISK,1,candidate_00098,T25_C0p5_D100_2;T25_C1_D100_3;T35_C2_D80_3;T45_C0p5_D80_1
17010,high_temperature,REFERENCE_INTERVAL_RISK,2,candidate_00174,T25_C1_D100_0;T25_C1_D100_2;T25_C2_D100_3;T35_C2_D80_1
17010,high_temperature,REFERENCE_INTERVAL_RISK,3,candidate_00456,T25_C2_D100_0;T45_C0p5_D80_0;T45_C0p5_D80_3;T45_C1_D80_0
17010,high_temperature,REFERENCE_INTERVAL_RISK,4,candidate_00538,T35_C2_D80_0;T35_C2_D80_2;T45_C0p5_D80_2;T45_C1_D80_3
17010,high_c_rate,REFERENCE_INTERVAL_RISK,1,candidate_00098,T25_C0p5_D100_2;T25_C1_D100_3;T35_C2_D80_3;T45_C0p5_D80_1
17010,high_c_rate,REFERENCE_INTERVAL_RISK,2,candidate_00174,T25_C1_D100_0;T25_C1_D100_2;T25_C2_D100_3;T35_C2_D80_1
17010,high_c_rate,REFERENCE_INTERVAL_RISK,3,candidate_00456,T25_C2_D100_0;T45_C0p5_D80_0;T45_C0p5_D80_3;T45_C1_D80_0
17010,high_c_rate,REFERENCE_INTERVAL_RISK,4,candidate_00538,T35_C2_D80_0;T35_C2_D80_2;T45_C0p5_D80_2;T45_C1_D80_3
17010,high_dod,REFERENCE_INTERVAL_RISK,1,candidate_00098,T25_C0p5_D100_2;T25_C1_D100_3;T35_C2_D80_3;T45_C0p5_D80_1
17010,high_dod,REFERENCE_INTERVAL_RISK,2,candidate_00174,T25_C1_D100_0;T25_C1_D100_2;T25_C2_D100_3;T35_C2_D80_1
17010,high_dod,REFERENCE_INTERVAL_RISK,3,candidate_00456,T25_C2_D100_0;T45_C0p5_D80_0;T45_C0p5_D80_3;T45_C1_D80_0
17010,high_dod,REFERENCE_INTERVAL_RISK,4,candidate_00538,T35_C2_D80_0;T35_C2_D80_2;T45_C0p5_D80_2;T45_C1_D80_3
17010,combined_stress,REFERENCE_INTERVAL_RISK,1,candidate_00098,T25_C0p5_D100_2;T25_C1_D100_3;T35_C2_D80_3;T45_C0p5_D80_1
17010,combined_stress,REFERENCE_INTERVAL_RISK,2,candidate_00174,T25_C1_D100_0;T25_C1_D100_2;T25_C2_D100_3;T35_C2_D80_1
17010,combined_stress,REFERENCE_INTERVAL_RISK,3,candidate_00456,T25_C2_D100_0;T45_C0p5_D80_0;T45_C0p5_D80_3;T45_C1_D80_0
17010,combined_stress,REFERENCE_INTERVAL_RISK,4,candidate_00538,T35_C2_D80_0;T35_C2_D80_2;T45_C0p5_D80_2;T45_C1_D80_3
17010,combined_stress,ROBUST_LOSO,1,candidate_00002,T25_C0p5_D100_2;T25_C1_D100_0;T25_C1_D100_1;T35_C2_D80_0
17011,baseline_use,REFERENCE_INTERVAL_RISK,1,candidate_00128,T25_C0p5_D100_0;T35_C2_D80_2;T35_C2_D80_3;T45_C0p5_D80_3
17011,baseline_use,REFERENCE_INTERVAL_RISK,2,candidate_00179,T25_C0p5_D100_1;T35_C2_D80_0;T35_C2_D80_1;T45_C0p5_D80_0
17011,baseline_use,REFERENCE_INTERVAL_RISK,3,candidate_00235,T25_C1_D100_2;T35_C0p5_D100_2;T45_C1_D80_0;T45_C1_D80_3
17011,high_temperature,REFERENCE_INTERVAL_RISK,1,candidate_00128,T25_C0p5_D100_0;T35_C2_D80_2;T35_C2_D80_3;T45_C0p5_D80_3
17011,high_temperature,REFERENCE_INTERVAL_RISK,2,candidate_00179,T25_C0p5_D100_1;T35_C2_D80_0;T35_C2_D80_1;T45_C0p5_D80_0
17011,high_temperature,REFERENCE_INTERVAL_RISK,3,candidate_00235,T25_C1_D100_2;T35_C0p5_D100_2;T45_C1_D80_0;T45_C1_D80_3
17011,high_c_rate,REFERENCE_INTERVAL_RISK,1,candidate_00128,T25_C0p5_D100_0;T35_C2_D80_2;T35_C2_D80_3;T45_C0p5_D80_3
17011,high_c_rate,REFERENCE_INTERVAL_RISK,2,candidate_00179,T25_C0p5_D100_1;T35_C2_D80_0;T35_C2_D80_1;T45_C0p5_D80_0
17011,high_c_rate,REFERENCE_INTERVAL_RISK,3,candidate_00235,T25_C1_D100_2;T35_C0p5_D100_2;T45_C1_D80_0;T45_C1_D80_3
17011,high_dod,REFERENCE_INTERVAL_RISK,1,candidate_00128,T25_C0p5_D100_0;T35_C2_D80_2;T35_C2_D80_3;T45_C0p5_D80_3
17011,high_dod,REFERENCE_INTERVAL_RISK,2,candidate_00179,T25_C0p5_D100_1;T35_C2_D80_0;T35_C2_D80_1;T45_C0p5_D80_0
17011,high_dod,REFERENCE_INTERVAL_RISK,3,candidate_00235,T25_C1_D100_2;T35_C0p5_D100_2;T45_C1_D80_0;T45_C1_D80_3
17011,combined_stress,REFERENCE_INTERVAL_RISK,1,candidate_00128,T25_C0p5_D100_0;T35_C2_D80_2;T35_C2_D80_3;T45_C0p5_D80_3
17011,combined_stress,REFERENCE_INTERVAL_RISK,2,candidate_00179,T25_C0p5_D100_1;T35_C2_D80_0;T35_C2_D80_1;T45_C0p5_D80_0
17011,combined_stress,REFERENCE_INTERVAL_RISK,3,candidate_00235,T25_C1_D100_2;T35_C0p5_D100_2;T45_C1_D80_0;T45_C1_D80_3
17012,baseline_use,REFERENCE_INTERVAL_RISK,1,candidate_00053,T25_C0p5_D100_3;T25_C1_D100_1;T35_C0p5_D80_3;T35_C1_D80_1
17012,baseline_use,REFERENCE_INTERVAL_RISK,2,candidate_00136,T25_C1_D100_0;T25_C1_D100_2;T25_C1_D100_3;T45_C0p5_D80_3
17012,baseline_use,REFERENCE_INTERVAL_RISK,3,candidate_00404,T25_C2_D100_1;T35_C0p5_D100_1;T45_C0p5_D80_1;T45_C1_D80_3
17012,baseline_use,REFERENCE_INTERVAL_RISK,4,candidate_00533,T25_C2_D100_3;T35_C2_D80_1;T35_C2_D80_3;T45_C0p5_D80_0
17012,baseline_use,REFERENCE_INTERVAL_RISK,5,candidate_00706,T35_C2_D80_0;T45_C0p5_D80_2;T45_C1_D80_0;T45_C1_D80_2
17012,high_temperature,REFERENCE_INTERVAL_RISK,1,candidate_00053,T25_C0p5_D100_3;T25_C1_D100_1;T35_C0p5_D80_3;T35_C1_D80_1
17012,high_temperature,REFERENCE_INTERVAL_RISK,2,candidate_00136,T25_C1_D100_0;T25_C1_D100_2;T25_C1_D100_3;T45_C0p5_D80_3
17012,high_temperature,REFERENCE_INTERVAL_RISK,3,candidate_00404,T25_C2_D100_1;T35_C0p5_D100_1;T45_C0p5_D80_1;T45_C1_D80_3
17012,high_temperature,REFERENCE_INTERVAL_RISK,4,candidate_00533,T25_C2_D100_3;T35_C2_D80_1;T35_C2_D80_3;T45_C0p5_D80_0
17012,high_temperature,REFERENCE_INTERVAL_RISK,5,candidate_00706,T35_C2_D80_0;T45_C0p5_D80_2;T45_C1_D80_0;T45_C1_D80_2
17012,high_c_rate,REFERENCE_INTERVAL_RISK,1,candidate_00053,T25_C0p5_D100_3;T25_C1_D100_1;T35_C0p5_D80_3;T35_C1_D80_1
17012,high_c_rate,REFERENCE_INTERVAL_RISK,2,candidate_00136,T25_C1_D100_0;T25_C1_D100_2;T25_C1_D100_3;T45_C0p5_D80_3
17012,high_c_rate,REFERENCE_INTERVAL_RISK,3,candidate_00404,T25_C2_D100_1;T35_C0p5_D100_1;T45_C0p5_D80_1;T45_C1_D80_3
17012,high_c_rate,REFERENCE_INTERVAL_RISK,4,candidate_00533,T25_C2_D100_3;T35_C2_D80_1;T35_C2_D80_3;T45_C0p5_D80_0
17012,high_c_rate,REFERENCE_INTERVAL_RISK,5,candidate_00706,T35_C2_D80_0;T45_C0p5_D80_2;T45_C1_D80_0;T45_C1_D80_2
17012,high_dod,REFERENCE_INTERVAL_RISK,1,candidate_00053,T25_C0p5_D100_3;T25_C1_D100_1;T35_C0p5_D80_3;T35_C1_D80_1
17012,high_dod,REFERENCE_INTERVAL_RISK,2,candidate_00136,T25_C1_D100_0;T25_C1_D100_2;T25_C1_D100_3;T45_C0p5_D80_3
17012,high_dod,REFERENCE_INTERVAL_RISK,3,candidate_00404,T25_C2_D100_1;T35_C0p5_D100_1;T45_C0p5_D80_1;T45_C1_D80_3
17012,high_dod,REFERENCE_INTERVAL_RISK,4,candidate_00533,T25_C2_D100_3;T35_C2_D80_1;T35_C2_D80_3;T45_C0p5_D80_0
17012,high_dod,REFERENCE_INTERVAL_RISK,5,candidate_00706,T35_C2_D80_0;T45_C0p5_D80_2;T45_C1_D80_0;T45_C1_D80_2
17012,combined_stress,REFERENCE_INTERVAL_RISK,1,candidate_00053,T25_C0p5_D100_3;T25_C1_D100_1;T35_C0p5_D80_3;T35_C1_D80_1
17012,combined_stress,REFERENCE_INTERVAL_RISK,2,candidate_00136,T25_C1_D100_0;T25_C1_D100_2;T25_C1_D100_3;T45_C0p5_D80_3
17012,combined_stress,REFERENCE_INTERVAL_RISK,3,candidate_00404,T25_C2_D100_1;T35_C0p5_D100_1;T45_C0p5_D80_1;T45_C1_D80_3
17012,combined_stress,REFERENCE_INTERVAL_RISK,4,candidate_00533,T25_C2_D100_3;T35_C2_D80_1;T35_C2_D80_3;T45_C0p5_D80_0
17012,combined_stress,REFERENCE_INTERVAL_RISK,5,candidate_00706,T35_C2_D80_0;T45_C0p5_D80_2;T45_C1_D80_0;T45_C1_D80_2
17012,combined_stress,ROBUST_LOSO,1,candidate_00038,T25_C0p5_D100_3;T25_C1_D100_1;T25_C1_D100_2;T35_C2_D80_1
17012,combined_stress,ROBUST_LOSO,2,candidate_00304,T25_C1_D100_3;T35_C0p5_D80_3;T35_C1_D80_1;T45_C0p5_D80_3
17013,baseline_use,REFERENCE_INTERVAL_RISK,1,candidate_00399,T25_C0p5_D100_2;T35_C1_D80_2;T35_C1_D80_3;T35_C2_D80_0
17013,baseline_use,REFERENCE_INTERVAL_RISK,2,candidate_00524,T25_C0p5_D50_0;T25_C1_D50_3;T25_C2_D50_0;T35_C0p5_D50_3
17013,baseline_use,REFERENCE_INTERVAL_RISK,3,candidate_00654,T25_C0p5_D80_1;T35_C1_D50_1;T35_C2_D50_3;T45_C1_D50_2
17013,baseline_use,REFERENCE_INTERVAL_RISK,4,candidate_00731,T25_C0p5_D80_2;T25_C2_D80_1;baseline_1;baseline_3
17013,baseline_use,REFERENCE_INTERVAL_RISK,5,candidate_01097,T25_C1_D100_2;T25_C1_D100_3;T35_C2_D80_1;T35_C2_D80_2
17013,baseline_use,REFERENCE_INTERVAL_RISK,6,candidate_01754,T25_C2_D80_2;T35_C0p5_D80_0;T35_C0p5_D80_2;T35_C1_D80_0
17013,baseline_use,REFERENCE_INTERVAL_RISK,7,candidate_01866,T35_C0p5_D100_0;T35_C1_D100_0;T45_C0p5_D80_1;T45_C1_D80_1
17013,baseline_use,REFERENCE_INTERVAL_RISK,8,candidate_01966,T35_C0p5_D100_2;T45_C0p5_D80_0;T45_C1_D80_0;T45_C1_D80_3
17013,baseline_use,ROBUST_LOSO,1,candidate_00555,T25_C0p5_D50_0;T25_C1_D50_3;T35_C0p5_D50_3;T35_C1_D50_1
17013,baseline_use,ROBUST_LOSO,2,candidate_00650,T25_C0p5_D80_1;T25_C2_D80_1;T25_C2_D80_3;T45_C1_D50_2
17013,baseline_use,ROBUST_LOSO,3,candidate_00820,T25_C0p5_D80_2;T35_C2_D50_3;T45_C0p5_D50_0;baseline_1
17013,baseline_use,ROBUST_LOSO,4,candidate_00877,T25_C0p5_D80_3;T35_C0p5_D80_2;T45_C2_D50_2;baseline_3
17013,baseline_use,ROBUST_LOSO,5,candidate_01742,T25_C2_D80_2;T35_C0p5_D80_0;T45_C2_D50_0;T45_C2_D50_1
17013,baseline_use,ROBUST_LOSO,6,candidate_02052,T35_C0p5_D80_1;T35_C1_D80_1;T35_C1_D80_2;baseline_2
17013,high_temperature,REFERENCE_INTERVAL_RISK,1,candidate_00399,T25_C0p5_D100_2;T35_C1_D80_2;T35_C1_D80_3;T35_C2_D80_0
17013,high_temperature,REFERENCE_INTERVAL_RISK,2,candidate_00524,T25_C0p5_D50_0;T25_C1_D50_3;T25_C2_D50_0;T35_C0p5_D50_3
17013,high_temperature,REFERENCE_INTERVAL_RISK,3,candidate_00654,T25_C0p5_D80_1;T35_C1_D50_1;T35_C2_D50_3;T45_C1_D50_2
17013,high_temperature,REFERENCE_INTERVAL_RISK,4,candidate_00731,T25_C0p5_D80_2;T25_C2_D80_1;baseline_1;baseline_3
17013,high_temperature,REFERENCE_INTERVAL_RISK,5,candidate_01097,T25_C1_D100_2;T25_C1_D100_3;T35_C2_D80_1;T35_C2_D80_2
17013,high_temperature,REFERENCE_INTERVAL_RISK,6,candidate_01754,T25_C2_D80_2;T35_C0p5_D80_0;T35_C0p5_D80_2;T35_C1_D80_0
17013,high_temperature,REFERENCE_INTERVAL_RISK,7,candidate_01866,T35_C0p5_D100_0;T35_C1_D100_0;T45_C0p5_D80_1;T45_C1_D80_1
17013,high_temperature,REFERENCE_INTERVAL_RISK,8,candidate_01966,T35_C0p5_D100_2;T45_C0p5_D80_0;T45_C1_D80_0;T45_C1_D80_3
17013,high_temperature,ROBUST_LOSO,1,candidate_00555,T25_C0p5_D50_0;T25_C1_D50_3;T35_C0p5_D50_3;T35_C1_D50_1
17013,high_temperature,ROBUST_LOSO,2,candidate_00650,T25_C0p5_D80_1;T25_C2_D80_1;T25_C2_D80_3;T45_C1_D50_2
17013,high_temperature,ROBUST_LOSO,3,candidate_00818,T25_C0p5_D80_2;T35_C2_D50_3;T45_C0p5_D50_0;T45_C2_D50_0
17013,high_temperature,ROBUST_LOSO,4,candidate_00898,T25_C0p5_D80_3;T45_C2_D50_1;T45_C2_D50_2;baseline_1
17013,high_temperature,ROBUST_LOSO,5,candidate_01729,T25_C2_D80_2;T35_C0p5_D80_0;T35_C0p5_D80_2;T35_C1_D80_2
17013,high_temperature,ROBUST_LOSO,6,candidate_02055,T35_C0p5_D80_1;T35_C1_D80_1;baseline_2;baseline_3
17013,high_c_rate,REFERENCE_INTERVAL_RISK,1,candidate_00399,T25_C0p5_D100_2;T35_C1_D80_2;T35_C1_D80_3;T35_C2_D80_0
17013,high_c_rate,REFERENCE_INTERVAL_RISK,2,candidate_00524,T25_C0p5_D50_0;T25_C1_D50_3;T25_C2_D50_0;T35_C0p5_D50_3
17013,high_c_rate,REFERENCE_INTERVAL_RISK,3,candidate_00654,T25_C0p5_D80_1;T35_C1_D50_1;T35_C2_D50_3;T45_C1_D50_2
17013,high_c_rate,REFERENCE_INTERVAL_RISK,4,candidate_00731,T25_C0p5_D80_2;T25_C2_D80_1;baseline_1;baseline_3
17013,high_c_rate,REFERENCE_INTERVAL_RISK,5,candidate_01097,T25_C1_D100_2;T25_C1_D100_3;T35_C2_D80_1;T35_C2_D80_2
17013,high_c_rate,REFERENCE_INTERVAL_RISK,6,candidate_01754,T25_C2_D80_2;T35_C0p5_D80_0;T35_C0p5_D80_2;T35_C1_D80_0
17013,high_c_rate,REFERENCE_INTERVAL_RISK,7,candidate_01866,T35_C0p5_D100_0;T35_C1_D100_0;T45_C0p5_D80_1;T45_C1_D80_1
17013,high_c_rate,REFERENCE_INTERVAL_RISK,8,candidate_01966,T35_C0p5_D100_2;T45_C0p5_D80_0;T45_C1_D80_0;T45_C1_D80_3
17013,high_c_rate,ROBUST_LOSO,1,candidate_00555,T25_C0p5_D50_0;T25_C1_D50_3;T35_C0p5_D50_3;T35_C1_D50_1
17013,high_c_rate,ROBUST_LOSO,2,candidate_00650,T25_C0p5_D80_1;T25_C2_D80_1;T25_C2_D80_3;T45_C1_D50_2
17013,high_c_rate,ROBUST_LOSO,3,candidate_00818,T25_C0p5_D80_2;T35_C2_D50_3;T45_C0p5_D50_0;T45_C2_D50_0
17013,high_c_rate,ROBUST_LOSO,4,candidate_00898,T25_C0p5_D80_3;T45_C2_D50_1;T45_C2_D50_2;baseline_1
17013,high_c_rate,ROBUST_LOSO,5,candidate_01729,T25_C2_D80_2;T35_C0p5_D80_0;T35_C0p5_D80_2;T35_C1_D80_2
17013,high_c_rate,ROBUST_LOSO,6,candidate_02055,T35_C0p5_D80_1;T35_C1_D80_1;baseline_2;baseline_3
17013,high_dod,REFERENCE_INTERVAL_RISK,1,candidate_00399,T25_C0p5_D100_2;T35_C1_D80_2;T35_C1_D80_3;T35_C2_D80_0
17013,high_dod,REFERENCE_INTERVAL_RISK,2,candidate_00524,T25_C0p5_D50_0;T25_C1_D50_3;T25_C2_D50_0;T35_C0p5_D50_3
17013,high_dod,REFERENCE_INTERVAL_RISK,3,candidate_00654,T25_C0p5_D80_1;T35_C1_D50_1;T35_C2_D50_3;T45_C1_D50_2
17013,high_dod,REFERENCE_INTERVAL_RISK,4,candidate_00731,T25_C0p5_D80_2;T25_C2_D80_1;baseline_1;baseline_3
17013,high_dod,REFERENCE_INTERVAL_RISK,5,candidate_01097,T25_C1_D100_2;T25_C1_D100_3;T35_C2_D80_1;T35_C2_D80_2
17013,high_dod,REFERENCE_INTERVAL_RISK,6,candidate_01754,T25_C2_D80_2;T35_C0p5_D80_0;T35_C0p5_D80_2;T35_C1_D80_0
17013,high_dod,REFERENCE_INTERVAL_RISK,7,candidate_01866,T35_C0p5_D100_0;T35_C1_D100_0;T45_C0p5_D80_1;T45_C1_D80_1
17013,high_dod,REFERENCE_INTERVAL_RISK,8,candidate_01966,T35_C0p5_D100_2;T45_C0p5_D80_0;T45_C1_D80_0;T45_C1_D80_3
17013,high_dod,ROBUST_LOSO,1,candidate_00555,T25_C0p5_D50_0;T25_C1_D50_3;T35_C0p5_D50_3;T35_C1_D50_1
17013,high_dod,ROBUST_LOSO,2,candidate_00650,T25_C0p5_D80_1;T25_C2_D80_1;T25_C2_D80_3;T45_C1_D50_2
17013,high_dod,ROBUST_LOSO,3,candidate_00818,T25_C0p5_D80_2;T35_C2_D50_3;T45_C0p5_D50_0;T45_C2_D50_0
17013,high_dod,ROBUST_LOSO,4,candidate_00898,T25_C0p5_D80_3;T45_C2_D50_1;T45_C2_D50_2;baseline_1
17013,high_dod,ROBUST_LOSO,5,candidate_01729,T25_C2_D80_2;T35_C0p5_D80_0;T35_C0p5_D80_2;T35_C1_D80_2
17013,high_dod,ROBUST_LOSO,6,candidate_02055,T35_C0p5_D80_1;T35_C1_D80_1;baseline_2;baseline_3
17013,combined_stress,REFERENCE_INTERVAL_RISK,1,candidate_00399,T25_C0p5_D100_2;T35_C1_D80_2;T35_C1_D80_3;T35_C2_D80_0
17013,combined_stress,REFERENCE_INTERVAL_RISK,2,candidate_00524,T25_C0p5_D50_0;T25_C1_D50_3;T25_C2_D50_0;T35_C0p5_D50_3
17013,combined_stress,REFERENCE_INTERVAL_RISK,3,candidate_00654,T25_C0p5_D80_1;T35_C1_D50_1;T35_C2_D50_3;T45_C1_D50_2
17013,combined_stress,REFERENCE_INTERVAL_RISK,4,candidate_00731,T25_C0p5_D80_2;T25_C2_D80_1;baseline_1;baseline_3
17013,combined_stress,REFERENCE_INTERVAL_RISK,5,candidate_01097,T25_C1_D100_2;T25_C1_D100_3;T35_C2_D80_1;T35_C2_D80_2
17013,combined_stress,REFERENCE_INTERVAL_RISK,6,candidate_01754,T25_C2_D80_2;T35_C0p5_D80_0;T35_C0p5_D80_2;T35_C1_D80_0
17013,combined_stress,REFERENCE_INTERVAL_RISK,7,candidate_01866,T35_C0p5_D100_0;T35_C1_D100_0;T45_C0p5_D80_1;T45_C1_D80_1
17013,combined_stress,REFERENCE_INTERVAL_RISK,8,candidate_01966,T35_C0p5_D100_2;T45_C0p5_D80_0;T45_C1_D80_0;T45_C1_D80_3
17013,combined_stress,ROBUST_LOSO,1,candidate_00081,T25_C0p5_D100_0;T35_C0p5_D80_1;T35_C0p5_D80_3;T35_C1_D80_1
17013,combined_stress,ROBUST_LOSO,2,candidate_00305,T25_C0p5_D100_1;T35_C1_D80_2;T35_C1_D80_3;T35_C2_D80_2
17013,combined_stress,ROBUST_LOSO,3,candidate_00497,T25_C0p5_D100_3;T35_C0p5_D80_0;T35_C1_D80_0;T35_C2_D80_0
17013,combined_stress,ROBUST_LOSO,4,candidate_00555,T25_C0p5_D50_0;T25_C1_D50_3;T35_C0p5_D50_3;T35_C1_D50_1
17013,combined_stress,ROBUST_LOSO,5,candidate_00673,T25_C0p5_D80_1;T25_C2_D80_3;T45_C1_D50_2;baseline_2
17013,combined_stress,ROBUST_LOSO,6,candidate_00768,T25_C0p5_D80_2;T25_C2_D80_1;T45_C2_D50_1;baseline_3
17013,combined_stress,ROBUST_LOSO,7,candidate_00883,T25_C0p5_D80_3;T35_C2_D50_3;T45_C0p5_D50_0;baseline_1
17013,combined_stress,ROBUST_LOSO,8,candidate_01765,T25_C2_D80_2;T35_C0p5_D80_2;T45_C2_D50_0;T45_C2_D50_2
17014,baseline_use,REFERENCE_INTERVAL_RISK,1,candidate_00042,T25_C0p5_D100_0;T25_C0p5_D100_1;T35_C0p5_D80_3;T35_C1_D80_1
17014,baseline_use,REFERENCE_INTERVAL_RISK,2,candidate_00367,T25_C0p5_D100_2;T25_C1_D100_1;T35_C1_D80_2;T35_C1_D80_3
17014,baseline_use,REFERENCE_INTERVAL_RISK,3,candidate_00516,T25_C0p5_D100_3;T35_C0p5_D80_0;T35_C2_D80_2;T35_C2_D80_3
17014,baseline_use,REFERENCE_INTERVAL_RISK,4,candidate_00637,T25_C1_D100_0;T25_C2_D100_3;T35_C0p5_D100_2;T45_C0p5_D80_2
17014,baseline_use,REFERENCE_INTERVAL_RISK,5,candidate_00831,T25_C1_D100_2;T35_C2_D80_0;T45_C0p5_D80_0;T45_C0p5_D80_3
17014,baseline_use,REFERENCE_INTERVAL_RISK,6,candidate_00864,T25_C1_D100_3;T35_C0p5_D80_1;T35_C1_D80_0;T35_C2_D80_1
17014,baseline_use,REFERENCE_INTERVAL_RISK,7,candidate_01254,T25_C2_D80_0;T25_C2_D80_1;T45_C2_D50_2;T45_C2_D50_3
17014,baseline_use,REFERENCE_INTERVAL_RISK,8,candidate_01377,T35_C0p5_D100_0;T45_C1_D80_1;T45_C1_D80_3;T45_C2_D80_1
17014,baseline_use,ROBUST_LOSO,1,candidate_01286,T25_C2_D80_0;T35_C0p5_D80_1;T35_C1_D80_0;T45_C2_D50_3
17014,high_temperature,REFERENCE_INTERVAL_RISK,1,candidate_00042,T25_C0p5_D100_0;T25_C0p5_D100_1;T35_C0p5_D80_3;T35_C1_D80_1
17014,high_temperature,REFERENCE_INTERVAL_RISK,2,candidate_00367,T25_C0p5_D100_2;T25_C1_D100_1;T35_C1_D80_2;T35_C1_D80_3
17014,high_temperature,REFERENCE_INTERVAL_RISK,3,candidate_00516,T25_C0p5_D100_3;T35_C0p5_D80_0;T35_C2_D80_2;T35_C2_D80_3
17014,high_temperature,REFERENCE_INTERVAL_RISK,4,candidate_00637,T25_C1_D100_0;T25_C2_D100_3;T35_C0p5_D100_2;T45_C0p5_D80_2
17014,high_temperature,REFERENCE_INTERVAL_RISK,5,candidate_00831,T25_C1_D100_2;T35_C2_D80_0;T45_C0p5_D80_0;T45_C0p5_D80_3
17014,high_temperature,REFERENCE_INTERVAL_RISK,6,candidate_00864,T25_C1_D100_3;T35_C0p5_D80_1;T35_C1_D80_0;T35_C2_D80_1
17014,high_temperature,REFERENCE_INTERVAL_RISK,7,candidate_01254,T25_C2_D80_0;T25_C2_D80_1;T45_C2_D50_2;T45_C2_D50_3
17014,high_temperature,REFERENCE_INTERVAL_RISK,8,candidate_01377,T35_C0p5_D100_0;T45_C1_D80_1;T45_C1_D80_3;T45_C2_D80_1
17014,high_temperature,ROBUST_LOSO,1,candidate_01286,T25_C2_D80_0;T35_C0p5_D80_1;T35_C1_D80_0;T45_C2_D50_3
17014,high_c_rate,REFERENCE_INTERVAL_RISK,1,candidate_00042,T25_C0p5_D100_0;T25_C0p5_D100_1;T35_C0p5_D80_3;T35_C1_D80_1
17014,high_c_rate,REFERENCE_INTERVAL_RISK,2,candidate_00367,T25_C0p5_D100_2;T25_C1_D100_1;T35_C1_D80_2;T35_C1_D80_3
17014,high_c_rate,REFERENCE_INTERVAL_RISK,3,candidate_00516,T25_C0p5_D100_3;T35_C0p5_D80_0;T35_C2_D80_2;T35_C2_D80_3
17014,high_c_rate,REFERENCE_INTERVAL_RISK,4,candidate_00637,T25_C1_D100_0;T25_C2_D100_3;T35_C0p5_D100_2;T45_C0p5_D80_2
17014,high_c_rate,REFERENCE_INTERVAL_RISK,5,candidate_00831,T25_C1_D100_2;T35_C2_D80_0;T45_C0p5_D80_0;T45_C0p5_D80_3
17014,high_c_rate,REFERENCE_INTERVAL_RISK,6,candidate_00864,T25_C1_D100_3;T35_C0p5_D80_1;T35_C1_D80_0;T35_C2_D80_1
17014,high_c_rate,REFERENCE_INTERVAL_RISK,7,candidate_01254,T25_C2_D80_0;T25_C2_D80_1;T45_C2_D50_2;T45_C2_D50_3
17014,high_c_rate,REFERENCE_INTERVAL_RISK,8,candidate_01377,T35_C0p5_D100_0;T45_C1_D80_1;T45_C1_D80_3;T45_C2_D80_1
17014,high_c_rate,ROBUST_LOSO,1,candidate_01286,T25_C2_D80_0;T35_C0p5_D80_1;T35_C1_D80_0;T45_C2_D50_3
17014,high_dod,REFERENCE_INTERVAL_RISK,1,candidate_00042,T25_C0p5_D100_0;T25_C0p5_D100_1;T35_C0p5_D80_3;T35_C1_D80_1
17014,high_dod,REFERENCE_INTERVAL_RISK,2,candidate_00367,T25_C0p5_D100_2;T25_C1_D100_1;T35_C1_D80_2;T35_C1_D80_3
17014,high_dod,REFERENCE_INTERVAL_RISK,3,candidate_00516,T25_C0p5_D100_3;T35_C0p5_D80_0;T35_C2_D80_2;T35_C2_D80_3
17014,high_dod,REFERENCE_INTERVAL_RISK,4,candidate_00637,T25_C1_D100_0;T25_C2_D100_3;T35_C0p5_D100_2;T45_C0p5_D80_2
17014,high_dod,REFERENCE_INTERVAL_RISK,5,candidate_00831,T25_C1_D100_2;T35_C2_D80_0;T45_C0p5_D80_0;T45_C0p5_D80_3
17014,high_dod,REFERENCE_INTERVAL_RISK,6,candidate_00864,T25_C1_D100_3;T35_C0p5_D80_1;T35_C1_D80_0;T35_C2_D80_1
17014,high_dod,REFERENCE_INTERVAL_RISK,7,candidate_01254,T25_C2_D80_0;T25_C2_D80_1;T45_C2_D50_2;T45_C2_D50_3
17014,high_dod,REFERENCE_INTERVAL_RISK,8,candidate_01377,T35_C0p5_D100_0;T45_C1_D80_1;T45_C1_D80_3;T45_C2_D80_1
17014,high_dod,ROBUST_LOSO,1,candidate_01286,T25_C2_D80_0;T35_C0p5_D80_1;T35_C1_D80_0;T45_C2_D50_3
17014,combined_stress,REFERENCE_INTERVAL_RISK,1,candidate_00042,T25_C0p5_D100_0;T25_C0p5_D100_1;T35_C0p5_D80_3;T35_C1_D80_1
17014,combined_stress,REFERENCE_INTERVAL_RISK,2,candidate_00367,T25_C0p5_D100_2;T25_C1_D100_1;T35_C1_D80_2;T35_C1_D80_3
17014,combined_stress,REFERENCE_INTERVAL_RISK,3,candidate_00516,T25_C0p5_D100_3;T35_C0p5_D80_0;T35_C2_D80_2;T35_C2_D80_3
17014,combined_stress,REFERENCE_INTERVAL_RISK,4,candidate_00637,T25_C1_D100_0;T25_C2_D100_3;T35_C0p5_D100_2;T45_C0p5_D80_2
17014,combined_stress,REFERENCE_INTERVAL_RISK,5,candidate_00831,T25_C1_D100_2;T35_C2_D80_0;T45_C0p5_D80_0;T45_C0p5_D80_3
17014,combined_stress,REFERENCE_INTERVAL_RISK,6,candidate_00864,T25_C1_D100_3;T35_C0p5_D80_1;T35_C1_D80_0;T35_C2_D80_1
17014,combined_stress,REFERENCE_INTERVAL_RISK,7,candidate_01254,T25_C2_D80_0;T25_C2_D80_1;T45_C2_D50_2;T45_C2_D50_3
17014,combined_stress,REFERENCE_INTERVAL_RISK,8,candidate_01377,T35_C0p5_D100_0;T45_C1_D80_1;T45_C1_D80_3;T45_C2_D80_1
17014,combined_stress,ROBUST_LOSO,1,candidate_00034,T25_C0p5_D100_0;T25_C0p5_D100_1;T25_C2_D80_0;T35_C0p5_D80_1
17014,combined_stress,ROBUST_LOSO,2,candidate_00440,T25_C0p5_D100_2;T35_C1_D80_1;T35_C1_D80_2;T35_C1_D80_3
17014,combined_stress,ROBUST_LOSO,3,candidate_00534,T25_C0p5_D100_3;T35_C0p5_D80_3;T35_C2_D80_2;T35_C2_D80_3
17014,combined_stress,ROBUST_LOSO,4,candidate_00894,T25_C1_D100_3;T35_C1_D80_0;T35_C2_D80_1;T45_C0p5_D80_3
17014,combined_stress,ROBUST_LOSO,5,candidate_01295,T25_C2_D80_1;T35_C0p5_D80_0;T45_C2_D50_2;T45_C2_D50_3
17015,baseline_use,REFERENCE_INTERVAL_RISK,1,candidate_00015,T25_C0p5_D100_2;T25_C1_D100_0;T35_C0p5_D80_2;T35_C1_D80_0
17015,baseline_use,REFERENCE_INTERVAL_RISK,2,candidate_00256,T25_C2_D100_2;T35_C0p5_D100_0;T35_C1_D100_3;T45_C2_D80_1
17015,baseline_use,REFERENCE_INTERVAL_RISK,3,candidate_00420,T45_C0p5_D50_1;T45_C1_D50_3;T45_C2_D50_0;baseline_3
17015,baseline_use,ROBUST_LOSO,1,candidate_00384,T35_C0p5_D80_2;T45_C1_D50_3;T45_C2_D50_0;baseline_3
17015,high_temperature,REFERENCE_INTERVAL_RISK,1,candidate_00015,T25_C0p5_D100_2;T25_C1_D100_0;T35_C0p5_D80_2;T35_C1_D80_0
17015,high_temperature,REFERENCE_INTERVAL_RISK,2,candidate_00256,T25_C2_D100_2;T35_C0p5_D100_0;T35_C1_D100_3;T45_C2_D80_1
17015,high_temperature,REFERENCE_INTERVAL_RISK,3,candidate_00420,T45_C0p5_D50_1;T45_C1_D50_3;T45_C2_D50_0;baseline_3
17015,high_temperature,ROBUST_LOSO,1,candidate_00384,T35_C0p5_D80_2;T45_C1_D50_3;T45_C2_D50_0;baseline_3
17015,high_c_rate,REFERENCE_INTERVAL_RISK,1,candidate_00015,T25_C0p5_D100_2;T25_C1_D100_0;T35_C0p5_D80_2;T35_C1_D80_0
17015,high_c_rate,REFERENCE_INTERVAL_RISK,2,candidate_00256,T25_C2_D100_2;T35_C0p5_D100_0;T35_C1_D100_3;T45_C2_D80_1
17015,high_c_rate,REFERENCE_INTERVAL_RISK,3,candidate_00420,T45_C0p5_D50_1;T45_C1_D50_3;T45_C2_D50_0;baseline_3
17015,high_c_rate,ROBUST_LOSO,1,candidate_00384,T35_C0p5_D80_2;T45_C1_D50_3;T45_C2_D50_0;baseline_3
17015,high_dod,REFERENCE_INTERVAL_RISK,1,candidate_00015,T25_C0p5_D100_2;T25_C1_D100_0;T35_C0p5_D80_2;T35_C1_D80_0
17015,high_dod,REFERENCE_INTERVAL_RISK,2,candidate_00256,T25_C2_D100_2;T35_C0p5_D100_0;T35_C1_D100_3;T45_C2_D80_1
17015,high_dod,REFERENCE_INTERVAL_RISK,3,candidate_00420,T45_C0p5_D50_1;T45_C1_D50_3;T45_C2_D50_0;baseline_3
17015,high_dod,ROBUST_LOSO,1,candidate_00384,T35_C0p5_D80_2;T45_C1_D50_3;T45_C2_D50_0;baseline_3
17015,combined_stress,REFERENCE_INTERVAL_RISK,1,candidate_00015,T25_C0p5_D100_2;T25_C1_D100_0;T35_C0p5_D80_2;T35_C1_D80_0
17015,combined_stress,REFERENCE_INTERVAL_RISK,2,candidate_00256,T25_C2_D100_2;T35_C0p5_D100_0;T35_C1_D100_3;T45_C2_D80_1
17015,combined_stress,REFERENCE_INTERVAL_RISK,3,candidate_00420,T45_C0p5_D50_1;T45_C1_D50_3;T45_C2_D50_0;baseline_3
17015,combined_stress,ROBUST_LOSO,1,candidate_00027,T25_C0p5_D100_2;T25_C1_D100_0;T35_C1_D80_0;T45_C2_D50_0
17015,combined_stress,ROBUST_LOSO,2,candidate_00379,T35_C0p5_D80_2;T45_C0p5_D50_1;T45_C1_D50_3;baseline_3
17016,baseline_use,REFERENCE_INTERVAL_RISK,1,candidate_00033,T25_C0p5_D100_0;T25_C0p5_D100_3;T25_C1_D100_1;T35_C0p5_D80_2
17016,baseline_use,REFERENCE_INTERVAL_RISK,2,candidate_00200,T25_C0p5_D100_2;T25_C1_D100_2;T35_C2_D80_3;T45_C0p5_D80_0
17016,baseline_use,REFERENCE_INTERVAL_RISK,3,candidate_00408,T25_C1_D100_0;T35_C0p5_D80_0;T35_C1_D80_0;T35_C1_D80_2
17016,baseline_use,REFERENCE_INTERVAL_RISK,4,candidate_00531,T25_C1_D100_3;T25_C2_D100_1;T25_C2_D100_2;T25_C2_D100_3
17016,baseline_use,REFERENCE_INTERVAL_RISK,5,candidate_00673,T25_C2_D100_0;T35_C2_D80_1;T45_C1_D80_0;T45_C1_D80_2
17016,baseline_use,REFERENCE_INTERVAL_RISK,6,candidate_00818,T35_C0p5_D100_0;T35_C0p5_D100_1;T35_C1_D100_3;T45_C0p5_D80_3
17016,baseline_use,REFERENCE_INTERVAL_RISK,7,candidate_00969,T35_C0p5_D100_2;T35_C2_D80_0;T35_C2_D80_2;T45_C0p5_D80_2
17016,high_temperature,REFERENCE_INTERVAL_RISK,1,candidate_00033,T25_C0p5_D100_0;T25_C0p5_D100_3;T25_C1_D100_1;T35_C0p5_D80_2
17016,high_temperature,REFERENCE_INTERVAL_RISK,2,candidate_00200,T25_C0p5_D100_2;T25_C1_D100_2;T35_C2_D80_3;T45_C0p5_D80_0
17016,high_temperature,REFERENCE_INTERVAL_RISK,3,candidate_00408,T25_C1_D100_0;T35_C0p5_D80_0;T35_C1_D80_0;T35_C1_D80_2
17016,high_temperature,REFERENCE_INTERVAL_RISK,4,candidate_00531,T25_C1_D100_3;T25_C2_D100_1;T25_C2_D100_2;T25_C2_D100_3
17016,high_temperature,REFERENCE_INTERVAL_RISK,5,candidate_00673,T25_C2_D100_0;T35_C2_D80_1;T45_C1_D80_0;T45_C1_D80_2
17016,high_temperature,REFERENCE_INTERVAL_RISK,6,candidate_00818,T35_C0p5_D100_0;T35_C0p5_D100_1;T35_C1_D100_3;T45_C0p5_D80_3
17016,high_temperature,REFERENCE_INTERVAL_RISK,7,candidate_00969,T35_C0p5_D100_2;T35_C2_D80_0;T35_C2_D80_2;T45_C0p5_D80_2
17016,high_c_rate,REFERENCE_INTERVAL_RISK,1,candidate_00033,T25_C0p5_D100_0;T25_C0p5_D100_3;T25_C1_D100_1;T35_C0p5_D80_2
17016,high_c_rate,REFERENCE_INTERVAL_RISK,2,candidate_00200,T25_C0p5_D100_2;T25_C1_D100_2;T35_C2_D80_3;T45_C0p5_D80_0
17016,high_c_rate,REFERENCE_INTERVAL_RISK,3,candidate_00408,T25_C1_D100_0;T35_C0p5_D80_0;T35_C1_D80_0;T35_C1_D80_2
17016,high_c_rate,REFERENCE_INTERVAL_RISK,4,candidate_00531,T25_C1_D100_3;T25_C2_D100_1;T25_C2_D100_2;T25_C2_D100_3
17016,high_c_rate,REFERENCE_INTERVAL_RISK,5,candidate_00673,T25_C2_D100_0;T35_C2_D80_1;T45_C1_D80_0;T45_C1_D80_2
17016,high_c_rate,REFERENCE_INTERVAL_RISK,6,candidate_00818,T35_C0p5_D100_0;T35_C0p5_D100_1;T35_C1_D100_3;T45_C0p5_D80_3
17016,high_c_rate,REFERENCE_INTERVAL_RISK,7,candidate_00969,T35_C0p5_D100_2;T35_C2_D80_0;T35_C2_D80_2;T45_C0p5_D80_2
17016,high_dod,REFERENCE_INTERVAL_RISK,1,candidate_00033,T25_C0p5_D100_0;T25_C0p5_D100_3;T25_C1_D100_1;T35_C0p5_D80_2
17016,high_dod,REFERENCE_INTERVAL_RISK,2,candidate_00200,T25_C0p5_D100_2;T25_C1_D100_2;T35_C2_D80_3;T45_C0p5_D80_0
17016,high_dod,REFERENCE_INTERVAL_RISK,3,candidate_00408,T25_C1_D100_0;T35_C0p5_D80_0;T35_C1_D80_0;T35_C1_D80_2
17016,high_dod,REFERENCE_INTERVAL_RISK,4,candidate_00531,T25_C1_D100_3;T25_C2_D100_1;T25_C2_D100_2;T25_C2_D100_3
17016,high_dod,REFERENCE_INTERVAL_RISK,5,candidate_00673,T25_C2_D100_0;T35_C2_D80_1;T45_C1_D80_0;T45_C1_D80_2
17016,high_dod,REFERENCE_INTERVAL_RISK,6,candidate_00818,T35_C0p5_D100_0;T35_C0p5_D100_1;T35_C1_D100_3;T45_C0p5_D80_3
17016,high_dod,REFERENCE_INTERVAL_RISK,7,candidate_00969,T35_C0p5_D100_2;T35_C2_D80_0;T35_C2_D80_2;T45_C0p5_D80_2
17016,combined_stress,REFERENCE_INTERVAL_RISK,1,candidate_00033,T25_C0p5_D100_0;T25_C0p5_D100_3;T25_C1_D100_1;T35_C0p5_D80_2
17016,combined_stress,REFERENCE_INTERVAL_RISK,2,candidate_00200,T25_C0p5_D100_2;T25_C1_D100_2;T35_C2_D80_3;T45_C0p5_D80_0
17016,combined_stress,REFERENCE_INTERVAL_RISK,3,candidate_00408,T25_C1_D100_0;T35_C0p5_D80_0;T35_C1_D80_0;T35_C1_D80_2
17016,combined_stress,REFERENCE_INTERVAL_RISK,4,candidate_00531,T25_C1_D100_3;T25_C2_D100_1;T25_C2_D100_2;T25_C2_D100_3
17016,combined_stress,REFERENCE_INTERVAL_RISK,5,candidate_00673,T25_C2_D100_0;T35_C2_D80_1;T45_C1_D80_0;T45_C1_D80_2
17016,combined_stress,REFERENCE_INTERVAL_RISK,6,candidate_00818,T35_C0p5_D100_0;T35_C0p5_D100_1;T35_C1_D100_3;T45_C0p5_D80_3
17016,combined_stress,REFERENCE_INTERVAL_RISK,7,candidate_00969,T35_C0p5_D100_2;T35_C2_D80_0;T35_C2_D80_2;T45_C0p5_D80_2
17016,combined_stress,ROBUST_LOSO,1,candidate_00033,T25_C0p5_D100_0;T25_C0p5_D100_3;T25_C1_D100_1;T35_C0p5_D80_2
17016,combined_stress,ROBUST_LOSO,2,candidate_00391,T25_C1_D100_0;T35_C0p5_D80_0;T35_C1_D80_0;T35_C1_D80_2
17016,combined_stress,ROBUST_LOSO,3,candidate_00646,T25_C2_D100_0;T35_C2_D80_0;T35_C2_D80_3;T45_C0p5_D80_1
17017,baseline_use,REFERENCE_INTERVAL_RISK,1,candidate_00011,T25_C0p5_D100_2;T25_C1_D100_0;T25_C1_D100_3;T35_C2_D80_1
17017,baseline_use,REFERENCE_INTERVAL_RISK,2,candidate_00151,T25_C1_D100_2;T25_C2_D100_2;T25_C2_D100_3;T35_C2_D80_2
17017,baseline_use,REFERENCE_INTERVAL_RISK,3,candidate_00474,T35_C0p5_D100_1;T35_C2_D80_3;T45_C0p5_D80_0;T45_C1_D80_2
17017,baseline_use,REFERENCE_INTERVAL_RISK,4,candidate_00567,T35_C0p5_D100_2;T45_C0p5_D80_1;T45_C0p5_D80_2;T45_C1_D80_1
17017,baseline_use,REFERENCE_INTERVAL_RISK,5,candidate_00623,T35_C2_D80_0;T45_C0p5_D80_3;T45_C1_D80_0;T45_C1_D80_3
17017,high_temperature,REFERENCE_INTERVAL_RISK,1,candidate_00011,T25_C0p5_D100_2;T25_C1_D100_0;T25_C1_D100_3;T35_C2_D80_1
17017,high_temperature,REFERENCE_INTERVAL_RISK,2,candidate_00151,T25_C1_D100_2;T25_C2_D100_2;T25_C2_D100_3;T35_C2_D80_2
17017,high_temperature,REFERENCE_INTERVAL_RISK,3,candidate_00474,T35_C0p5_D100_1;T35_C2_D80_3;T45_C0p5_D80_0;T45_C1_D80_2
17017,high_temperature,REFERENCE_INTERVAL_RISK,4,candidate_00567,T35_C0p5_D100_2;T45_C0p5_D80_1;T45_C0p5_D80_2;T45_C1_D80_1
17017,high_temperature,REFERENCE_INTERVAL_RISK,5,candidate_00623,T35_C2_D80_0;T45_C0p5_D80_3;T45_C1_D80_0;T45_C1_D80_3
17017,high_c_rate,REFERENCE_INTERVAL_RISK,1,candidate_00011,T25_C0p5_D100_2;T25_C1_D100_0;T25_C1_D100_3;T35_C2_D80_1
17017,high_c_rate,REFERENCE_INTERVAL_RISK,2,candidate_00151,T25_C1_D100_2;T25_C2_D100_2;T25_C2_D100_3;T35_C2_D80_2
17017,high_c_rate,REFERENCE_INTERVAL_RISK,3,candidate_00474,T35_C0p5_D100_1;T35_C2_D80_3;T45_C0p5_D80_0;T45_C1_D80_2
17017,high_c_rate,REFERENCE_INTERVAL_RISK,4,candidate_00567,T35_C0p5_D100_2;T45_C0p5_D80_1;T45_C0p5_D80_2;T45_C1_D80_1
17017,high_c_rate,REFERENCE_INTERVAL_RISK,5,candidate_00623,T35_C2_D80_0;T45_C0p5_D80_3;T45_C1_D80_0;T45_C1_D80_3
17017,high_dod,REFERENCE_INTERVAL_RISK,1,candidate_00011,T25_C0p5_D100_2;T25_C1_D100_0;T25_C1_D100_3;T35_C2_D80_1
17017,high_dod,REFERENCE_INTERVAL_RISK,2,candidate_00151,T25_C1_D100_2;T25_C2_D100_2;T25_C2_D100_3;T35_C2_D80_2
17017,high_dod,REFERENCE_INTERVAL_RISK,3,candidate_00474,T35_C0p5_D100_1;T35_C2_D80_3;T45_C0p5_D80_0;T45_C1_D80_2
17017,high_dod,REFERENCE_INTERVAL_RISK,4,candidate_00567,T35_C0p5_D100_2;T45_C0p5_D80_1;T45_C0p5_D80_2;T45_C1_D80_1
17017,high_dod,REFERENCE_INTERVAL_RISK,5,candidate_00623,T35_C2_D80_0;T45_C0p5_D80_3;T45_C1_D80_0;T45_C1_D80_3
17017,combined_stress,REFERENCE_INTERVAL_RISK,1,candidate_00011,T25_C0p5_D100_2;T25_C1_D100_0;T25_C1_D100_3;T35_C2_D80_1
17017,combined_stress,REFERENCE_INTERVAL_RISK,2,candidate_00151,T25_C1_D100_2;T25_C2_D100_2;T25_C2_D100_3;T35_C2_D80_2
17017,combined_stress,REFERENCE_INTERVAL_RISK,3,candidate_00474,T35_C0p5_D100_1;T35_C2_D80_3;T45_C0p5_D80_0;T45_C1_D80_2
17017,combined_stress,REFERENCE_INTERVAL_RISK,4,candidate_00567,T35_C0p5_D100_2;T45_C0p5_D80_1;T45_C0p5_D80_2;T45_C1_D80_1
17017,combined_stress,REFERENCE_INTERVAL_RISK,5,candidate_00623,T35_C2_D80_0;T45_C0p5_D80_3;T45_C1_D80_0;T45_C1_D80_3
17017,combined_stress,ROBUST_LOSO,1,candidate_00184,T25_C1_D100_2;T25_C1_D100_3;T35_C2_D80_0;T35_C2_D80_2
17018,baseline_use,REFERENCE_INTERVAL_RISK,1,candidate_00127,T25_C0p5_D100_0;T25_C1_D100_3;T35_C1_D80_0;T35_C2_D80_3
17018,baseline_use,REFERENCE_INTERVAL_RISK,2,candidate_00166,T25_C0p5_D100_1;T25_C0p5_D100_2;T25_C2_D100_3;T45_C0p5_D80_2
17018,baseline_use,REFERENCE_INTERVAL_RISK,3,candidate_00397,T25_C1_D100_0;T35_C2_D80_1;T45_C0p5_D80_0;T45_C1_D80_2
17018,baseline_use,REFERENCE_INTERVAL_RISK,4,candidate_00406,T25_C1_D100_1;T25_C1_D100_2;T35_C1_D80_2;T35_C2_D80_0
17018,baseline_use,REFERENCE_INTERVAL_RISK,5,candidate_00598,T25_C2_D100_0;T35_C0p5_D100_0;T35_C2_D80_2;T45_C0p5_D80_1
17018,baseline_use,REFERENCE_INTERVAL_RISK,6,candidate_00639,T25_C2_D100_1;T25_C2_D100_2;T35_C0p5_D100_2;T45_C1_D80_0
17018,baseline_use,REFERENCE_INTERVAL_RISK,7,candidate_01000,T35_C0p5_D100_3;T45_C0p5_D80_3;T45_C1_D80_1;T45_C1_D80_3
17018,high_temperature,REFERENCE_INTERVAL_RISK,1,candidate_00127,T25_C0p5_D100_0;T25_C1_D100_3;T35_C1_D80_0;T35_C2_D80_3
17018,high_temperature,REFERENCE_INTERVAL_RISK,2,candidate_00166,T25_C0p5_D100_1;T25_C0p5_D100_2;T25_C2_D100_3;T45_C0p5_D80_2
17018,high_temperature,REFERENCE_INTERVAL_RISK,3,candidate_00397,T25_C1_D100_0;T35_C2_D80_1;T45_C0p5_D80_0;T45_C1_D80_2
17018,high_temperature,REFERENCE_INTERVAL_RISK,4,candidate_00406,T25_C1_D100_1;T25_C1_D100_2;T35_C1_D80_2;T35_C2_D80_0
17018,high_temperature,REFERENCE_INTERVAL_RISK,5,candidate_00598,T25_C2_D100_0;T35_C0p5_D100_0;T35_C2_D80_2;T45_C0p5_D80_1
17018,high_temperature,REFERENCE_INTERVAL_RISK,6,candidate_00639,T25_C2_D100_1;T25_C2_D100_2;T35_C0p5_D100_2;T45_C1_D80_0
17018,high_temperature,REFERENCE_INTERVAL_RISK,7,candidate_01000,T35_C0p5_D100_3;T45_C0p5_D80_3;T45_C1_D80_1;T45_C1_D80_3
17018,high_c_rate,REFERENCE_INTERVAL_RISK,1,candidate_00127,T25_C0p5_D100_0;T25_C1_D100_3;T35_C1_D80_0;T35_C2_D80_3
17018,high_c_rate,REFERENCE_INTERVAL_RISK,2,candidate_00166,T25_C0p5_D100_1;T25_C0p5_D100_2;T25_C2_D100_3;T45_C0p5_D80_2
17018,high_c_rate,REFERENCE_INTERVAL_RISK,3,candidate_00397,T25_C1_D100_0;T35_C2_D80_1;T45_C0p5_D80_0;T45_C1_D80_2
17018,high_c_rate,REFERENCE_INTERVAL_RISK,4,candidate_00406,T25_C1_D100_1;T25_C1_D100_2;T35_C1_D80_2;T35_C2_D80_0
17018,high_c_rate,REFERENCE_INTERVAL_RISK,5,candidate_00598,T25_C2_D100_0;T35_C0p5_D100_0;T35_C2_D80_2;T45_C0p5_D80_1
17018,high_c_rate,REFERENCE_INTERVAL_RISK,6,candidate_00639,T25_C2_D100_1;T25_C2_D100_2;T35_C0p5_D100_2;T45_C1_D80_0
17018,high_c_rate,REFERENCE_INTERVAL_RISK,7,candidate_01000,T35_C0p5_D100_3;T45_C0p5_D80_3;T45_C1_D80_1;T45_C1_D80_3
17018,high_dod,REFERENCE_INTERVAL_RISK,1,candidate_00127,T25_C0p5_D100_0;T25_C1_D100_3;T35_C1_D80_0;T35_C2_D80_3
17018,high_dod,REFERENCE_INTERVAL_RISK,2,candidate_00166,T25_C0p5_D100_1;T25_C0p5_D100_2;T25_C2_D100_3;T45_C0p5_D80_2
17018,high_dod,REFERENCE_INTERVAL_RISK,3,candidate_00397,T25_C1_D100_0;T35_C2_D80_1;T45_C0p5_D80_0;T45_C1_D80_2
17018,high_dod,REFERENCE_INTERVAL_RISK,4,candidate_00406,T25_C1_D100_1;T25_C1_D100_2;T35_C1_D80_2;T35_C2_D80_0
17018,high_dod,REFERENCE_INTERVAL_RISK,5,candidate_00598,T25_C2_D100_0;T35_C0p5_D100_0;T35_C2_D80_2;T45_C0p5_D80_1
17018,high_dod,REFERENCE_INTERVAL_RISK,6,candidate_00639,T25_C2_D100_1;T25_C2_D100_2;T35_C0p5_D100_2;T45_C1_D80_0
17018,high_dod,REFERENCE_INTERVAL_RISK,7,candidate_01000,T35_C0p5_D100_3;T45_C0p5_D80_3;T45_C1_D80_1;T45_C1_D80_3
17018,combined_stress,REFERENCE_INTERVAL_RISK,1,candidate_00127,T25_C0p5_D100_0;T25_C1_D100_3;T35_C1_D80_0;T35_C2_D80_3
17018,combined_stress,REFERENCE_INTERVAL_RISK,2,candidate_00166,T25_C0p5_D100_1;T25_C0p5_D100_2;T25_C2_D100_3;T45_C0p5_D80_2
17018,combined_stress,REFERENCE_INTERVAL_RISK,3,candidate_00397,T25_C1_D100_0;T35_C2_D80_1;T45_C0p5_D80_0;T45_C1_D80_2
17018,combined_stress,REFERENCE_INTERVAL_RISK,4,candidate_00406,T25_C1_D100_1;T25_C1_D100_2;T35_C1_D80_2;T35_C2_D80_0
17018,combined_stress,REFERENCE_INTERVAL_RISK,5,candidate_00598,T25_C2_D100_0;T35_C0p5_D100_0;T35_C2_D80_2;T45_C0p5_D80_1
17018,combined_stress,REFERENCE_INTERVAL_RISK,6,candidate_00639,T25_C2_D100_1;T25_C2_D100_2;T35_C0p5_D100_2;T45_C1_D80_0
17018,combined_stress,REFERENCE_INTERVAL_RISK,7,candidate_01000,T35_C0p5_D100_3;T45_C0p5_D80_3;T45_C1_D80_1;T45_C1_D80_3
17018,combined_stress,ROBUST_LOSO,1,candidate_00117,T25_C0p5_D100_0;T25_C1_D100_2;T35_C1_D80_2;T35_C2_D80_3
17018,combined_stress,ROBUST_LOSO,2,candidate_00214,T25_C0p5_D100_1;T35_C1_D80_0;T35_C2_D80_1;T45_C1_D80_2
17018,combined_stress,ROBUST_LOSO,3,candidate_00234,T25_C0p5_D100_2;T25_C1_D100_0;T25_C1_D100_3;T25_C2_D100_1
17019,baseline_use,REFERENCE_INTERVAL_RISK,1,candidate_00291,T25_C0p5_D100_1;T25_C2_D80_1;T35_C1_D80_0;T35_C1_D80_1
17019,baseline_use,REFERENCE_INTERVAL_RISK,2,candidate_00587,T25_C0p5_D80_3;T45_C1_D50_3;T45_C2_D50_0;T45_C2_D50_1
17019,baseline_use,REFERENCE_INTERVAL_RISK,3,candidate_00589,T25_C1_D100_0;T25_C1_D100_2;T25_C2_D100_3;T35_C1_D80_2
17019,baseline_use,REFERENCE_INTERVAL_RISK,4,candidate_00837,T25_C1_D100_3;T35_C0p5_D80_3;T35_C2_D80_1;T45_C0p5_D80_1
17019,baseline_use,REFERENCE_INTERVAL_RISK,5,candidate_00867,T25_C2_D100_0;T25_C2_D100_1;T35_C2_D80_3;T45_C0p5_D80_0
17019,baseline_use,REFERENCE_INTERVAL_RISK,6,candidate_01149,T25_C2_D100_2;T35_C0p5_D100_3;T45_C1_D80_1;T45_C2_D80_3
17019,baseline_use,REFERENCE_INTERVAL_RISK,7,candidate_01325,T25_C2_D80_3;T35_C0p5_D80_0;T35_C0p5_D80_2;T35_C1_D80_3
17019,baseline_use,REFERENCE_INTERVAL_RISK,8,candidate_01376,T35_C0p5_D100_1;T35_C1_D100_3;T45_C0p5_D80_2;T45_C1_D80_0
17019,baseline_use,ROBUST_LOSO,1,candidate_01544,T35_C0p5_D80_1;T45_C1_D50_3;T45_C2_D50_0;T45_C2_D50_1
17019,high_temperature,REFERENCE_INTERVAL_RISK,1,candidate_00291,T25_C0p5_D100_1;T25_C2_D80_1;T35_C1_D80_0;T35_C1_D80_1
17019,high_temperature,REFERENCE_INTERVAL_RISK,2,candidate_00587,T25_C0p5_D80_3;T45_C1_D50_3;T45_C2_D50_0;T45_C2_D50_1
17019,high_temperature,REFERENCE_INTERVAL_RISK,3,candidate_00589,T25_C1_D100_0;T25_C1_D100_2;T25_C2_D100_3;T35_C1_D80_2
17019,high_temperature,REFERENCE_INTERVAL_RISK,4,candidate_00837,T25_C1_D100_3;T35_C0p5_D80_3;T35_C2_D80_1;T45_C0p5_D80_1
17019,high_temperature,REFERENCE_INTERVAL_RISK,5,candidate_00867,T25_C2_D100_0;T25_C2_D100_1;T35_C2_D80_3;T45_C0p5_D80_0
17019,high_temperature,REFERENCE_INTERVAL_RISK,6,candidate_01149,T25_C2_D100_2;T35_C0p5_D100_3;T45_C1_D80_1;T45_C2_D80_3
17019,high_temperature,REFERENCE_INTERVAL_RISK,7,candidate_01325,T25_C2_D80_3;T35_C0p5_D80_0;T35_C0p5_D80_2;T35_C1_D80_3
17019,high_temperature,REFERENCE_INTERVAL_RISK,8,candidate_01376,T35_C0p5_D100_1;T35_C1_D100_3;T45_C0p5_D80_2;T45_C1_D80_0
17019,high_temperature,ROBUST_LOSO,1,candidate_01544,T35_C0p5_D80_1;T45_C1_D50_3;T45_C2_D50_0;T45_C2_D50_1
17019,high_c_rate,REFERENCE_INTERVAL_RISK,1,candidate_00291,T25_C0p5_D100_1;T25_C2_D80_1;T35_C1_D80_0;T35_C1_D80_1
17019,high_c_rate,REFERENCE_INTERVAL_RISK,2,candidate_00587,T25_C0p5_D80_3;T45_C1_D50_3;T45_C2_D50_0;T45_C2_D50_1
17019,high_c_rate,REFERENCE_INTERVAL_RISK,3,candidate_00589,T25_C1_D100_0;T25_C1_D100_2;T25_C2_D100_3;T35_C1_D80_2
17019,high_c_rate,REFERENCE_INTERVAL_RISK,4,candidate_00837,T25_C1_D100_3;T35_C0p5_D80_3;T35_C2_D80_1;T45_C0p5_D80_1
17019,high_c_rate,REFERENCE_INTERVAL_RISK,5,candidate_00867,T25_C2_D100_0;T25_C2_D100_1;T35_C2_D80_3;T45_C0p5_D80_0
17019,high_c_rate,REFERENCE_INTERVAL_RISK,6,candidate_01149,T25_C2_D100_2;T35_C0p5_D100_3;T45_C1_D80_1;T45_C2_D80_3
17019,high_c_rate,REFERENCE_INTERVAL_RISK,7,candidate_01325,T25_C2_D80_3;T35_C0p5_D80_0;T35_C0p5_D80_2;T35_C1_D80_3
17019,high_c_rate,REFERENCE_INTERVAL_RISK,8,candidate_01376,T35_C0p5_D100_1;T35_C1_D100_3;T45_C0p5_D80_2;T45_C1_D80_0
17019,high_c_rate,ROBUST_LOSO,1,candidate_01544,T35_C0p5_D80_1;T45_C1_D50_3;T45_C2_D50_0;T45_C2_D50_1
17019,high_dod,REFERENCE_INTERVAL_RISK,1,candidate_00291,T25_C0p5_D100_1;T25_C2_D80_1;T35_C1_D80_0;T35_C1_D80_1
17019,high_dod,REFERENCE_INTERVAL_RISK,2,candidate_00587,T25_C0p5_D80_3;T45_C1_D50_3;T45_C2_D50_0;T45_C2_D50_1
17019,high_dod,REFERENCE_INTERVAL_RISK,3,candidate_00589,T25_C1_D100_0;T25_C1_D100_2;T25_C2_D100_3;T35_C1_D80_2
17019,high_dod,REFERENCE_INTERVAL_RISK,4,candidate_00837,T25_C1_D100_3;T35_C0p5_D80_3;T35_C2_D80_1;T45_C0p5_D80_1
17019,high_dod,REFERENCE_INTERVAL_RISK,5,candidate_00867,T25_C2_D100_0;T25_C2_D100_1;T35_C2_D80_3;T45_C0p5_D80_0
17019,high_dod,REFERENCE_INTERVAL_RISK,6,candidate_01149,T25_C2_D100_2;T35_C0p5_D100_3;T45_C1_D80_1;T45_C2_D80_3
17019,high_dod,REFERENCE_INTERVAL_RISK,7,candidate_01325,T25_C2_D80_3;T35_C0p5_D80_0;T35_C0p5_D80_2;T35_C1_D80_3
17019,high_dod,REFERENCE_INTERVAL_RISK,8,candidate_01376,T35_C0p5_D100_1;T35_C1_D100_3;T45_C0p5_D80_2;T45_C1_D80_0
17019,high_dod,ROBUST_LOSO,1,candidate_01544,T35_C0p5_D80_1;T45_C1_D50_3;T45_C2_D50_0;T45_C2_D50_1
17019,combined_stress,REFERENCE_INTERVAL_RISK,1,candidate_00291,T25_C0p5_D100_1;T25_C2_D80_1;T35_C1_D80_0;T35_C1_D80_1
17019,combined_stress,REFERENCE_INTERVAL_RISK,2,candidate_00587,T25_C0p5_D80_3;T45_C1_D50_3;T45_C2_D50_0;T45_C2_D50_1
17019,combined_stress,REFERENCE_INTERVAL_RISK,3,candidate_00589,T25_C1_D100_0;T25_C1_D100_2;T25_C2_D100_3;T35_C1_D80_2
17019,combined_stress,REFERENCE_INTERVAL_RISK,4,candidate_00837,T25_C1_D100_3;T35_C0p5_D80_3;T35_C2_D80_1;T45_C0p5_D80_1
17019,combined_stress,REFERENCE_INTERVAL_RISK,5,candidate_00867,T25_C2_D100_0;T25_C2_D100_1;T35_C2_D80_3;T45_C0p5_D80_0
17019,combined_stress,REFERENCE_INTERVAL_RISK,6,candidate_01149,T25_C2_D100_2;T35_C0p5_D100_3;T45_C1_D80_1;T45_C2_D80_3
17019,combined_stress,REFERENCE_INTERVAL_RISK,7,candidate_01325,T25_C2_D80_3;T35_C0p5_D80_0;T35_C0p5_D80_2;T35_C1_D80_3
17019,combined_stress,REFERENCE_INTERVAL_RISK,8,candidate_01376,T35_C0p5_D100_1;T35_C1_D100_3;T45_C0p5_D80_2;T45_C1_D80_0
17019,combined_stress,ROBUST_LOSO,1,candidate_00177,T25_C0p5_D100_0;T35_C0p5_D80_3;T35_C2_D80_1;T35_C2_D80_2
17019,combined_stress,ROBUST_LOSO,2,candidate_00226,T25_C0p5_D100_1;T25_C0p5_D100_2;T25_C1_D100_3;T35_C1_D80_0
17019,combined_stress,ROBUST_LOSO,3,candidate_00496,T25_C0p5_D100_3;T25_C2_D80_1;T35_C0p5_D80_0;T35_C1_D80_1
17019,combined_stress,ROBUST_LOSO,4,candidate_00559,T25_C0p5_D80_3;T25_C2_D80_3;T35_C0p5_D80_2;T35_C1_D80_3
17019,combined_stress,ROBUST_LOSO,5,candidate_01544,T35_C0p5_D80_1;T45_C1_D50_3;T45_C2_D50_0;T45_C2_D50_1
17020,baseline_use,REFERENCE_INTERVAL_RISK,1,candidate_00089,T25_C0p5_D100_1;T25_C1_D100_2;T35_C1_D80_2;T35_C2_D80_2
17020,baseline_use,REFERENCE_INTERVAL_RISK,2,candidate_00135,T25_C0p5_D100_2;T25_C1_D100_0;T25_C1_D100_1;T45_C1_D80_2
17020,baseline_use,REFERENCE_INTERVAL_RISK,3,candidate_00383,T25_C1_D100_3;T45_C0p5_D80_0;T45_C0p5_D80_1;T45_C1_D80_1
17020,baseline_use,REFERENCE_INTERVAL_RISK,4,candidate_00549,T25_C2_D100_1;T25_C2_D100_2;T45_C0p5_D80_2;T45_C0p5_D80_3
17020,baseline_use,REFERENCE_INTERVAL_RISK,5,candidate_00754,T35_C0p5_D100_2;T35_C1_D100_1;T45_C1_D80_3;T45_C2_D80_1
17020,high_temperature,REFERENCE_INTERVAL_RISK,1,candidate_00089,T25_C0p5_D100_1;T25_C1_D100_2;T35_C1_D80_2;T35_C2_D80_2
17020,high_temperature,REFERENCE_INTERVAL_RISK,2,candidate_00135,T25_C0p5_D100_2;T25_C1_D100_0;T25_C1_D100_1;T45_C1_D80_2
17020,high_temperature,REFERENCE_INTERVAL_RISK,3,candidate_00383,T25_C1_D100_3;T45_C0p5_D80_0;T45_C0p5_D80_1;T45_C1_D80_1
17020,high_temperature,REFERENCE_INTERVAL_RISK,4,candidate_00549,T25_C2_D100_1;T25_C2_D100_2;T45_C0p5_D80_2;T45_C0p5_D80_3
17020,high_temperature,REFERENCE_INTERVAL_RISK,5,candidate_00754,T35_C0p5_D100_2;T35_C1_D100_1;T45_C1_D80_3;T45_C2_D80_1
17020,high_c_rate,REFERENCE_INTERVAL_RISK,1,candidate_00089,T25_C0p5_D100_1;T25_C1_D100_2;T35_C1_D80_2;T35_C2_D80_2
17020,high_c_rate,REFERENCE_INTERVAL_RISK,2,candidate_00135,T25_C0p5_D100_2;T25_C1_D100_0;T25_C1_D100_1;T45_C1_D80_2
17020,high_c_rate,REFERENCE_INTERVAL_RISK,3,candidate_00383,T25_C1_D100_3;T45_C0p5_D80_0;T45_C0p5_D80_1;T45_C1_D80_1
17020,high_c_rate,REFERENCE_INTERVAL_RISK,4,candidate_00549,T25_C2_D100_1;T25_C2_D100_2;T45_C0p5_D80_2;T45_C0p5_D80_3
17020,high_c_rate,REFERENCE_INTERVAL_RISK,5,candidate_00754,T35_C0p5_D100_2;T35_C1_D100_1;T45_C1_D80_3;T45_C2_D80_1
17020,high_dod,REFERENCE_INTERVAL_RISK,1,candidate_00089,T25_C0p5_D100_1;T25_C1_D100_2;T35_C1_D80_2;T35_C2_D80_2
17020,high_dod,REFERENCE_INTERVAL_RISK,2,candidate_00135,T25_C0p5_D100_2;T25_C1_D100_0;T25_C1_D100_1;T45_C1_D80_2
17020,high_dod,REFERENCE_INTERVAL_RISK,3,candidate_00383,T25_C1_D100_3;T45_C0p5_D80_0;T45_C0p5_D80_1;T45_C1_D80_1
17020,high_dod,REFERENCE_INTERVAL_RISK,4,candidate_00549,T25_C2_D100_1;T25_C2_D100_2;T45_C0p5_D80_2;T45_C0p5_D80_3
17020,high_dod,REFERENCE_INTERVAL_RISK,5,candidate_00754,T35_C0p5_D100_2;T35_C1_D100_1;T45_C1_D80_3;T45_C2_D80_1
17020,combined_stress,REFERENCE_INTERVAL_RISK,1,candidate_00089,T25_C0p5_D100_1;T25_C1_D100_2;T35_C1_D80_2;T35_C2_D80_2
17020,combined_stress,REFERENCE_INTERVAL_RISK,2,candidate_00135,T25_C0p5_D100_2;T25_C1_D100_0;T25_C1_D100_1;T45_C1_D80_2
17020,combined_stress,REFERENCE_INTERVAL_RISK,3,candidate_00383,T25_C1_D100_3;T45_C0p5_D80_0;T45_C0p5_D80_1;T45_C1_D80_1
17020,combined_stress,REFERENCE_INTERVAL_RISK,4,candidate_00549,T25_C2_D100_1;T25_C2_D100_2;T45_C0p5_D80_2;T45_C0p5_D80_3
17020,combined_stress,REFERENCE_INTERVAL_RISK,5,candidate_00754,T35_C0p5_D100_2;T35_C1_D100_1;T45_C1_D80_3;T45_C2_D80_1
17020,combined_stress,ROBUST_LOSO,1,candidate_00099,T25_C0p5_D100_1;T25_C1_D100_3;T35_C1_D80_2;T45_C0p5_D80_1
17020,combined_stress,ROBUST_LOSO,2,candidate_00146,T25_C0p5_D100_2;T25_C1_D100_1;T35_C2_D80_2;T45_C0p5_D80_0
17021,baseline_use,REFERENCE_INTERVAL_RISK,1,candidate_00069,T25_C0p5_D100_0;T25_C1_D100_0;T35_C2_D80_1;T35_C2_D80_2
17021,baseline_use,REFERENCE_INTERVAL_RISK,2,candidate_00185,T25_C0p5_D100_1;T25_C1_D100_2;T35_C2_D80_0;T35_C2_D80_3
17021,baseline_use,REFERENCE_INTERVAL_RISK,3,candidate_00367,T25_C0p5_D100_2;T35_C0p5_D80_3;T35_C1_D80_1;T35_C1_D80_2
17021,baseline_use,REFERENCE_INTERVAL_RISK,4,candidate_00417,T25_C0p5_D100_3;T35_C0p5_D80_0;T35_C1_D80_0;T35_C1_D80_3
17021,baseline_use,REFERENCE_INTERVAL_RISK,5,candidate_00550,T25_C1_D100_1;T25_C2_D100_2;T45_C0p5_D80_0;T45_C1_D80_0
17021,baseline_use,REFERENCE_INTERVAL_RISK,6,candidate_00864,T25_C2_D100_1;T25_C2_D100_3;T35_C0p5_D100_2;T45_C1_D80_3
17021,baseline_use,REFERENCE_INTERVAL_RISK,7,candidate_01171,T25_C2_D80_2;T35_C0p5_D80_1;T35_C0p5_D80_2;baseline_1
17021,baseline_use,REFERENCE_INTERVAL_RISK,8,candidate_01288,T35_C0p5_D100_1;T35_C0p5_D100_3;T35_C1_D100_1;T45_C0p5_D80_3
17021,baseline_use,ROBUST_LOSO,1,candidate_01153,T25_C2_D80_2;T35_C0p5_D80_0;T35_C1_D80_3;baseline_1
17021,high_temperature,REFERENCE_INTERVAL_RISK,1,candidate_00069,T25_C0p5_D100_0;T25_C1_D100_0;T35_C2_D80_1;T35_C2_D80_2
17021,high_temperature,REFERENCE_INTERVAL_RISK,2,candidate_00185,T25_C0p5_D100_1;T25_C1_D100_2;T35_C2_D80_0;T35_C2_D80_3
17021,high_temperature,REFERENCE_INTERVAL_RISK,3,candidate_00367,T25_C0p5_D100_2;T35_C0p5_D80_3;T35_C1_D80_1;T35_C1_D80_2
17021,high_temperature,REFERENCE_INTERVAL_RISK,4,candidate_00417,T25_C0p5_D100_3;T35_C0p5_D80_0;T35_C1_D80_0;T35_C1_D80_3
17021,high_temperature,REFERENCE_INTERVAL_RISK,5,candidate_00550,T25_C1_D100_1;T25_C2_D100_2;T45_C0p5_D80_0;T45_C1_D80_0
17021,high_temperature,REFERENCE_INTERVAL_RISK,6,candidate_00864,T25_C2_D100_1;T25_C2_D100_3;T35_C0p5_D100_2;T45_C1_D80_3
17021,high_temperature,REFERENCE_INTERVAL_RISK,7,candidate_01171,T25_C2_D80_2;T35_C0p5_D80_1;T35_C0p5_D80_2;baseline_1
17021,high_temperature,REFERENCE_INTERVAL_RISK,8,candidate_01288,T35_C0p5_D100_1;T35_C0p5_D100_3;T35_C1_D100_1;T45_C0p5_D80_3
17021,high_temperature,ROBUST_LOSO,1,candidate_01153,T25_C2_D80_2;T35_C0p5_D80_0;T35_C1_D80_3;baseline_1
17021,high_c_rate,REFERENCE_INTERVAL_RISK,1,candidate_00069,T25_C0p5_D100_0;T25_C1_D100_0;T35_C2_D80_1;T35_C2_D80_2
17021,high_c_rate,REFERENCE_INTERVAL_RISK,2,candidate_00185,T25_C0p5_D100_1;T25_C1_D100_2;T35_C2_D80_0;T35_C2_D80_3
17021,high_c_rate,REFERENCE_INTERVAL_RISK,3,candidate_00367,T25_C0p5_D100_2;T35_C0p5_D80_3;T35_C1_D80_1;T35_C1_D80_2
17021,high_c_rate,REFERENCE_INTERVAL_RISK,4,candidate_00417,T25_C0p5_D100_3;T35_C0p5_D80_0;T35_C1_D80_0;T35_C1_D80_3
17021,high_c_rate,REFERENCE_INTERVAL_RISK,5,candidate_00550,T25_C1_D100_1;T25_C2_D100_2;T45_C0p5_D80_0;T45_C1_D80_0
17021,high_c_rate,REFERENCE_INTERVAL_RISK,6,candidate_00864,T25_C2_D100_1;T25_C2_D100_3;T35_C0p5_D100_2;T45_C1_D80_3
17021,high_c_rate,REFERENCE_INTERVAL_RISK,7,candidate_01171,T25_C2_D80_2;T35_C0p5_D80_1;T35_C0p5_D80_2;baseline_1
17021,high_c_rate,REFERENCE_INTERVAL_RISK,8,candidate_01288,T35_C0p5_D100_1;T35_C0p5_D100_3;T35_C1_D100_1;T45_C0p5_D80_3
17021,high_c_rate,ROBUST_LOSO,1,candidate_01153,T25_C2_D80_2;T35_C0p5_D80_0;T35_C1_D80_3;baseline_1
17021,high_dod,REFERENCE_INTERVAL_RISK,1,candidate_00069,T25_C0p5_D100_0;T25_C1_D100_0;T35_C2_D80_1;T35_C2_D80_2
17021,high_dod,REFERENCE_INTERVAL_RISK,2,candidate_00185,T25_C0p5_D100_1;T25_C1_D100_2;T35_C2_D80_0;T35_C2_D80_3
17021,high_dod,REFERENCE_INTERVAL_RISK,3,candidate_00367,T25_C0p5_D100_2;T35_C0p5_D80_3;T35_C1_D80_1;T35_C1_D80_2
17021,high_dod,REFERENCE_INTERVAL_RISK,4,candidate_00417,T25_C0p5_D100_3;T35_C0p5_D80_0;T35_C1_D80_0;T35_C1_D80_3
17021,high_dod,REFERENCE_INTERVAL_RISK,5,candidate_00550,T25_C1_D100_1;T25_C2_D100_2;T45_C0p5_D80_0;T45_C1_D80_0
17021,high_dod,REFERENCE_INTERVAL_RISK,6,candidate_00864,T25_C2_D100_1;T25_C2_D100_3;T35_C0p5_D100_2;T45_C1_D80_3
17021,high_dod,REFERENCE_INTERVAL_RISK,7,candidate_01171,T25_C2_D80_2;T35_C0p5_D80_1;T35_C0p5_D80_2;baseline_1
17021,high_dod,REFERENCE_INTERVAL_RISK,8,candidate_01288,T35_C0p5_D100_1;T35_C0p5_D100_3;T35_C1_D100_1;T45_C0p5_D80_3
17021,high_dod,ROBUST_LOSO,1,candidate_01153,T25_C2_D80_2;T35_C0p5_D80_0;T35_C1_D80_3;baseline_1
17021,combined_stress,REFERENCE_INTERVAL_RISK,1,candidate_00069,T25_C0p5_D100_0;T25_C1_D100_0;T35_C2_D80_1;T35_C2_D80_2
17021,combined_stress,REFERENCE_INTERVAL_RISK,2,candidate_00185,T25_C0p5_D100_1;T25_C1_D100_2;T35_C2_D80_0;T35_C2_D80_3
17021,combined_stress,REFERENCE_INTERVAL_RISK,3,candidate_00367,T25_C0p5_D100_2;T35_C0p5_D80_3;T35_C1_D80_1;T35_C1_D80_2
17021,combined_stress,REFERENCE_INTERVAL_RISK,4,candidate_00417,T25_C0p5_D100_3;T35_C0p5_D80_0;T35_C1_D80_0;T35_C1_D80_3
17021,combined_stress,REFERENCE_INTERVAL_RISK,5,candidate_00550,T25_C1_D100_1;T25_C2_D100_2;T45_C0p5_D80_0;T45_C1_D80_0
17021,combined_stress,REFERENCE_INTERVAL_RISK,6,candidate_00864,T25_C2_D100_1;T25_C2_D100_3;T35_C0p5_D100_2;T45_C1_D80_3
17021,combined_stress,REFERENCE_INTERVAL_RISK,7,candidate_01171,T25_C2_D80_2;T35_C0p5_D80_1;T35_C0p5_D80_2;baseline_1
17021,combined_stress,REFERENCE_INTERVAL_RISK,8,candidate_01288,T35_C0p5_D100_1;T35_C0p5_D100_3;T35_C1_D100_1;T45_C0p5_D80_3
17021,combined_stress,ROBUST_LOSO,1,candidate_00109,T25_C0p5_D100_0;T25_C1_D100_3;T35_C2_D80_1;T35_C2_D80_2
17021,combined_stress,ROBUST_LOSO,2,candidate_00356,T25_C0p5_D100_2;T35_C0p5_D80_0;T35_C0p5_D80_3;T35_C1_D80_1
17021,combined_stress,ROBUST_LOSO,3,candidate_00440,T25_C0p5_D100_3;T35_C0p5_D80_1;T35_C1_D80_3;T45_C0p5_D80_2
17021,combined_stress,ROBUST_LOSO,4,candidate_01172,T25_C2_D80_2;T35_C0p5_D80_2;T35_C1_D80_0;baseline_1
17022,baseline_use,REFERENCE_INTERVAL_RISK,1,candidate_00007,T25_C0p5_D100_0;T25_C0p5_D100_1;T25_C1_D100_3;T35_C2_D80_0
17022,baseline_use,REFERENCE_INTERVAL_RISK,2,candidate_00321,T25_C0p5_D100_2;T25_C2_D80_0;T35_C0p5_D80_2;T35_C1_D80_3
17022,baseline_use,REFERENCE_INTERVAL_RISK,3,candidate_00466,T25_C0p5_D100_3;T25_C1_D100_0;T35_C1_D80_0;T35_C1_D80_2
17022,baseline_use,REFERENCE_INTERVAL_RISK,4,candidate_00699,T25_C1_D100_2;T25_C2_D100_0;T35_C2_D80_2;T45_C1_D80_0
17022,baseline_use,REFERENCE_INTERVAL_RISK,5,candidate_00901,T25_C2_D100_1;T25_C2_D100_2;T35_C1_D80_1;T35_C2_D80_1
17022,baseline_use,REFERENCE_INTERVAL_RISK,6,candidate_01138,T25_C2_D80_1;T35_C0p5_D80_0;T45_C2_D50_2;T45_C2_D50_3
17022,baseline_use,REFERENCE_INTERVAL_RISK,7,candidate_01166,T25_C2_D80_2;T35_C0p5_D80_1;T35_C0p5_D80_3;T45_C2_D50_1
17022,baseline_use,REFERENCE_INTERVAL_RISK,8,candidate_01382,T35_C0p5_D100_3;T35_C1_D100_1;T45_C0p5_D80_3;T45_C1_D80_1
17022,baseline_use,ROBUST_LOSO,1,candidate_00416,T25_C0p5_D100_2;T35_C0p5_D80_1;T35_C1_D80_0;T45_C2_D50_1
17022,baseline_use,ROBUST_LOSO,2,candidate_01120,T25_C2_D80_0;T25_C2_D80_2;T45_C2_D50_2;baseline_1
17022,baseline_use,ROBUST_LOSO,3,candidate_01183,T25_C2_D80_1;T35_C0p5_D80_0;T35_C0p5_D80_3;T45_C2_D50_3
17022,high_temperature,REFERENCE_INTERVAL_RISK,1,candidate_00007,T25_C0p5_D100_0;T25_C0p5_D100_1;T25_C1_D100_3;T35_C2_D80_0
17022,high_temperature,REFERENCE_INTERVAL_RISK,2,candidate_00321,T25_C0p5_D100_2;T25_C2_D80_0;T35_C0p5_D80_2;T35_C1_D80_3
17022,high_temperature,REFERENCE_INTERVAL_RISK,3,candidate_00466,T25_C0p5_D100_3;T25_C1_D100_0;T35_C1_D80_0;T35_C1_D80_2
17022,high_temperature,REFERENCE_INTERVAL_RISK,4,candidate_00699,T25_C1_D100_2;T25_C2_D100_0;T35_C2_D80_2;T45_C1_D80_0
17022,high_temperature,REFERENCE_INTERVAL_RISK,5,candidate_00901,T25_C2_D100_1;T25_C2_D100_2;T35_C1_D80_1;T35_C2_D80_1
17022,high_temperature,REFERENCE_INTERVAL_RISK,6,candidate_01138,T25_C2_D80_1;T35_C0p5_D80_0;T45_C2_D50_2;T45_C2_D50_3
17022,high_temperature,REFERENCE_INTERVAL_RISK,7,candidate_01166,T25_C2_D80_2;T35_C0p5_D80_1;T35_C0p5_D80_3;T45_C2_D50_1
17022,high_temperature,REFERENCE_INTERVAL_RISK,8,candidate_01382,T35_C0p5_D100_3;T35_C1_D100_1;T45_C0p5_D80_3;T45_C1_D80_1
17022,high_temperature,ROBUST_LOSO,1,candidate_00416,T25_C0p5_D100_2;T35_C0p5_D80_1;T35_C1_D80_0;T45_C2_D50_1
17022,high_temperature,ROBUST_LOSO,2,candidate_01120,T25_C2_D80_0;T25_C2_D80_2;T45_C2_D50_2;baseline_1
17022,high_temperature,ROBUST_LOSO,3,candidate_01183,T25_C2_D80_1;T35_C0p5_D80_0;T35_C0p5_D80_3;T45_C2_D50_3
17022,high_c_rate,REFERENCE_INTERVAL_RISK,1,candidate_00007,T25_C0p5_D100_0;T25_C0p5_D100_1;T25_C1_D100_3;T35_C2_D80_0
17022,high_c_rate,REFERENCE_INTERVAL_RISK,2,candidate_00321,T25_C0p5_D100_2;T25_C2_D80_0;T35_C0p5_D80_2;T35_C1_D80_3
17022,high_c_rate,REFERENCE_INTERVAL_RISK,3,candidate_00466,T25_C0p5_D100_3;T25_C1_D100_0;T35_C1_D80_0;T35_C1_D80_2
17022,high_c_rate,REFERENCE_INTERVAL_RISK,4,candidate_00699,T25_C1_D100_2;T25_C2_D100_0;T35_C2_D80_2;T45_C1_D80_0
17022,high_c_rate,REFERENCE_INTERVAL_RISK,5,candidate_00901,T25_C2_D100_1;T25_C2_D100_2;T35_C1_D80_1;T35_C2_D80_1
17022,high_c_rate,REFERENCE_INTERVAL_RISK,6,candidate_01138,T25_C2_D80_1;T35_C0p5_D80_0;T45_C2_D50_2;T45_C2_D50_3
17022,high_c_rate,REFERENCE_INTERVAL_RISK,7,candidate_01166,T25_C2_D80_2;T35_C0p5_D80_1;T35_C0p5_D80_3;T45_C2_D50_1
17022,high_c_rate,REFERENCE_INTERVAL_RISK,8,candidate_01382,T35_C0p5_D100_3;T35_C1_D100_1;T45_C0p5_D80_3;T45_C1_D80_1
17022,high_c_rate,ROBUST_LOSO,1,candidate_00416,T25_C0p5_D100_2;T35_C0p5_D80_1;T35_C1_D80_0;T45_C2_D50_1
17022,high_c_rate,ROBUST_LOSO,2,candidate_01120,T25_C2_D80_0;T25_C2_D80_2;T45_C2_D50_2;baseline_1
17022,high_c_rate,ROBUST_LOSO,3,candidate_01183,T25_C2_D80_1;T35_C0p5_D80_0;T35_C0p5_D80_3;T45_C2_D50_3
17022,high_dod,REFERENCE_INTERVAL_RISK,1,candidate_00007,T25_C0p5_D100_0;T25_C0p5_D100_1;T25_C1_D100_3;T35_C2_D80_0
17022,high_dod,REFERENCE_INTERVAL_RISK,2,candidate_00321,T25_C0p5_D100_2;T25_C2_D80_0;T35_C0p5_D80_2;T35_C1_D80_3
17022,high_dod,REFERENCE_INTERVAL_RISK,3,candidate_00466,T25_C0p5_D100_3;T25_C1_D100_0;T35_C1_D80_0;T35_C1_D80_2
17022,high_dod,REFERENCE_INTERVAL_RISK,4,candidate_00699,T25_C1_D100_2;T25_C2_D100_0;T35_C2_D80_2;T45_C1_D80_0
17022,high_dod,REFERENCE_INTERVAL_RISK,5,candidate_00901,T25_C2_D100_1;T25_C2_D100_2;T35_C1_D80_1;T35_C2_D80_1
17022,high_dod,REFERENCE_INTERVAL_RISK,6,candidate_01138,T25_C2_D80_1;T35_C0p5_D80_0;T45_C2_D50_2;T45_C2_D50_3
17022,high_dod,REFERENCE_INTERVAL_RISK,7,candidate_01166,T25_C2_D80_2;T35_C0p5_D80_1;T35_C0p5_D80_3;T45_C2_D50_1
17022,high_dod,REFERENCE_INTERVAL_RISK,8,candidate_01382,T35_C0p5_D100_3;T35_C1_D100_1;T45_C0p5_D80_3;T45_C1_D80_1
17022,high_dod,ROBUST_LOSO,1,candidate_00416,T25_C0p5_D100_2;T35_C0p5_D80_1;T35_C1_D80_0;T45_C2_D50_1
17022,high_dod,ROBUST_LOSO,2,candidate_01120,T25_C2_D80_0;T25_C2_D80_2;T45_C2_D50_2;baseline_1
17022,high_dod,ROBUST_LOSO,3,candidate_01183,T25_C2_D80_1;T35_C0p5_D80_0;T35_C0p5_D80_3;T45_C2_D50_3
17022,combined_stress,REFERENCE_INTERVAL_RISK,1,candidate_00007,T25_C0p5_D100_0;T25_C0p5_D100_1;T25_C1_D100_3;T35_C2_D80_0
17022,combined_stress,REFERENCE_INTERVAL_RISK,2,candidate_00321,T25_C0p5_D100_2;T25_C2_D80_0;T35_C0p5_D80_2;T35_C1_D80_3
17022,combined_stress,REFERENCE_INTERVAL_RISK,3,candidate_00466,T25_C0p5_D100_3;T25_C1_D100_0;T35_C1_D80_0;T35_C1_D80_2
17022,combined_stress,REFERENCE_INTERVAL_RISK,4,candidate_00699,T25_C1_D100_2;T25_C2_D100_0;T35_C2_D80_2;T45_C1_D80_0
17022,combined_stress,REFERENCE_INTERVAL_RISK,5,candidate_00901,T25_C2_D100_1;T25_C2_D100_2;T35_C1_D80_1;T35_C2_D80_1
17022,combined_stress,REFERENCE_INTERVAL_RISK,6,candidate_01138,T25_C2_D80_1;T35_C0p5_D80_0;T45_C2_D50_2;T45_C2_D50_3
17022,combined_stress,REFERENCE_INTERVAL_RISK,7,candidate_01166,T25_C2_D80_2;T35_C0p5_D80_1;T35_C0p5_D80_3;T45_C2_D50_1
17022,combined_stress,REFERENCE_INTERVAL_RISK,8,candidate_01382,T35_C0p5_D100_3;T35_C1_D100_1;T45_C0p5_D80_3;T45_C1_D80_1
17022,combined_stress,ROBUST_LOSO,1,candidate_00089,T25_C0p5_D100_0;T25_C2_D100_1;T35_C1_D80_1;T35_C2_D80_1
17022,combined_stress,ROBUST_LOSO,2,candidate_00210,T25_C0p5_D100_1;T25_C1_D100_3;T35_C0p5_D80_2;T35_C2_D80_0
17022,combined_stress,ROBUST_LOSO,3,candidate_00295,T25_C0p5_D100_2;T25_C0p5_D100_3;T25_C2_D80_0;T35_C1_D80_3
17022,combined_stress,ROBUST_LOSO,4,candidate_00629,T25_C1_D100_0;T35_C1_D80_0;T35_C1_D80_2;T35_C2_D80_2
17022,combined_stress,ROBUST_LOSO,5,candidate_01183,T25_C2_D80_1;T35_C0p5_D80_0;T35_C0p5_D80_3;T45_C2_D50_3
17022,combined_stress,ROBUST_LOSO,6,candidate_01224,T25_C2_D80_2;T35_C0p5_D80_1;T45_C2_D50_1;T45_C2_D50_2
17023,baseline_use,REFERENCE_INTERVAL_RISK,1,candidate_00113,T25_C0p5_D100_1;T25_C1_D100_3;T35_C2_D80_3;T45_C0p5_D80_2
17023,baseline_use,REFERENCE_INTERVAL_RISK,2,candidate_00186,T25_C1_D100_0;T25_C2_D100_0;T35_C1_D80_0;T35_C2_D80_1
17023,baseline_use,REFERENCE_INTERVAL_RISK,3,candidate_00311,T25_C1_D100_1;T35_C0p5_D100_2;T45_C1_D80_1;T45_C1_D80_3
17023,baseline_use,REFERENCE_INTERVAL_RISK,4,candidate_00429,T25_C1_D100_2;T35_C2_D80_2;T45_C0p5_D80_3;T45_C1_D80_0
17023,high_temperature,REFERENCE_INTERVAL_RISK,1,candidate_00113,T25_C0p5_D100_1;T25_C1_D100_3;T35_C2_D80_3;T45_C0p5_D80_2
17023,high_temperature,REFERENCE_INTERVAL_RISK,2,candidate_00186,T25_C1_D100_0;T25_C2_D100_0;T35_C1_D80_0;T35_C2_D80_1
17023,high_temperature,REFERENCE_INTERVAL_RISK,3,candidate_00311,T25_C1_D100_1;T35_C0p5_D100_2;T45_C1_D80_1;T45_C1_D80_3
17023,high_temperature,REFERENCE_INTERVAL_RISK,4,candidate_00429,T25_C1_D100_2;T35_C2_D80_2;T45_C0p5_D80_3;T45_C1_D80_0
17023,high_c_rate,REFERENCE_INTERVAL_RISK,1,candidate_00113,T25_C0p5_D100_1;T25_C1_D100_3;T35_C2_D80_3;T45_C0p5_D80_2
17023,high_c_rate,REFERENCE_INTERVAL_RISK,2,candidate_00186,T25_C1_D100_0;T25_C2_D100_0;T35_C1_D80_0;T35_C2_D80_1
17023,high_c_rate,REFERENCE_INTERVAL_RISK,3,candidate_00311,T25_C1_D100_1;T35_C0p5_D100_2;T45_C1_D80_1;T45_C1_D80_3
17023,high_c_rate,REFERENCE_INTERVAL_RISK,4,candidate_00429,T25_C1_D100_2;T35_C2_D80_2;T45_C0p5_D80_3;T45_C1_D80_0
17023,high_dod,REFERENCE_INTERVAL_RISK,1,candidate_00113,T25_C0p5_D100_1;T25_C1_D100_3;T35_C2_D80_3;T45_C0p5_D80_2
17023,high_dod,REFERENCE_INTERVAL_RISK,2,candidate_00186,T25_C1_D100_0;T25_C2_D100_0;T35_C1_D80_0;T35_C2_D80_1
17023,high_dod,REFERENCE_INTERVAL_RISK,3,candidate_00311,T25_C1_D100_1;T35_C0p5_D100_2;T45_C1_D80_1;T45_C1_D80_3
17023,high_dod,REFERENCE_INTERVAL_RISK,4,candidate_00429,T25_C1_D100_2;T35_C2_D80_2;T45_C0p5_D80_3;T45_C1_D80_0
17023,combined_stress,REFERENCE_INTERVAL_RISK,1,candidate_00113,T25_C0p5_D100_1;T25_C1_D100_3;T35_C2_D80_3;T45_C0p5_D80_2
17023,combined_stress,REFERENCE_INTERVAL_RISK,2,candidate_00186,T25_C1_D100_0;T25_C2_D100_0;T35_C1_D80_0;T35_C2_D80_1
17023,combined_stress,REFERENCE_INTERVAL_RISK,3,candidate_00311,T25_C1_D100_1;T35_C0p5_D100_2;T45_C1_D80_1;T45_C1_D80_3
17023,combined_stress,REFERENCE_INTERVAL_RISK,4,candidate_00429,T25_C1_D100_2;T35_C2_D80_2;T45_C0p5_D80_3;T45_C1_D80_0
17023,combined_stress,ROBUST_LOSO,1,candidate_00012,T25_C0p5_D100_0;T25_C0p5_D100_1;T25_C1_D100_3;T35_C1_D80_1
17023,combined_stress,ROBUST_LOSO,2,candidate_00327,T25_C1_D100_1;T35_C1_D80_0;T35_C2_D80_2;T45_C0p5_D80_2
17024,baseline_use,REFERENCE_INTERVAL_RISK,1,candidate_00221,T25_C0p5_D100_1;T25_C1_D100_1;T35_C1_D80_0;T35_C1_D80_3
17024,baseline_use,REFERENCE_INTERVAL_RISK,2,candidate_00468,T25_C0p5_D100_2;T25_C2_D80_1;T35_C0p5_D80_3;T35_C1_D80_2
17024,baseline_use,REFERENCE_INTERVAL_RISK,3,candidate_00558,T25_C0p5_D100_3;T25_C1_D100_3;T35_C2_D80_3;T45_C0p5_D80_2
17024,baseline_use,REFERENCE_INTERVAL_RISK,4,candidate_00636,T25_C0p5_D80_0;T25_C2_D80_3;T45_C0p5_D50_2;T45_C2_D50_1
17024,baseline_use,REFERENCE_INTERVAL_RISK,5,candidate_00771,T25_C1_D100_0;T35_C0p5_D80_0;T35_C1_D80_1;T35_C2_D80_1
17024,baseline_use,REFERENCE_INTERVAL_RISK,6,candidate_00923,T25_C1_D100_2;T25_C2_D100_2;T35_C0p5_D100_2;T45_C0p5_D80_1
17024,baseline_use,REFERENCE_INTERVAL_RISK,7,candidate_01155,T25_C2_D100_1;T35_C1_D100_3;T45_C0p5_D80_0;T45_C1_D80_3
17024,baseline_use,REFERENCE_INTERVAL_RISK,8,candidate_01423,T25_C2_D80_0;T35_C0p5_D80_1;T35_C0p5_D80_2;baseline_0
17024,baseline_use,ROBUST_LOSO,1,candidate_00649,T25_C0p5_D80_0;T35_C0p5_D80_1;T35_C0p5_D80_2;baseline_0
17024,baseline_use,ROBUST_LOSO,2,candidate_01306,T25_C2_D80_0;T25_C2_D80_1;T25_C2_D80_3;T45_C2_D50_1
17024,high_temperature,REFERENCE_INTERVAL_RISK,1,candidate_00221,T25_C0p5_D100_1;T25_C1_D100_1;T35_C1_D80_0;T35_C1_D80_3
17024,high_temperature,REFERENCE_INTERVAL_RISK,2,candidate_00468,T25_C0p5_D100_2;T25_C2_D80_1;T35_C0p5_D80_3;T35_C1_D80_2
17024,high_temperature,REFERENCE_INTERVAL_RISK,3,candidate_00558,T25_C0p5_D100_3;T25_C1_D100_3;T35_C2_D80_3;T45_C0p5_D80_2
17024,high_temperature,REFERENCE_INTERVAL_RISK,4,candidate_00636,T25_C0p5_D80_0;T25_C2_D80_3;T45_C0p5_D50_2;T45_C2_D50_1
17024,high_temperature,REFERENCE_INTERVAL_RISK,5,candidate_00771,T25_C1_D100_0;T35_C0p5_D80_0;T35_C1_D80_1;T35_C2_D80_1
17024,high_temperature,REFERENCE_INTERVAL_RISK,6,candidate_00923,T25_C1_D100_2;T25_C2_D100_2;T35_C0p5_D100_2;T45_C0p5_D80_1
17024,high_temperature,REFERENCE_INTERVAL_RISK,7,candidate_01155,T25_C2_D100_1;T35_C1_D100_3;T45_C0p5_D80_0;T45_C1_D80_3
17024,high_temperature,REFERENCE_INTERVAL_RISK,8,candidate_01423,T25_C2_D80_0;T35_C0p5_D80_1;T35_C0p5_D80_2;baseline_0
17024,high_temperature,ROBUST_LOSO,1,candidate_00649,T25_C0p5_D80_0;T35_C0p5_D80_1;T35_C0p5_D80_2;baseline_0
17024,high_temperature,ROBUST_LOSO,2,candidate_01306,T25_C2_D80_0;T25_C2_D80_1;T25_C2_D80_3;T45_C2_D50_1
17024,high_c_rate,REFERENCE_INTERVAL_RISK,1,candidate_00221,T25_C0p5_D100_1;T25_C1_D100_1;T35_C1_D80_0;T35_C1_D80_3
17024,high_c_rate,REFERENCE_INTERVAL_RISK,2,candidate_00468,T25_C0p5_D100_2;T25_C2_D80_1;T35_C0p5_D80_3;T35_C1_D80_2
17024,high_c_rate,REFERENCE_INTERVAL_RISK,3,candidate_00558,T25_C0p5_D100_3;T25_C1_D100_3;T35_C2_D80_3;T45_C0p5_D80_2
17024,high_c_rate,REFERENCE_INTERVAL_RISK,4,candidate_00636,T25_C0p5_D80_0;T25_C2_D80_3;T45_C0p5_D50_2;T45_C2_D50_1
17024,high_c_rate,REFERENCE_INTERVAL_RISK,5,candidate_00771,T25_C1_D100_0;T35_C0p5_D80_0;T35_C1_D80_1;T35_C2_D80_1
17024,high_c_rate,REFERENCE_INTERVAL_RISK,6,candidate_00923,T25_C1_D100_2;T25_C2_D100_2;T35_C0p5_D100_2;T45_C0p5_D80_1
17024,high_c_rate,REFERENCE_INTERVAL_RISK,7,candidate_01155,T25_C2_D100_1;T35_C1_D100_3;T45_C0p5_D80_0;T45_C1_D80_3
17024,high_c_rate,REFERENCE_INTERVAL_RISK,8,candidate_01423,T25_C2_D80_0;T35_C0p5_D80_1;T35_C0p5_D80_2;baseline_0
17024,high_c_rate,ROBUST_LOSO,1,candidate_00649,T25_C0p5_D80_0;T35_C0p5_D80_1;T35_C0p5_D80_2;baseline_0
17024,high_c_rate,ROBUST_LOSO,2,candidate_01306,T25_C2_D80_0;T25_C2_D80_1;T25_C2_D80_3;T45_C2_D50_1
17024,high_dod,REFERENCE_INTERVAL_RISK,1,candidate_00221,T25_C0p5_D100_1;T25_C1_D100_1;T35_C1_D80_0;T35_C1_D80_3
17024,high_dod,REFERENCE_INTERVAL_RISK,2,candidate_00468,T25_C0p5_D100_2;T25_C2_D80_1;T35_C0p5_D80_3;T35_C1_D80_2
17024,high_dod,REFERENCE_INTERVAL_RISK,3,candidate_00558,T25_C0p5_D100_3;T25_C1_D100_3;T35_C2_D80_3;T45_C0p5_D80_2
17024,high_dod,REFERENCE_INTERVAL_RISK,4,candidate_00636,T25_C0p5_D80_0;T25_C2_D80_3;T45_C0p5_D50_2;T45_C2_D50_1
17024,high_dod,REFERENCE_INTERVAL_RISK,5,candidate_00771,T25_C1_D100_0;T35_C0p5_D80_0;T35_C1_D80_1;T35_C2_D80_1
17024,high_dod,REFERENCE_INTERVAL_RISK,6,candidate_00923,T25_C1_D100_2;T25_C2_D100_2;T35_C0p5_D100_2;T45_C0p5_D80_1
17024,high_dod,REFERENCE_INTERVAL_RISK,7,candidate_01155,T25_C2_D100_1;T35_C1_D100_3;T45_C0p5_D80_0;T45_C1_D80_3
17024,high_dod,REFERENCE_INTERVAL_RISK,8,candidate_01423,T25_C2_D80_0;T35_C0p5_D80_1;T35_C0p5_D80_2;baseline_0
17024,high_dod,ROBUST_LOSO,1,candidate_00649,T25_C0p5_D80_0;T35_C0p5_D80_1;T35_C0p5_D80_2;baseline_0
17024,high_dod,ROBUST_LOSO,2,candidate_01306,T25_C2_D80_0;T25_C2_D80_1;T25_C2_D80_3;T45_C2_D50_1
17024,combined_stress,REFERENCE_INTERVAL_RISK,1,candidate_00221,T25_C0p5_D100_1;T25_C1_D100_1;T35_C1_D80_0;T35_C1_D80_3
17024,combined_stress,REFERENCE_INTERVAL_RISK,2,candidate_00468,T25_C0p5_D100_2;T25_C2_D80_1;T35_C0p5_D80_3;T35_C1_D80_2
17024,combined_stress,REFERENCE_INTERVAL_RISK,3,candidate_00558,T25_C0p5_D100_3;T25_C1_D100_3;T35_C2_D80_3;T45_C0p5_D80_2
17024,combined_stress,REFERENCE_INTERVAL_RISK,4,candidate_00636,T25_C0p5_D80_0;T25_C2_D80_3;T45_C0p5_D50_2;T45_C2_D50_1
17024,combined_stress,REFERENCE_INTERVAL_RISK,5,candidate_00771,T25_C1_D100_0;T35_C0p5_D80_0;T35_C1_D80_1;T35_C2_D80_1
17024,combined_stress,REFERENCE_INTERVAL_RISK,6,candidate_00923,T25_C1_D100_2;T25_C2_D100_2;T35_C0p5_D100_2;T45_C0p5_D80_1
17024,combined_stress,REFERENCE_INTERVAL_RISK,7,candidate_01155,T25_C2_D100_1;T35_C1_D100_3;T45_C0p5_D80_0;T45_C1_D80_3
17024,combined_stress,REFERENCE_INTERVAL_RISK,8,candidate_01423,T25_C2_D80_0;T35_C0p5_D80_1;T35_C0p5_D80_2;baseline_0
17024,combined_stress,ROBUST_LOSO,1,candidate_00410,T25_C0p5_D100_2;T25_C1_D100_3;T25_C2_D80_1;T35_C1_D80_2
17024,combined_stress,ROBUST_LOSO,2,candidate_00617,T25_C0p5_D80_0;T25_C2_D80_0;T35_C0p5_D80_2;baseline_0
17024,combined_stress,ROBUST_LOSO,3,candidate_00745,T25_C1_D100_0;T35_C0p5_D80_0;T35_C1_D80_1;T35_C2_D80_1
17024,combined_stress,ROBUST_LOSO,4,candidate_00799,T25_C1_D100_1;T35_C0p5_D80_3;T35_C1_D80_0;T35_C1_D80_3
17024,combined_stress,ROBUST_LOSO,5,candidate_01434,T25_C2_D80_3;T35_C0p5_D80_1;T45_C0p5_D50_2;T45_C2_D50_1
17025,baseline_use,REFERENCE_INTERVAL_RISK,1,candidate_00061,T25_C0p5_D100_0;T25_C1_D100_0;T25_C1_D100_2;T35_C2_D80_0
17025,baseline_use,REFERENCE_INTERVAL_RISK,2,candidate_00224,T25_C0p5_D100_1;T25_C2_D80_3;T35_C0p5_D80_1;T35_C1_D80_2
17025,baseline_use,REFERENCE_INTERVAL_RISK,3,candidate_00438,T25_C1_D100_1;T35_C0p5_D100_2;T35_C2_D80_3;T45_C0p5_D80_0
17025,baseline_use,REFERENCE_INTERVAL_RISK,4,candidate_00663,T25_C2_D100_0;T35_C1_D100_2;T45_C0p5_D80_3;T45_C1_D80_1
17025,baseline_use,REFERENCE_INTERVAL_RISK,5,candidate_00743,T25_C2_D100_1;T35_C2_D80_1;T45_C0p5_D80_1;T45_C1_D80_3
17025,baseline_use,REFERENCE_INTERVAL_RISK,6,candidate_00882,T35_C0p5_D100_0;T35_C1_D100_0;T45_C1_D80_0;T45_C1_D80_2
17025,high_temperature,REFERENCE_INTERVAL_RISK,1,candidate_00061,T25_C0p5_D100_0;T25_C1_D100_0;T25_C1_D100_2;T35_C2_D80_0
17025,high_temperature,REFERENCE_INTERVAL_RISK,2,candidate_00224,T25_C0p5_D100_1;T25_C2_D80_3;T35_C0p5_D80_1;T35_C1_D80_2
17025,high_temperature,REFERENCE_INTERVAL_RISK,3,candidate_00438,T25_C1_D100_1;T35_C0p5_D100_2;T35_C2_D80_3;T45_C0p5_D80_0
17025,high_temperature,REFERENCE_INTERVAL_RISK,4,candidate_00663,T25_C2_D100_0;T35_C1_D100_2;T45_C0p5_D80_3;T45_C1_D80_1
17025,high_temperature,REFERENCE_INTERVAL_RISK,5,candidate_00743,T25_C2_D100_1;T35_C2_D80_1;T45_C0p5_D80_1;T45_C1_D80_3
17025,high_temperature,REFERENCE_INTERVAL_RISK,6,candidate_00882,T35_C0p5_D100_0;T35_C1_D100_0;T45_C1_D80_0;T45_C1_D80_2
17025,high_c_rate,REFERENCE_INTERVAL_RISK,1,candidate_00061,T25_C0p5_D100_0;T25_C1_D100_0;T25_C1_D100_2;T35_C2_D80_0
17025,high_c_rate,REFERENCE_INTERVAL_RISK,2,candidate_00224,T25_C0p5_D100_1;T25_C2_D80_3;T35_C0p5_D80_1;T35_C1_D80_2
17025,high_c_rate,REFERENCE_INTERVAL_RISK,3,candidate_00438,T25_C1_D100_1;T35_C0p5_D100_2;T35_C2_D80_3;T45_C0p5_D80_0
17025,high_c_rate,REFERENCE_INTERVAL_RISK,4,candidate_00663,T25_C2_D100_0;T35_C1_D100_2;T45_C0p5_D80_3;T45_C1_D80_1
17025,high_c_rate,REFERENCE_INTERVAL_RISK,5,candidate_00743,T25_C2_D100_1;T35_C2_D80_1;T45_C0p5_D80_1;T45_C1_D80_3
17025,high_c_rate,REFERENCE_INTERVAL_RISK,6,candidate_00882,T35_C0p5_D100_0;T35_C1_D100_0;T45_C1_D80_0;T45_C1_D80_2
17025,high_dod,REFERENCE_INTERVAL_RISK,1,candidate_00061,T25_C0p5_D100_0;T25_C1_D100_0;T25_C1_D100_2;T35_C2_D80_0
17025,high_dod,REFERENCE_INTERVAL_RISK,2,candidate_00224,T25_C0p5_D100_1;T25_C2_D80_3;T35_C0p5_D80_1;T35_C1_D80_2
17025,high_dod,REFERENCE_INTERVAL_RISK,3,candidate_00438,T25_C1_D100_1;T35_C0p5_D100_2;T35_C2_D80_3;T45_C0p5_D80_0
17025,high_dod,REFERENCE_INTERVAL_RISK,4,candidate_00663,T25_C2_D100_0;T35_C1_D100_2;T45_C0p5_D80_3;T45_C1_D80_1
17025,high_dod,REFERENCE_INTERVAL_RISK,5,candidate_00743,T25_C2_D100_1;T35_C2_D80_1;T45_C0p5_D80_1;T45_C1_D80_3
17025,high_dod,REFERENCE_INTERVAL_RISK,6,candidate_00882,T35_C0p5_D100_0;T35_C1_D100_0;T45_C1_D80_0;T45_C1_D80_2
17025,combined_stress,REFERENCE_INTERVAL_RISK,1,candidate_00061,T25_C0p5_D100_0;T25_C1_D100_0;T25_C1_D100_2;T35_C2_D80_0
17025,combined_stress,REFERENCE_INTERVAL_RISK,2,candidate_00224,T25_C0p5_D100_1;T25_C2_D80_3;T35_C0p5_D80_1;T35_C1_D80_2
17025,combined_stress,REFERENCE_INTERVAL_RISK,3,candidate_00438,T25_C1_D100_1;T35_C0p5_D100_2;T35_C2_D80_3;T45_C0p5_D80_0
17025,combined_stress,REFERENCE_INTERVAL_RISK,4,candidate_00663,T25_C2_D100_0;T35_C1_D100_2;T45_C0p5_D80_3;T45_C1_D80_1
17025,combined_stress,REFERENCE_INTERVAL_RISK,5,candidate_00743,T25_C2_D100_1;T35_C2_D80_1;T45_C0p5_D80_1;T45_C1_D80_3
17025,combined_stress,REFERENCE_INTERVAL_RISK,6,candidate_00882,T35_C0p5_D100_0;T35_C1_D100_0;T45_C1_D80_0;T45_C1_D80_2
17025,combined_stress,ROBUST_LOSO,1,candidate_00075,T25_C0p5_D100_0;T25_C1_D100_0;T35_C1_D80_2;T35_C2_D80_0
17025,combined_stress,ROBUST_LOSO,2,candidate_00212,T25_C0p5_D100_1;T25_C1_D100_3;T25_C2_D80_3;T35_C0p5_D80_1
