cell_id,condition_id,fold,cycle,forecast_cycle,model,target_soh,predicted_soh
T25_C0p5_D100_2,T25_C0p5_D100,1,100,150,persistence,0.939183,0.9601314141063756
T25_C0p5_D100_2,T25_C0p5_D100,1,100,150,local_linear,0.939183,0.940616637321839
T25_C0p5_D100_2,T25_C0p5_D100,1,100,150,ridge,0.939183,0.9357967079998437
T25_C0p5_D100_2,T25_C0p5_D100,1,100,150,random_forest,0.939183,0.9376433810711167
T25_C0p5_D100_2,T25_C0p5_D100,1,150,200,persistence,0.929775,0.9473454866536132
T25_C0p5_D100_2,T25_C0p5_D100,1,150,200,local_linear,0.929775,0.9335413903941544
T25_C0p5_D100_2,T25_C0p5_D100,1,150,200,ridge,0.929775,0.9272356287408338
T25_C0p5_D100_2,T25_C0p5_D100,1,150,200,random_forest,0.929775,0.927873686322601
T25_C0p5_D100_2,T25_C0p5_D100,1,200,250,persistence,0.921486,0.9402196646313257
T25_C0p5_D100_2,T25_C0p5_D100,1,200,250,local_linear,0.921486,0.9299642525084049
T25_C0p5_D100_2,T25_C0p5_D100,1,200,250,ridge,0.921486,0.9196314916066466
T25_C0p5_D100_2,T25_C0p5_D100,1,200,250,random_forest,0.921486,0.919876409201164
T25_C0p5_D100_2,T25_C0p5_D100,1,250,300,persistence,0.913992,0.9274160151429582
T25_C0p5_D100_2,T25_C0p5_D100,1,250,300,local_linear,0.913992,0.9179805887931736
T25_C0p5_D100_2,T25_C0p5_D100,1,250,300,ridge,0.913992,0.9098468482469283
T25_C0p5_D100_2,T25_C0p5_D100,1,250,300,random_forest,0.913992,0.9123953509561449
T25_C0p5_D100_2,T25_C0p5_D100,1,300,350,persistence,0.907101,0.920617008306683
T25_C0p5_D100_2,T25_C0p5_D100,1,300,350,local_linear,0.907101,0.9137564463203706
T25_C0p5_D100_2,T25_C0p5_D100,1,300,350,ridge,0.907101,0.9024624049736496
T25_C0p5_D100_2,T25_C0p5_D100,1,300,350,random_forest,0.907101,0.9055828174058579
T25_C0p5_D100_2,T25_C0p5_D100,1,350,400,persistence,0.900687,0.9087854645948913
T25_C0p5_D100_2,T25_C0p5_D100,1,350,400,local_linear,0.900687,0.9014385426553178
T25_C0p5_D100_2,T25_C0p5_D100,1,350,400,ridge,0.900687,0.8909654625041572
T25_C0p5_D100_2,T25_C0p5_D100,1,350,400,random_forest,0.900687,0.891850409550865
T25_C0p5_D100_2,T25_C0p5_D100,1,400,450,persistence,0.894663,0.9098487867311993
T25_C0p5_D100_2,T25_C0p5_D100,1,400,450,local_linear,0.894663,0.9015474502425066
T25_C0p5_D100_2,T25_C0p5_D100,1,400,450,ridge,0.894663,0.8903759345842306
T25_C0p5_D100_2,T25_C0p5_D100,1,400,450,random_forest,0.894663,0.8919114302081075
T25_C0p5_D100_2,T25_C0p5_D100,1,450,500,persistence,0.888965,0.9056590890196093
T25_C0p5_D100_2,T25_C0p5_D100,1,450,500,local_linear,0.888965,0.89975348033405
T25_C0p5_D100_2,T25_C0p5_D100,1,450,500,ridge,0.888965,0.887215291156737
T25_C0p5_D100_2,T25_C0p5_D100,1,450,500,random_forest,0.888965,0.8896021992269361
T25_C0p5_D100_2,T25_C0p5_D100,1,500,550,persistence,0.883545,0.8989132482901495
T25_C0p5_D100_2,T25_C0p5_D100,1,500,550,local_linear,0.883545,0.892906107363064
T25_C0p5_D100_2,T25_C0p5_D100,1,500,550,ridge,0.883545,0.8795611463076081
T25_C0p5_D100_2,T25_C0p5_D100,1,500,550,random_forest,0.883545,0.8803486075495508
T25_C0p5_D100_2,T25_C0p5_D100,1,550,600,persistence,0.878367,0.8950534931826196
T25_C0p5_D100_2,T25_C0p5_D100,1,550,600,local_linear,0.878367,0.8898082014884208
T25_C0p5_D100_2,T25_C0p5_D100,1,550,600,ridge,0.878367,0.8756403230562986
T25_C0p5_D100_2,T25_C0p5_D100,1,550,600,random_forest,0.878367,0.8779801515422079
T25_C0p5_D100_2,T25_C0p5_D100,1,600,650,persistence,0.8734,0.8854627445021946
T25_C0p5_D100_2,T25_C0p5_D100,1,600,650,local_linear,0.8734,0.8808713638938616
T25_C0p5_D100_2,T25_C0p5_D100,1,600,650,ridge,0.8734,0.8675598906094493
T25_C0p5_D100_2,T25_C0p5_D100,1,600,650,random_forest,0.8734,0.8690106221444355
T25_C0p5_D100_2,T25_C0p5_D100,1,650,700,persistence,0.868621,0.8862445990141858
T25_C0p5_D100_2,T25_C0p5_D100,1,650,700,local_linear,0.868621,0.8807191957233677
T25_C0p5_D100_2,T25_C0p5_D100,1,650,700,ridge,0.868621,0.8666353941555355
T25_C0p5_D100_2,T25_C0p5_D100,1,650,700,random_forest,0.868621,0.8685231899957163
T25_C0p5_D100_2,T25_C0p5_D100,1,700,750,persistence,0.859399,0.8818563102565501
T25_C0p5_D100_2,T25_C0p5_D100,1,700,750,local_linear,0.859399,0.8784127960688699
T25_C0p5_D100_2,T25_C0p5_D100,1,700,750,ridge,0.859399,0.8631747882746932
T25_C0p5_D100_2,T25_C0p5_D100,1,700,750,random_forest,0.859399,0.8663428986834871
T25_C0p5_D100_2,T25_C0p5_D100,1,750,800,persistence,0.850479,0.8625549285371946
T25_C0p5_D100_2,T25_C0p5_D100,1,750,800,local_linear,0.850479,0.8558641613611914
T25_C0p5_D100_2,T25_C0p5_D100,1,750,800,ridge,0.850479,0.8444777559518404
T25_C0p5_D100_2,T25_C0p5_D100,1,750,800,random_forest,0.850479,0.8409932738564212
T25_C0p5_D100_2,T25_C0p5_D100,1,800,850,persistence,0.841834,0.8601952916200053
T25_C0p5_D100_2,T25_C0p5_D100,1,800,850,local_linear,0.841834,0.8513353053430635
T25_C0p5_D100_2,T25_C0p5_D100,1,800,850,ridge,0.841834,0.8389078586530629
T25_C0p5_D100_2,T25_C0p5_D100,1,800,850,random_forest,0.841834,0.8381528123929023
T25_C0p5_D100_2,T25_C0p5_D100,1,850,900,persistence,0.83344,0.8500541173631384
T25_C0p5_D100_2,T25_C0p5_D100,1,850,900,local_linear,0.83344,0.8403334974796964
T25_C0p5_D100_2,T25_C0p5_D100,1,850,900,ridge,0.83344,0.8292293287086363
T25_C0p5_D100_2,T25_C0p5_D100,1,850,900,random_forest,0.83344,0.8283260375389713
T25_C0p5_D100_2,T25_C0p5_D100,1,900,950,persistence,0.825275,0.8444706336748388
T25_C0p5_D100_2,T25_C0p5_D100,1,900,950,local_linear,0.825275,0.8354825025459067
T25_C0p5_D100_2,T25_C0p5_D100,1,900,950,ridge,0.825275,0.8228877405753504
T25_C0p5_D100_2,T25_C0p5_D100,1,900,950,random_forest,0.825275,0.8247549036463016
T25_C0p5_D100_2,T25_C0p5_D100,1,950,1000,persistence,0.817323,0.8317337024381612
T25_C0p5_D100_2,T25_C0p5_D100,1,950,1000,local_linear,0.817323,0.8227011980356844
T25_C0p5_D100_2,T25_C0p5_D100,1,950,1000,ridge,0.817323,0.8112466655866788
T25_C0p5_D100_2,T25_C0p5_D100,1,950,1000,random_forest,0.817323,0.8107143356741519
T25_C0p5_D50_3,T25_C0p5_D50,1,100,150,persistence,0.96484,0.9779764719039991
T25_C0p5_D50_3,T25_C0p5_D50,1,100,150,local_linear,0.96484,0.9674308757861134
T25_C0p5_D50_3,T25_C0p5_D50,1,100,150,ridge,0.96484,0.9666880540175988
T25_C0p5_D50_3,T25_C0p5_D50,1,100,150,random_forest,0.96484,0.9592414710838293
T25_C0p5_D50_3,T25_C0p5_D50,1,150,200,persistence,0.959401,0.9642957900287827
T25_C0p5_D50_3,T25_C0p5_D50,1,150,200,local_linear,0.959401,0.9559832325168434
T25_C0p5_D50_3,T25_C0p5_D50,1,150,200,ridge,0.959401,0.9572752866855576
T25_C0p5_D50_3,T25_C0p5_D50,1,150,200,random_forest,0.959401,0.9539437025335946
T25_C0p5_D50_3,T25_C0p5_D50,1,200,250,persistence,0.954609,0.9631063448762988
T25_C0p5_D50_3,T25_C0p5_D50,1,200,250,local_linear,0.954609,0.9576619391988319
T25_C0p5_D50_3,T25_C0p5_D50,1,200,250,ridge,0.954609,0.9555444966765362
T25_C0p5_D50_3,T25_C0p5_D50,1,200,250,random_forest,0.954609,0.9521207531171081
T25_C0p5_D50_3,T25_C0p5_D50,1,250,300,persistence,0.950277,0.9564294094095424
T25_C0p5_D50_3,T25_C0p5_D50,1,250,300,local_linear,0.950277,0.9493933659917211
T25_C0p5_D50_3,T25_C0p5_D50,1,250,300,ridge,0.950277,0.949459841886744
T25_C0p5_D50_3,T25_C0p5_D50,1,250,300,random_forest,0.950277,0.9454360953580793
T25_C0p5_D50_3,T25_C0p5_D50,1,300,350,persistence,0.946293,0.9504138879524331
T25_C0p5_D50_3,T25_C0p5_D50,1,300,350,local_linear,0.946293,0.9454225787176886
T25_C0p5_D50_3,T25_C0p5_D50,1,300,350,ridge,0.946293,0.9435246087995883
T25_C0p5_D50_3,T25_C0p5_D50,1,300,350,random_forest,0.946293,0.9400755460213747
T25_C0p5_D50_3,T25_C0p5_D50,1,350,400,persistence,0.942585,0.9510115898710609
T25_C0p5_D50_3,T25_C0p5_D50,1,350,400,local_linear,0.942585,0.9477261184564307
T25_C0p5_D50_3,T25_C0p5_D50,1,350,400,ridge,0.942585,0.9452598667432213
T25_C0p5_D50_3,T25_C0p5_D50,1,350,400,random_forest,0.942585,0.9415836496415391
T25_C0p5_D50_3,T25_C0p5_D50,1,400,450,persistence,0.939102,0.9491006855008469
T25_C0p5_D50_3,T25_C0p5_D50,1,400,450,local_linear,0.939102,0.9462479997875745
T25_C0p5_D50_3,T25_C0p5_D50,1,400,450,ridge,0.939102,0.9428085256061021
T25_C0p5_D50_3,T25_C0p5_D50,1,400,450,random_forest,0.939102,0.9379545395729615
T25_C0p5_D50_3,T25_C0p5_D50,1,450,500,persistence,0.935808,0.9452284571200439
T25_C0p5_D50_3,T25_C0p5_D50,1,450,500,local_linear,0.935808,0.9412839893301057
T25_C0p5_D50_3,T25_C0p5_D50,1,450,500,ridge,0.935808,0.9388972368796673
T25_C0p5_D50_3,T25_C0p5_D50,1,450,500,random_forest,0.935808,0.9348061073690028
T25_C0p5_D50_3,T25_C0p5_D50,1,500,550,persistence,0.932675,0.9393421932864415
T25_C0p5_D50_3,T25_C0p5_D50,1,500,550,local_linear,0.932675,0.9359608236140518
T25_C0p5_D50_3,T25_C0p5_D50,1,500,550,ridge,0.932675,0.9336533886190879
T25_C0p5_D50_3,T25_C0p5_D50,1,500,550,random_forest,0.932675,0.929313722824675
T25_C0p5_D50_3,T25_C0p5_D50,1,550,600,persistence,0.929681,0.940738358964463
T25_C0p5_D50_3,T25_C0p5_D50,1,550,600,local_linear,0.929681,0.9379975492114775
T25_C0p5_D50_3,T25_C0p5_D50,1,550,600,ridge,0.929681,0.9351540512387267
T25_C0p5_D50_3,T25_C0p5_D50,1,550,600,random_forest,0.929681,0.9312631064100827
T25_C0p5_D50_3,T25_C0p5_D50,1,600,650,persistence,0.92681,0.930023268664033
T25_C0p5_D50_3,T25_C0p5_D50,1,600,650,local_linear,0.92681,0.9289690018637935
T25_C0p5_D50_3,T25_C0p5_D50,1,600,650,ridge,0.92681,0.9257130443498552
T25_C0p5_D50_3,T25_C0p5_D50,1,600,650,random_forest,0.92681,0.919438216075036
T25_C0p5_D50_3,T25_C0p5_D50,1,650,700,persistence,0.924047,0.9304637529767641
T25_C0p5_D50_3,T25_C0p5_D50,1,650,700,local_linear,0.924047,0.9262224049157989
T25_C0p5_D50_3,T25_C0p5_D50,1,650,700,ridge,0.924047,0.9249282423870242
T25_C0p5_D50_3,T25_C0p5_D50,1,650,700,random_forest,0.924047,0.9198423051066464
T25_C0p5_D50_3,T25_C0p5_D50,1,700,750,persistence,0.921381,0.9294901955571587
T25_C0p5_D50_3,T25_C0p5_D50,1,700,750,local_linear,0.921381,0.9260080798438415
T25_C0p5_D50_3,T25_C0p5_D50,1,700,750,ridge,0.921381,0.9234038048179315
T25_C0p5_D50_3,T25_C0p5_D50,1,700,750,random_forest,0.921381,0.9180932718874004
T25_C0p5_D50_3,T25_C0p5_D50,1,750,800,persistence,0.918803,0.9237469401580747
T25_C0p5_D50_3,T25_C0p5_D50,1,750,800,local_linear,0.918803,0.9228932595831832
T25_C0p5_D50_3,T25_C0p5_D50,1,750,800,ridge,0.918803,0.9194457142809587
T25_C0p5_D50_3,T25_C0p5_D50,1,750,800,random_forest,0.918803,0.9168705896570616
T25_C0p5_D50_3,T25_C0p5_D50,1,800,850,persistence,0.916304,0.9192449246329508
T25_C0p5_D50_3,T25_C0p5_D50,1,800,850,local_linear,0.916304,0.9158667127375633
T25_C0p5_D50_3,T25_C0p5_D50,1,800,850,ridge,0.916304,0.9151838271147424
T25_C0p5_D50_3,T25_C0p5_D50,1,800,850,random_forest,0.916304,0.9096803185119047
T25_C0p5_D50_3,T25_C0p5_D50,1,850,900,persistence,0.913877,0.9205274169399449
T25_C0p5_D50_3,T25_C0p5_D50,1,850,900,local_linear,0.913877,0.9186769905591146
T25_C0p5_D50_3,T25_C0p5_D50,1,850,900,ridge,0.913877,0.9155717380564592
T25_C0p5_D50_3,T25_C0p5_D50,1,850,900,random_forest,0.913877,0.909178253384289
T25_C0p5_D50_3,T25_C0p5_D50,1,900,950,persistence,0.911517,0.9160492361539073
T25_C0p5_D50_3,T25_C0p5_D50,1,900,950,local_linear,0.911517,0.9136587962128562
T25_C0p5_D50_3,T25_C0p5_D50,1,900,950,ridge,0.911517,0.911559610882492
T25_C0p5_D50_3,T25_C0p5_D50,1,900,950,random_forest,0.911517,0.9072468915987656
T25_C0p5_D50_3,T25_C0p5_D50,1,950,1000,persistence,0.909218,0.9173798562994412
T25_C0p5_D50_3,T25_C0p5_D50,1,950,1000,local_linear,0.909218,0.9160293928493521
T25_C0p5_D50_3,T25_C0p5_D50,1,950,1000,ridge,0.909218,0.9117731017478368
T25_C0p5_D50_3,T25_C0p5_D50,1,950,1000,random_forest,0.909218,0.9056288503533096
T25_C1_D100_0,T25_C1_D100,1,100,150,persistence,0.931897,0.9551605133664315
T25_C1_D100_0,T25_C1_D100,1,100,150,local_linear,0.931897,0.9319675855168793
T25_C1_D100_0,T25_C1_D100,1,100,150,ridge,0.931897,0.9306812350129471
T25_C1_D100_0,T25_C1_D100,1,100,150,random_forest,0.931897,0.9325702305706619
T25_C1_D100_0,T25_C1_D100,1,150,200,persistence,0.921361,0.9534541552742384
T25_C1_D100_0,T25_C1_D100,1,150,200,local_linear,0.921361,0.9413564626945333
T25_C1_D100_0,T25_C1_D100,1,150,200,ridge,0.921361,0.9315622343351617
T25_C1_D100_0,T25_C1_D100,1,150,200,random_forest,0.921361,0.9313461999650524
T25_C1_D100_0,T25_C1_D100,1,200,250,persistence,0.912079,0.9324691392916247
T25_C1_D100_0,T25_C1_D100,1,200,250,local_linear,0.912079,0.9198434893814142
T25_C1_D100_0,T25_C1_D100,1,200,250,ridge,0.912079,0.9130768346720723
T25_C1_D100_0,T25_C1_D100,1,200,250,random_forest,0.912079,0.9133854821342895
T25_C1_D100_0,T25_C1_D100,1,250,300,persistence,0.903687,0.9224575711306627
T25_C1_D100_0,T25_C1_D100,1,250,300,local_linear,0.903687,0.9125500349333018
T25_C1_D100_0,T25_C1_D100,1,250,300,ridge,0.903687,0.904921556728126
T25_C1_D100_0,T25_C1_D100,1,250,300,random_forest,0.903687,0.9042871566815128
T25_C1_D100_0,T25_C1_D100,1,300,350,persistence,0.895971,0.9090255569638324
T25_C1_D100_0,T25_C1_D100,1,300,350,local_linear,0.895971,0.8993124973523906
T25_C1_D100_0,T25_C1_D100,1,300,350,ridge,0.895971,0.8925406568133594
T25_C1_D100_0,T25_C1_D100,1,300,350,random_forest,0.895971,0.8929171928821701
T25_C1_D100_0,T25_C1_D100,1,350,400,persistence,0.888788,0.9072718537150609
T25_C1_D100_0,T25_C1_D100,1,350,400,local_linear,0.888788,0.8967789258799961
T25_C1_D100_0,T25_C1_D100,1,350,400,ridge,0.888788,0.8886029744001324
T25_C1_D100_0,T25_C1_D100,1,350,400,random_forest,0.888788,0.8864580925245763
T25_C1_D100_0,T25_C1_D100,1,400,450,persistence,0.882042,0.9001845736435794
T25_C1_D100_0,T25_C1_D100,1,400,450,local_linear,0.882042,0.8929438765896001
T25_C1_D100_0,T25_C1_D100,1,400,450,ridge,0.882042,0.883914287259676
T25_C1_D100_0,T25_C1_D100,1,400,450,random_forest,0.882042,0.8842476776501101
T25_C1_D100_0,T25_C1_D100,1,450,500,persistence,0.875661,0.8948780511960571
T25_C1_D100_0,T25_C1_D100,1,450,500,local_linear,0.875661,0.8899499882180776
T25_C1_D100_0,T25_C1_D100,1,450,500,ridge,0.875661,0.8780088042065093
T25_C1_D100_0,T25_C1_D100,1,450,500,random_forest,0.875661,0.8802221554243328
T25_C1_D100_0,T25_C1_D100,1,500,550,persistence,0.869592,0.8919281580729168
T25_C1_D100_0,T25_C1_D100,1,500,550,local_linear,0.869592,0.8864875560970318
T25_C1_D100_0,T25_C1_D100,1,500,550,ridge,0.869592,0.8730959796430868
T25_C1_D100_0,T25_C1_D100,1,500,550,random_forest,0.869592,0.8776340829637899
T25_C1_D100_0,T25_C1_D100,1,550,600,persistence,0.863794,0.8790797454279918
T25_C1_D100_0,T25_C1_D100,1,550,600,local_linear,0.863794,0.8709252777492742
T25_C1_D100_0,T25_C1_D100,1,550,600,ridge,0.863794,0.860636374420369
T25_C1_D100_0,T25_C1_D100,1,550,600,random_forest,0.863794,0.8623956200719075
T25_C1_D100_0,T25_C1_D100,1,600,650,persistence,0.858232,0.8734326277214105
T25_C1_D100_0,T25_C1_D100,1,600,650,local_linear,0.858232,0.867660291487195
T25_C1_D100_0,T25_C1_D100,1,600,650,ridge,0.858232,0.8558962051140724
T25_C1_D100_0,T25_C1_D100,1,600,650,random_forest,0.858232,0.8576184645985523
T25_C1_D100_0,T25_C1_D100,1,650,700,persistence,0.85288,0.8741669607622183
T25_C1_D100_0,T25_C1_D100,1,650,700,local_linear,0.85288,0.8672010492373405
T25_C1_D100_0,T25_C1_D100,1,650,700,ridge,0.85288,0.8549721982006754
T25_C1_D100_0,T25_C1_D100,1,650,700,random_forest,0.85288,0.856228753644784
T25_C1_D100_0,T25_C1_D100,1,700,750,persistence,0.842553,0.8684860250866525
T25_C1_D100_0,T25_C1_D100,1,700,750,local_linear,0.842553,0.8638025510658031
T25_C1_D100_0,T25_C1_D100,1,700,750,ridge,0.842553,0.8512312053595236
T25_C1_D100_0,T25_C1_D100,1,700,750,random_forest,0.842553,0.8527623624452108
T25_C1_D100_0,T25_C1_D100,1,750,800,persistence,0.832564,0.8505605690694575
T25_C1_D100_0,T25_C1_D100,1,750,800,local_linear,0.832564,0.844307433532611
T25_C1_D100_0,T25_C1_D100,1,750,800,ridge,0.832564,0.8314293605578283
T25_C1_D100_0,T25_C1_D100,1,750,800,random_forest,0.832564,0.8299453455151452
T25_C1_D100_0,T25_C1_D100,1,800,850,persistence,0.822884,0.8408939441921383
T25_C1_D100_0,T25_C1_D100,1,800,850,local_linear,0.822884,0.8292282996116548
T25_C1_D100_0,T25_C1_D100,1,800,850,ridge,0.822884,0.8212771556041121
T25_C1_D100_0,T25_C1_D100,1,800,850,random_forest,0.822884,0.8190263413463272
T25_C1_D100_0,T25_C1_D100,1,850,900,persistence,0.813483,0.8363893907233929
T25_C1_D100_0,T25_C1_D100,1,850,900,local_linear,0.813483,0.8262277066404349
T25_C1_D100_0,T25_C1_D100,1,850,900,ridge,0.813483,0.8160692177664061
T25_C1_D100_0,T25_C1_D100,1,850,900,random_forest,0.813483,0.8168787720195253
T25_C1_D100_0,T25_C1_D100,1,900,950,persistence,0.804341,0.8262232261327873
T25_C1_D100_0,T25_C1_D100,1,900,950,local_linear,0.804341,0.8162693347781114
T25_C1_D100_0,T25_C1_D100,1,900,950,ridge,0.804341,0.8077657907315574
T25_C1_D100_0,T25_C1_D100,1,900,950,random_forest,0.804341,0.806436999109623
T25_C1_D100_0,T25_C1_D100,1,950,1000,persistence,0.795436,0.8189620250779565
T25_C1_D100_0,T25_C1_D100,1,950,1000,local_linear,0.795436,0.8089408268187416
T25_C1_D100_0,T25_C1_D100,1,950,1000,ridge,0.795436,0.7994026562612413
T25_C1_D100_0,T25_C1_D100,1,950,1000,random_forest,0.795436,0.7993323363246303
T25_C1_D50_1,T25_C1_D50,1,100,150,persistence,0.963925,0.9813907498960404
T25_C1_D50_1,T25_C1_D50,1,100,150,local_linear,0.963925,0.9699341750598717
T25_C1_D50_1,T25_C1_D50,1,100,150,ridge,0.963925,0.9665649828523954
T25_C1_D50_1,T25_C1_D50,1,100,150,random_forest,0.963925,0.958200689035895
T25_C1_D50_1,T25_C1_D50,1,150,200,persistence,0.958345,0.9764281423884991
T25_C1_D50_1,T25_C1_D50,1,150,200,local_linear,0.958345,0.9706747223259959
T25_C1_D50_1,T25_C1_D50,1,150,200,ridge,0.958345,0.9638512482390159
T25_C1_D50_1,T25_C1_D50,1,150,200,random_forest,0.958345,0.9561042623022639
T25_C1_D50_1,T25_C1_D50,1,200,250,persistence,0.953428,0.9676741407647474
T25_C1_D50_1,T25_C1_D50,1,200,250,local_linear,0.953428,0.9605432570768447
T25_C1_D50_1,T25_C1_D50,1,200,250,ridge,0.953428,0.9556722058343358
T25_C1_D50_1,T25_C1_D50,1,200,250,random_forest,0.953428,0.9476508705857679
T25_C1_D50_1,T25_C1_D50,1,250,300,persistence,0.948983,0.9651310552405594
T25_C1_D50_1,T25_C1_D50,1,250,300,local_linear,0.948983,0.9620133715736573
T25_C1_D50_1,T25_C1_D50,1,250,300,ridge,0.948983,0.9540437294712844
T25_C1_D50_1,T25_C1_D50,1,250,300,random_forest,0.948983,0.9463318334564393
T25_C1_D50_1,T25_C1_D50,1,300,350,persistence,0.944895,0.9675357918429581
T25_C1_D50_1,T25_C1_D50,1,300,350,local_linear,0.944895,0.9624877262150144
T25_C1_D50_1,T25_C1_D50,1,300,350,ridge,0.944895,0.9563323096739146
T25_C1_D50_1,T25_C1_D50,1,300,350,random_forest,0.944895,0.9478384647713218
T25_C1_D50_1,T25_C1_D50,1,350,400,persistence,0.94109,0.9582299786800087
T25_C1_D50_1,T25_C1_D50,1,350,400,local_linear,0.94109,0.9531358056169179
T25_C1_D50_1,T25_C1_D50,1,350,400,ridge,0.94109,0.9480746803698273
T25_C1_D50_1,T25_C1_D50,1,350,400,random_forest,0.94109,0.9455759137732755
T25_C1_D50_1,T25_C1_D50,1,400,450,persistence,0.937517,0.9547929056573884
T25_C1_D50_1,T25_C1_D50,1,400,450,local_linear,0.937517,0.9518314452153989
T25_C1_D50_1,T25_C1_D50,1,400,450,ridge,0.937517,0.9439155693401258
T25_C1_D50_1,T25_C1_D50,1,400,450,random_forest,0.937517,0.9381586007550953
T25_C1_D50_1,T25_C1_D50,1,450,500,persistence,0.934137,0.9477582326189266
T25_C1_D50_1,T25_C1_D50,1,450,500,local_linear,0.934137,0.9431268292735768
T25_C1_D50_1,T25_C1_D50,1,450,500,ridge,0.934137,0.93842170498293
T25_C1_D50_1,T25_C1_D50,1,450,500,random_forest,0.934137,0.933215726453373
T25_C1_D50_1,T25_C1_D50,1,500,550,persistence,0.930922,0.9465907155728345
T25_C1_D50_1,T25_C1_D50,1,500,550,local_linear,0.930922,0.9436781179916659
T25_C1_D50_1,T25_C1_D50,1,500,550,ridge,0.930922,0.9366674371175814
T25_C1_D50_1,T25_C1_D50,1,500,550,random_forest,0.930922,0.9316882185842108
T25_C1_D50_1,T25_C1_D50,1,550,600,persistence,0.927851,0.934747625428215
T25_C1_D50_1,T25_C1_D50,1,550,600,local_linear,0.927851,0.9311009491454819
T25_C1_D50_1,T25_C1_D50,1,550,600,ridge,0.927851,0.9254960259840485
T25_C1_D50_1,T25_C1_D50,1,550,600,random_forest,0.927851,0.9219471140313855
T25_C1_D50_1,T25_C1_D50,1,600,650,persistence,0.924905,0.9386129464491983
T25_C1_D50_1,T25_C1_D50,1,600,650,local_linear,0.924905,0.933339565044088
T25_C1_D50_1,T25_C1_D50,1,600,650,ridge,0.924905,0.9289565167924431
T25_C1_D50_1,T25_C1_D50,1,600,650,random_forest,0.924905,0.9244330483908281
T25_C1_D50_1,T25_C1_D50,1,650,700,persistence,0.92207,0.9388305027689586
T25_C1_D50_1,T25_C1_D50,1,650,700,local_linear,0.92207,0.9373413873687486
T25_C1_D50_1,T25_C1_D50,1,650,700,ridge,0.92207,0.9297017305747822
T25_C1_D50_1,T25_C1_D50,1,650,700,random_forest,0.92207,0.9251748828327923
T25_C1_D50_1,T25_C1_D50,1,700,750,persistence,0.919335,0.9366676127550313
T25_C1_D50_1,T25_C1_D50,1,700,750,local_linear,0.919335,0.9333369173512489
T25_C1_D50_1,T25_C1_D50,1,700,750,ridge,0.919335,0.9264257570065435
T25_C1_D50_1,T25_C1_D50,1,700,750,random_forest,0.919335,0.9220617285547441
T25_C1_D50_1,T25_C1_D50,1,750,800,persistence,0.916689,0.9321807776846357
T25_C1_D50_1,T25_C1_D50,1,750,800,local_linear,0.916689,0.9290949594890182
T25_C1_D50_1,T25_C1_D50,1,750,800,ridge,0.916689,0.9222212179796396
T25_C1_D50_1,T25_C1_D50,1,750,800,random_forest,0.916689,0.9188858143328374
T25_C1_D50_1,T25_C1_D50,1,800,850,persistence,0.914125,0.9331793189483898
T25_C1_D50_1,T25_C1_D50,1,800,850,local_linear,0.914125,0.9306318493315592
T25_C1_D50_1,T25_C1_D50,1,800,850,ridge,0.914125,0.9244314035865611
T25_C1_D50_1,T25_C1_D50,1,800,850,random_forest,0.914125,0.9222104209485487
T25_C1_D50_1,T25_C1_D50,1,850,900,persistence,0.911636,0.9289396109596636
T25_C1_D50_1,T25_C1_D50,1,850,900,local_linear,0.911636,0.9254713876216633
T25_C1_D50_1,T25_C1_D50,1,850,900,ridge,0.911636,0.9193586313725652
T25_C1_D50_1,T25_C1_D50,1,850,900,random_forest,0.911636,0.9142151213290705
T25_C1_D50_1,T25_C1_D50,1,900,950,persistence,0.909214,0.9175738774001492
T25_C1_D50_1,T25_C1_D50,1,900,950,local_linear,0.909214,0.9157699858275673
T25_C1_D50_1,T25_C1_D50,1,900,950,ridge,0.909214,0.9087238394738127
T25_C1_D50_1,T25_C1_D50,1,900,950,random_forest,0.909214,0.9019598053282826
T25_C1_D50_1,T25_C1_D50,1,950,1000,persistence,0.906856,0.9214106837578631
T25_C1_D50_1,T25_C1_D50,1,950,1000,local_linear,0.906856,0.9192522646565685
T25_C1_D50_1,T25_C1_D50,1,950,1000,ridge,0.906856,0.9115957049977171
T25_C1_D50_1,T25_C1_D50,1,950,1000,random_forest,0.906856,0.9078737895411708
T25_C2_D100_2,T25_C2_D100,1,100,150,persistence,0.93311,0.9560326813456667
T25_C2_D100_2,T25_C2_D100,1,100,150,local_linear,0.93311,0.9323529464294799
T25_C2_D100_2,T25_C2_D100,1,100,150,ridge,0.93311,0.9274579236446857
T25_C2_D100_2,T25_C2_D100,1,100,150,random_forest,0.93311,0.9265844211927308
T25_C2_D100_2,T25_C2_D100,1,150,200,persistence,0.922762,0.9436443550245179
T25_C2_D100_2,T25_C2_D100,1,150,200,local_linear,0.922762,0.9312151400940961
T25_C2_D100_2,T25_C2_D100,1,150,200,ridge,0.922762,0.9200162714819817
T25_C2_D100_2,T25_C2_D100,1,150,200,random_forest,0.922762,0.9197427402313831
T25_C2_D100_2,T25_C2_D100,1,200,250,persistence,0.913645,0.9358069405276506
T25_C2_D100_2,T25_C2_D100,1,200,250,local_linear,0.913645,0.921901544913366
T25_C2_D100_2,T25_C2_D100,1,200,250,ridge,0.913645,0.9109777947929083
T25_C2_D100_2,T25_C2_D100,1,200,250,random_forest,0.913645,0.9112681678947968
T25_C2_D100_2,T25_C2_D100,1,250,300,persistence,0.905403,0.9274959065554649
T25_C2_D100_2,T25_C2_D100,1,250,300,local_linear,0.905403,0.9185764099304252
T25_C2_D100_2,T25_C2_D100,1,250,300,ridge,0.905403,0.9047132208508324
T25_C2_D100_2,T25_C2_D100,1,250,300,random_forest,0.905403,0.9074083390103478
T25_C2_D100_2,T25_C2_D100,1,300,350,persistence,0.897823,0.9237133582317281
T25_C2_D100_2,T25_C2_D100,1,300,350,local_linear,0.897823,0.9157327028767643
T25_C2_D100_2,T25_C2_D100,1,300,350,ridge,0.897823,0.9003238458798226
T25_C2_D100_2,T25_C2_D100,1,300,350,random_forest,0.897823,0.9052760488687008
T25_C2_D100_2,T25_C2_D100,1,350,400,persistence,0.890768,0.9097183565991559
T25_C2_D100_2,T25_C2_D100,1,350,400,local_linear,0.890768,0.9003461796704724
T25_C2_D100_2,T25_C2_D100,1,350,400,ridge,0.890768,0.8869733942747535
T25_C2_D100_2,T25_C2_D100,1,350,400,random_forest,0.890768,0.8864133492981147
T25_C2_D100_2,T25_C2_D100,1,400,450,persistence,0.884142,0.9014308167159375
T25_C2_D100_2,T25_C2_D100,1,400,450,local_linear,0.884142,0.893091406949257
T25_C2_D100_2,T25_C2_D100,1,400,450,ridge,0.884142,0.8791260160627603
T25_C2_D100_2,T25_C2_D100,1,400,450,random_forest,0.884142,0.8799230241806457
T25_C2_D100_2,T25_C2_D100,1,450,500,persistence,0.877875,0.9038768717513748
T25_C2_D100_2,T25_C2_D100,1,450,500,local_linear,0.877875,0.8978023548325528
T25_C2_D100_2,T25_C2_D100,1,450,500,ridge,0.877875,0.879727595160971
T25_C2_D100_2,T25_C2_D100,1,450,500,random_forest,0.877875,0.8831304846074064
T25_C2_D100_2,T25_C2_D100,1,500,550,persistence,0.871915,0.8828443225599586
T25_C2_D100_2,T25_C2_D100,1,500,550,local_linear,0.871915,0.8747603921869462
T25_C2_D100_2,T25_C2_D100,1,500,550,ridge,0.871915,0.8604883445998246
T25_C2_D100_2,T25_C2_D100,1,500,550,random_forest,0.871915,0.8613694887754783
T25_C2_D100_2,T25_C2_D100,1,550,600,persistence,0.866219,0.8873583913810866
T25_C2_D100_2,T25_C2_D100,1,550,600,local_linear,0.866219,0.8822158890023051
T25_C2_D100_2,T25_C2_D100,1,550,600,ridge,0.866219,0.8651407586523634
T25_C2_D100_2,T25_C2_D100,1,550,600,random_forest,0.866219,0.8705529381795987
T25_C2_D100_2,T25_C2_D100,1,600,650,persistence,0.860756,0.8783756400470629
T25_C2_D100_2,T25_C2_D100,1,600,650,local_linear,0.860756,0.8712483200190242
T25_C2_D100_2,T25_C2_D100,1,600,650,ridge,0.860756,0.8557817456052295
T25_C2_D100_2,T25_C2_D100,1,600,650,random_forest,0.860756,0.8619620165884466
T25_C2_D100_2,T25_C2_D100,1,650,700,persistence,0.8555,0.8741360249015985
T25_C2_D100_2,T25_C2_D100,1,650,700,local_linear,0.8555,0.8697678064850796
T25_C2_D100_2,T25_C2_D100,1,650,700,ridge,0.8555,0.8519277372218114
T25_C2_D100_2,T25_C2_D100,1,650,700,random_forest,0.8555,0.853824248051783
T25_C2_D100_2,T25_C2_D100,1,700,750,persistence,0.845357,0.8733756707495655
T25_C2_D100_2,T25_C2_D100,1,700,750,local_linear,0.845357,0.8671441464092648
T25_C2_D100_2,T25_C2_D100,1,700,750,ridge,0.845357,0.8495701066959381
T25_C2_D100_2,T25_C2_D100,1,700,750,random_forest,0.845357,0.85199911217764
T25_C2_D100_2,T25_C2_D100,1,750,800,persistence,0.835546,0.8572031942349777
T25_C2_D100_2,T25_C2_D100,1,750,800,local_linear,0.835546,0.848074607555426
T25_C2_D100_2,T25_C2_D100,1,750,800,ridge,0.835546,0.832709815453966
T25_C2_D100_2,T25_C2_D100,1,750,800,random_forest,0.835546,0.8358862683269859
T25_C2_D100_2,T25_C2_D100,1,800,850,persistence,0.826038,0.8498863873913631
T25_C2_D100_2,T25_C2_D100,1,800,850,local_linear,0.826038,0.8388134843009962
T25_C2_D100_2,T25_C2_D100,1,800,850,ridge,0.826038,0.8237467179743561
T25_C2_D100_2,T25_C2_D100,1,800,850,random_forest,0.826038,0.8245767007673228
T25_C2_D100_2,T25_C2_D100,1,850,900,persistence,0.816805,0.8363041341854213
T25_C2_D100_2,T25_C2_D100,1,850,900,local_linear,0.816805,0.8275770833251925
T25_C2_D100_2,T25_C2_D100,1,850,900,ridge,0.816805,0.811449029685563
T25_C2_D100_2,T25_C2_D100,1,850,900,random_forest,0.816805,0.813658083812004
T25_C2_D100_2,T25_C2_D100,1,900,950,persistence,0.807825,0.8257937331119549
T25_C2_D100_2,T25_C2_D100,1,900,950,local_linear,0.807825,0.8147414518311381
T25_C2_D100_2,T25_C2_D100,1,900,950,ridge,0.807825,0.8005949296883322
T25_C2_D100_2,T25_C2_D100,1,900,950,random_forest,0.807825,0.8015399757228536
T25_C2_D100_2,T25_C2_D100,1,950,1000,persistence,0.799079,0.8210788966214698
T25_C2_D100_2,T25_C2_D100,1,950,1000,local_linear,0.799079,0.8114598249365688
T25_C2_D100_2,T25_C2_D100,1,950,1000,ridge,0.799079,0.795940191740883
T25_C2_D100_2,T25_C2_D100,1,950,1000,random_forest,0.799079,0.7980396438741209
T25_C2_D50_3,T25_C2_D50,1,100,150,persistence,0.956388,0.976101812581098
T25_C2_D50_3,T25_C2_D50,1,100,150,local_linear,0.956388,0.9614343526468818
T25_C2_D50_3,T25_C2_D50,1,100,150,ridge,0.956388,0.9599122765433222
T25_C2_D50_3,T25_C2_D50,1,100,150,random_forest,0.956388,0.9576824236309527
T25_C2_D50_3,T25_C2_D50,1,150,200,persistence,0.949641,0.9688695106815636
T25_C2_D50_3,T25_C2_D50,1,150,200,local_linear,0.949641,0.9594166333748815
T25_C2_D50_3,T25_C2_D50,1,150,200,ridge,0.949641,0.9540913815466576
T25_C2_D50_3,T25_C2_D50,1,150,200,random_forest,0.949641,0.9492922262498615
T25_C2_D50_3,T25_C2_D50,1,200,250,persistence,0.943697,0.9639298976835141
T25_C2_D50_3,T25_C2_D50,1,200,250,local_linear,0.943697,0.9577240848118143
T25_C2_D50_3,T25_C2_D50,1,200,250,ridge,0.943697,0.9520029530666809
T25_C2_D50_3,T25_C2_D50,1,200,250,random_forest,0.943697,0.9502304978643581
T25_C2_D50_3,T25_C2_D50,1,250,300,persistence,0.938323,0.951611938451117
T25_C2_D50_3,T25_C2_D50,1,250,300,local_linear,0.938323,0.9445593571059038
T25_C2_D50_3,T25_C2_D50,1,250,300,ridge,0.938323,0.9399136238317038
T25_C2_D50_3,T25_C2_D50,1,250,300,random_forest,0.938323,0.9367650495028407
T25_C2_D50_3,T25_C2_D50,1,300,350,persistence,0.933381,0.9487495730663174
T25_C2_D50_3,T25_C2_D50,1,300,350,local_linear,0.933381,0.9449377891398572
T25_C2_D50_3,T25_C2_D50,1,300,350,ridge,0.933381,0.9378513588361544
T25_C2_D50_3,T25_C2_D50,1,300,350,random_forest,0.933381,0.9342035347718258
T25_C2_D50_3,T25_C2_D50,1,350,400,persistence,0.928782,0.9454340559334266
T25_C2_D50_3,T25_C2_D50,1,350,400,local_linear,0.928782,0.9408499312850913
T25_C2_D50_3,T25_C2_D50,1,350,400,ridge,0.928782,0.9338850786459318
T25_C2_D50_3,T25_C2_D50,1,350,400,random_forest,0.928782,0.9309256020982142
T25_C2_D50_3,T25_C2_D50,1,400,450,persistence,0.924461,0.9390479825554703
T25_C2_D50_3,T25_C2_D50,1,400,450,local_linear,0.924461,0.933383198881211
T25_C2_D50_3,T25_C2_D50,1,400,450,ridge,0.924461,0.9283752694415416
T25_C2_D50_3,T25_C2_D50,1,400,450,random_forest,0.924461,0.9259871728887081
T25_C2_D50_3,T25_C2_D50,1,450,500,persistence,0.920375,0.9336039469258315
T25_C2_D50_3,T25_C2_D50,1,450,500,local_linear,0.920375,0.9288632032753756
T25_C2_D50_3,T25_C2_D50,1,450,500,ridge,0.920375,0.9243185582683392
T25_C2_D50_3,T25_C2_D50,1,450,500,random_forest,0.920375,0.9248066998457795
T25_C2_D50_3,T25_C2_D50,1,500,550,persistence,0.916489,0.9386088137756059
T25_C2_D50_3,T25_C2_D50,1,500,550,local_linear,0.916489,0.9344448671372059
T25_C2_D50_3,T25_C2_D50,1,500,550,ridge,0.916489,0.9264754190925593
T25_C2_D50_3,T25_C2_D50,1,500,550,random_forest,0.916489,0.9225975323847855
T25_C2_D50_3,T25_C2_D50,1,550,600,persistence,0.912776,0.9262478698631041
T25_C2_D50_3,T25_C2_D50,1,550,600,local_linear,0.912776,0.9206499398521163
T25_C2_D50_3,T25_C2_D50,1,550,600,ridge,0.912776,0.9165836742021145
T25_C2_D50_3,T25_C2_D50,1,550,600,random_forest,0.912776,0.9144366817195826
T25_C2_D50_3,T25_C2_D50,1,600,650,persistence,0.909214,0.927206997905921
T25_C2_D50_3,T25_C2_D50,1,600,650,local_linear,0.909214,0.9240540987576857
T25_C2_D50_3,T25_C2_D50,1,600,650,ridge,0.909214,0.9166684428105892
T25_C2_D50_3,T25_C2_D50,1,600,650,random_forest,0.909214,0.9129945700001565
T25_C2_D50_3,T25_C2_D50,1,650,700,persistence,0.905787,0.9164271651784731
T25_C2_D50_3,T25_C2_D50,1,650,700,local_linear,0.905787,0.9126270300740617
T25_C2_D50_3,T25_C2_D50,1,650,700,ridge,0.905787,0.9078641893706538
T25_C2_D50_3,T25_C2_D50,1,650,700,random_forest,0.905787,0.9054901672454457
T25_C2_D50_3,T25_C2_D50,1,700,750,persistence,0.90248,0.9150832465655628
T25_C2_D50_3,T25_C2_D50,1,700,750,local_linear,0.90248,0.9106061013899122
T25_C2_D50_3,T25_C2_D50,1,700,750,ridge,0.90248,0.9054527162861702
T25_C2_D50_3,T25_C2_D50,1,700,750,random_forest,0.90248,0.9031356127732684
T25_C2_D50_3,T25_C2_D50,1,750,800,persistence,0.899282,0.9136238389928534
T25_C2_D50_3,T25_C2_D50,1,750,800,local_linear,0.899282,0.9093100588778016
T25_C2_D50_3,T25_C2_D50,1,750,800,ridge,0.899282,0.9037052762600064
T25_C2_D50_3,T25_C2_D50,1,750,800,random_forest,0.899282,0.9006424907625015
T25_C2_D50_3,T25_C2_D50,1,800,850,persistence,0.896182,0.9094413778299003
T25_C2_D50_3,T25_C2_D50,1,800,850,local_linear,0.896182,0.9066276060992922
T25_C2_D50_3,T25_C2_D50,1,800,850,ridge,0.896182,0.9007977523067753
T25_C2_D50_3,T25_C2_D50,1,800,850,random_forest,0.896182,0.8999627804996045
T25_C2_D50_3,T25_C2_D50,1,850,900,persistence,0.893172,0.9051387667177391
T25_C2_D50_3,T25_C2_D50,1,850,900,local_linear,0.893172,0.90128892651275
T25_C2_D50_3,T25_C2_D50,1,850,900,ridge,0.893172,0.8960012936261348
T25_C2_D50_3,T25_C2_D50,1,850,900,random_forest,0.893172,0.8940425312326908
T25_C2_D50_3,T25_C2_D50,1,900,950,persistence,0.890245,0.9008610142157587
T25_C2_D50_3,T25_C2_D50,1,900,950,local_linear,0.890245,0.8958652926756365
T25_C2_D50_3,T25_C2_D50,1,900,950,ridge,0.890245,0.8921148177918717
T25_C2_D50_3,T25_C2_D50,1,900,950,random_forest,0.890245,0.8878366433700844
T25_C2_D50_3,T25_C2_D50,1,950,1000,persistence,0.887394,0.8979302876529613
T25_C2_D50_3,T25_C2_D50,1,950,1000,local_linear,0.887394,0.8942241826530859
T25_C2_D50_3,T25_C2_D50,1,950,1000,ridge,0.887394,0.888852205727459
T25_C2_D50_3,T25_C2_D50,1,950,1000,random_forest,0.887394,0.8843141417336303
T35_C0p5_D100_0,T35_C0p5_D100,1,100,150,persistence,0.925362,0.9523519102920701
T35_C0p5_D100_0,T35_C0p5_D100,1,100,150,local_linear,0.925362,0.9272036258697705
T35_C0p5_D100_0,T35_C0p5_D100,1,100,150,ridge,0.925362,0.9243937148035378
T35_C0p5_D100_0,T35_C0p5_D100,1,100,150,random_forest,0.925362,0.925566160840323
T35_C0p5_D100_0,T35_C0p5_D100,1,150,200,persistence,0.913815,0.9374499115230329
T35_C0p5_D100_0,T35_C0p5_D100,1,150,200,local_linear,0.913815,0.9230206689921137
T35_C0p5_D100_0,T35_C0p5_D100,1,150,200,ridge,0.913815,0.9139547006223072
T35_C0p5_D100_0,T35_C0p5_D100,1,150,200,random_forest,0.913815,0.9147490349736381
T35_C0p5_D100_0,T35_C0p5_D100,1,200,250,persistence,0.903643,0.9210691999155995
T35_C0p5_D100_0,T35_C0p5_D100,1,200,250,local_linear,0.903643,0.907846571630034
T35_C0p5_D100_0,T35_C0p5_D100,1,200,250,ridge,0.903643,0.8985346121824167
T35_C0p5_D100_0,T35_C0p5_D100,1,200,250,random_forest,0.903643,0.8995099371509394
T35_C0p5_D100_0,T35_C0p5_D100,1,250,300,persistence,0.894446,0.9167119131054211
T35_C0p5_D100_0,T35_C0p5_D100,1,250,300,local_linear,0.894446,0.905596154606333
T35_C0p5_D100_0,T35_C0p5_D100,1,250,300,ridge,0.894446,0.8949396553654448
T35_C0p5_D100_0,T35_C0p5_D100,1,250,300,random_forest,0.894446,0.8943284904934308
T35_C0p5_D100_0,T35_C0p5_D100,1,300,350,persistence,0.885988,0.9065424768537391
T35_C0p5_D100_0,T35_C0p5_D100,1,300,350,local_linear,0.885988,0.8987276190244168
T35_C0p5_D100_0,T35_C0p5_D100,1,300,350,ridge,0.885988,0.8858851876425328
T35_C0p5_D100_0,T35_C0p5_D100,1,300,350,random_forest,0.885988,0.8856347436426766
T35_C0p5_D100_0,T35_C0p5_D100,1,350,400,persistence,0.878117,0.891178562849798
T35_C0p5_D100_0,T35_C0p5_D100,1,350,400,local_linear,0.878117,0.8811980086077882
T35_C0p5_D100_0,T35_C0p5_D100,1,350,400,ridge,0.878117,0.8709501012537701
T35_C0p5_D100_0,T35_C0p5_D100,1,350,400,random_forest,0.878117,0.8706426174089795
T35_C0p5_D100_0,T35_C0p5_D100,1,400,450,persistence,0.870723,0.8902547323799903
T35_C0p5_D100_0,T35_C0p5_D100,1,400,450,local_linear,0.870723,0.8816378292837742
T35_C0p5_D100_0,T35_C0p5_D100,1,400,450,ridge,0.870723,0.869225203131588
T35_C0p5_D100_0,T35_C0p5_D100,1,400,450,random_forest,0.870723,0.870853838541476
T35_C0p5_D100_0,T35_C0p5_D100,1,450,500,persistence,0.86373,0.8779309896692099
T35_C0p5_D100_0,T35_C0p5_D100,1,450,500,local_linear,0.86373,0.8716610109418687
T35_C0p5_D100_0,T35_C0p5_D100,1,450,500,ridge,0.86373,0.8591376245382952
T35_C0p5_D100_0,T35_C0p5_D100,1,450,500,random_forest,0.86373,0.8623682569663151
T35_C0p5_D100_0,T35_C0p5_D100,1,500,550,persistence,0.857079,0.8733532101283555
T35_C0p5_D100_0,T35_C0p5_D100,1,500,550,local_linear,0.857079,0.865696524193438
T35_C0p5_D100_0,T35_C0p5_D100,1,500,550,ridge,0.857079,0.8537420838878446
T35_C0p5_D100_0,T35_C0p5_D100,1,500,550,random_forest,0.857079,0.8581965405678093
T35_C0p5_D100_0,T35_C0p5_D100,1,550,600,persistence,0.850724,0.8704906985409271
T35_C0p5_D100_0,T35_C0p5_D100,1,550,600,local_linear,0.850724,0.8646466763893342
T35_C0p5_D100_0,T35_C0p5_D100,1,550,600,ridge,0.850724,0.8493873184033843
T35_C0p5_D100_0,T35_C0p5_D100,1,550,600,random_forest,0.850724,0.8549080601670722
T35_C0p5_D100_0,T35_C0p5_D100,1,600,650,persistence,0.844628,0.8616729362695696
T35_C0p5_D100_0,T35_C0p5_D100,1,600,650,local_linear,0.844628,0.8552481904836818
T35_C0p5_D100_0,T35_C0p5_D100,1,600,650,ridge,0.844628,0.841037746510145
T35_C0p5_D100_0,T35_C0p5_D100,1,600,650,random_forest,0.844628,0.8422901055510463
T35_C0p5_D100_0,T35_C0p5_D100,1,650,700,persistence,0.838763,0.8550970934628773
T35_C0p5_D100_0,T35_C0p5_D100,1,650,700,local_linear,0.838763,0.8488587359711518
T35_C0p5_D100_0,T35_C0p5_D100,1,650,700,ridge,0.838763,0.8344701901736576
T35_C0p5_D100_0,T35_C0p5_D100,1,650,700,random_forest,0.838763,0.836788515598256
T35_C0p5_D100_0,T35_C0p5_D100,1,700,750,persistence,0.827445,0.8435239021664507
T35_C0p5_D100_0,T35_C0p5_D100,1,700,750,local_linear,0.827445,0.8379859888510135
T35_C0p5_D100_0,T35_C0p5_D100,1,700,750,ridge,0.827445,0.8240917035812304
T35_C0p5_D100_0,T35_C0p5_D100,1,700,750,random_forest,0.827445,0.8238494422399822
T35_C0p5_D100_0,T35_C0p5_D100,1,750,800,persistence,0.816498,0.8358601978739731
T35_C0p5_D100_0,T35_C0p5_D100,1,750,800,local_linear,0.816498,0.8262043969199321
T35_C0p5_D100_0,T35_C0p5_D100,1,750,800,ridge,0.816498,0.8157350588335683
T35_C0p5_D100_0,T35_C0p5_D100,1,750,800,random_forest,0.816498,0.8155474343561127
T35_C0p5_D100_0,T35_C0p5_D100,1,800,850,persistence,0.805888,0.8191830622643728
T35_C0p5_D100_0,T35_C0p5_D100,1,800,850,local_linear,0.805888,0.8080113414946624
T35_C0p5_D100_0,T35_C0p5_D100,1,800,850,ridge,0.805888,0.7969408763764138
T35_C0p5_D100_0,T35_C0p5_D100,1,800,850,random_forest,0.805888,0.7968954229973845
T35_C0p5_D100_0,T35_C0p5_D100,1,850,900,persistence,0.795586,0.8170282690663545
T35_C0p5_D100_0,T35_C0p5_D100,1,850,900,local_linear,0.795586,0.8060942239480471
T35_C0p5_D100_0,T35_C0p5_D100,1,850,900,ridge,0.795586,0.7949790603445073
T35_C0p5_D100_0,T35_C0p5_D100,1,850,900,random_forest,0.795586,0.7944348755255681
T35_C0p5_D100_0,T35_C0p5_D100,1,900,950,persistence,0.785567,0.8105307912257522
T35_C0p5_D100_0,T35_C0p5_D100,1,900,950,local_linear,0.785567,0.8001473894809461
T35_C0p5_D100_0,T35_C0p5_D100,1,900,950,ridge,0.785567,0.7876933871047173
T35_C0p5_D100_0,T35_C0p5_D100,1,900,950,random_forest,0.785567,0.7879561317297978
T35_C0p5_D100_0,T35_C0p5_D100,1,950,1000,persistence,0.775807,0.799714478949637
T35_C0p5_D100_0,T35_C0p5_D100,1,950,1000,local_linear,0.775807,0.790617023468518
T35_C0p5_D100_0,T35_C0p5_D100,1,950,1000,ridge,0.775807,0.7777209346877257
T35_C0p5_D100_0,T35_C0p5_D100,1,950,1000,random_forest,0.775807,0.7748488171333877
T35_C0p5_D50_1,T35_C0p5_D50,1,100,150,persistence,0.955441,0.9724983051630608
T35_C0p5_D50_1,T35_C0p5_D50,1,100,150,local_linear,0.955441,0.9575612397542976
T35_C0p5_D50_1,T35_C0p5_D50,1,100,150,ridge,0.955441,0.9561740602082971
T35_C0p5_D50_1,T35_C0p5_D50,1,100,150,random_forest,0.955441,0.9570675644727148
T35_C0p5_D50_1,T35_C0p5_D50,1,150,200,persistence,0.948548,0.9550016755844859
T35_C0p5_D50_1,T35_C0p5_D50,1,150,200,local_linear,0.948548,0.9454822166651069
T35_C0p5_D50_1,T35_C0p5_D50,1,150,200,ridge,0.948548,0.9428822128828371
T35_C0p5_D50_1,T35_C0p5_D50,1,150,200,random_forest,0.948548,0.9427249423110917
T35_C0p5_D50_1,T35_C0p5_D50,1,200,250,persistence,0.942475,0.9622738861462079
T35_C0p5_D50_1,T35_C0p5_D50,1,200,250,local_linear,0.942475,0.95651709213554
T35_C0p5_D50_1,T35_C0p5_D50,1,200,250,ridge,0.942475,0.948894320546548
T35_C0p5_D50_1,T35_C0p5_D50,1,200,250,random_forest,0.942475,0.9447701795064478
T35_C0p5_D50_1,T35_C0p5_D50,1,250,300,persistence,0.936985,0.943649435431122
T35_C0p5_D50_1,T35_C0p5_D50,1,250,300,local_linear,0.936985,0.9368983671643566
T35_C0p5_D50_1,T35_C0p5_D50,1,250,300,ridge,0.936985,0.932048035454424
T35_C0p5_D50_1,T35_C0p5_D50,1,250,300,random_forest,0.936985,0.9312304968158578
T35_C0p5_D50_1,T35_C0p5_D50,1,300,350,persistence,0.931936,0.9431287497258077
T35_C0p5_D50_1,T35_C0p5_D50,1,300,350,local_linear,0.931936,0.9343185811267304
T35_C0p5_D50_1,T35_C0p5_D50,1,300,350,ridge,0.931936,0.9306942368188763
T35_C0p5_D50_1,T35_C0p5_D50,1,300,350,random_forest,0.931936,0.9301159636563611
T35_C0p5_D50_1,T35_C0p5_D50,1,350,400,persistence,0.927236,0.941895599038222
T35_C0p5_D50_1,T35_C0p5_D50,1,350,400,local_linear,0.927236,0.938782762108398
T35_C0p5_D50_1,T35_C0p5_D50,1,350,400,ridge,0.927236,0.9312590090891574
T35_C0p5_D50_1,T35_C0p5_D50,1,350,400,random_forest,0.927236,0.9303380881862584
T35_C0p5_D50_1,T35_C0p5_D50,1,400,450,persistence,0.922822,0.9327791276576769
T35_C0p5_D50_1,T35_C0p5_D50,1,400,450,local_linear,0.922822,0.927392410955714
T35_C0p5_D50_1,T35_C0p5_D50,1,400,450,ridge,0.922822,0.9214602963679879
T35_C0p5_D50_1,T35_C0p5_D50,1,400,450,random_forest,0.922822,0.9216743573633653
T35_C0p5_D50_1,T35_C0p5_D50,1,450,500,persistence,0.918647,0.9291606601082459
T35_C0p5_D50_1,T35_C0p5_D50,1,450,500,local_linear,0.918647,0.9253322992095192
T35_C0p5_D50_1,T35_C0p5_D50,1,450,500,ridge,0.918647,0.9192326127387532
T35_C0p5_D50_1,T35_C0p5_D50,1,450,500,random_forest,0.918647,0.9184127986090814
T35_C0p5_D50_1,T35_C0p5_D50,1,500,550,persistence,0.914677,0.9264434557930136
T35_C0p5_D50_1,T35_C0p5_D50,1,500,550,local_linear,0.914677,0.9208447055989226
T35_C0p5_D50_1,T35_C0p5_D50,1,500,550,ridge,0.914677,0.9149290159012201
T35_C0p5_D50_1,T35_C0p5_D50,1,500,550,random_forest,0.914677,0.9139198759030028
T35_C0p5_D50_1,T35_C0p5_D50,1,550,600,persistence,0.910883,0.9235523583510062
T35_C0p5_D50_1,T35_C0p5_D50,1,550,600,local_linear,0.910883,0.9192446838666269
T35_C0p5_D50_1,T35_C0p5_D50,1,550,600,ridge,0.910883,0.9126165825333434
T35_C0p5_D50_1,T35_C0p5_D50,1,550,600,random_forest,0.910883,0.9113717101321421
T35_C0p5_D50_1,T35_C0p5_D50,1,600,650,persistence,0.907244,0.9217672211952868
T35_C0p5_D50_1,T35_C0p5_D50,1,600,650,local_linear,0.907244,0.9191009565129437
T35_C0p5_D50_1,T35_C0p5_D50,1,600,650,ridge,0.907244,0.9114928526848844
T35_C0p5_D50_1,T35_C0p5_D50,1,600,650,random_forest,0.907244,0.9094152890503253
T35_C0p5_D50_1,T35_C0p5_D50,1,650,700,persistence,0.903742,0.9141333129298731
T35_C0p5_D50_1,T35_C0p5_D50,1,650,700,local_linear,0.903742,0.9116019564000994
T35_C0p5_D50_1,T35_C0p5_D50,1,650,700,ridge,0.903742,0.9026767864709725
T35_C0p5_D50_1,T35_C0p5_D50,1,650,700,random_forest,0.903742,0.8982582041995679
T35_C0p5_D50_1,T35_C0p5_D50,1,700,750,persistence,0.900364,0.9091008458410105
T35_C0p5_D50_1,T35_C0p5_D50,1,700,750,local_linear,0.900364,0.9050416032269886
T35_C0p5_D50_1,T35_C0p5_D50,1,700,750,ridge,0.900364,0.8996144293510575
T35_C0p5_D50_1,T35_C0p5_D50,1,700,750,random_forest,0.900364,0.8987168686239284
T35_C0p5_D50_1,T35_C0p5_D50,1,750,800,persistence,0.897096,0.905752161056833
T35_C0p5_D50_1,T35_C0p5_D50,1,750,800,local_linear,0.897096,0.9025746634014615
T35_C0p5_D50_1,T35_C0p5_D50,1,750,800,ridge,0.897096,0.8963956660247056
T35_C0p5_D50_1,T35_C0p5_D50,1,750,800,random_forest,0.897096,0.8948128006227976
T35_C0p5_D50_1,T35_C0p5_D50,1,800,850,persistence,0.893929,0.9097695891228359
T35_C0p5_D50_1,T35_C0p5_D50,1,800,850,local_linear,0.893929,0.9074427597097313
T35_C0p5_D50_1,T35_C0p5_D50,1,800,850,ridge,0.893929,0.899010395765111
T35_C0p5_D50_1,T35_C0p5_D50,1,800,850,random_forest,0.893929,0.8957586311852903
T35_C0p5_D50_1,T35_C0p5_D50,1,850,900,persistence,0.890854,0.8975945860610748
T35_C0p5_D50_1,T35_C0p5_D50,1,850,900,local_linear,0.890854,0.8942243185841252
T35_C0p5_D50_1,T35_C0p5_D50,1,850,900,ridge,0.890854,0.889056162976211
T35_C0p5_D50_1,T35_C0p5_D50,1,850,900,random_forest,0.890854,0.8887489589793013
T35_C0p5_D50_1,T35_C0p5_D50,1,900,950,persistence,0.887863,0.8990180255131027
T35_C0p5_D50_1,T35_C0p5_D50,1,900,950,local_linear,0.887863,0.8970357128855012
T35_C0p5_D50_1,T35_C0p5_D50,1,900,950,ridge,0.887863,0.8901901722005707
T35_C0p5_D50_1,T35_C0p5_D50,1,900,950,random_forest,0.887863,0.8893715338090725
T35_C0p5_D50_1,T35_C0p5_D50,1,950,1000,persistence,0.88495,0.898354250606328
T35_C0p5_D50_1,T35_C0p5_D50,1,950,1000,local_linear,0.88495,0.8950211520305792
T35_C0p5_D50_1,T35_C0p5_D50,1,950,1000,ridge,0.88495,0.8889060235757429
T35_C0p5_D50_1,T35_C0p5_D50,1,950,1000,random_forest,0.88495,0.8883523517110838
T35_C0p5_D80_2,T35_C0p5_D80,1,100,150,persistence,0.940524,0.9673478020486155
T35_C0p5_D80_2,T35_C0p5_D80,1,100,150,local_linear,0.940524,0.9481107957265986
T35_C0p5_D80_2,T35_C0p5_D80,1,100,150,ridge,0.940524,0.9433241701500166
T35_C0p5_D80_2,T35_C0p5_D80,1,100,150,random_forest,0.940524,0.9441316966504332
T35_C0p5_D80_2,T35_C0p5_D80,1,150,200,persistence,0.931323,0.9483654455332163
T35_C0p5_D80_2,T35_C0p5_D80,1,150,200,local_linear,0.931323,0.9362881335567839
T35_C0p5_D80_2,T35_C0p5_D80,1,150,200,ridge,0.931323,0.9293267168161444
T35_C0p5_D80_2,T35_C0p5_D80,1,150,200,random_forest,0.931323,0.929253323021735
T35_C0p5_D80_2,T35_C0p5_D80,1,200,250,persistence,0.923216,0.9422748626978089
T35_C0p5_D80_2,T35_C0p5_D80,1,200,250,local_linear,0.923216,0.9318842307289767
T35_C0p5_D80_2,T35_C0p5_D80,1,200,250,ridge,0.923216,0.9231062220156075
T35_C0p5_D80_2,T35_C0p5_D80,1,200,250,random_forest,0.923216,0.9241912820323774
T35_C0p5_D80_2,T35_C0p5_D80,1,250,300,persistence,0.915888,0.9350233000203819
T35_C0p5_D80_2,T35_C0p5_D80,1,250,300,local_linear,0.915888,0.9246569703948545
T35_C0p5_D80_2,T35_C0p5_D80,1,250,300,ridge,0.915888,0.916903271354629
T35_C0p5_D80_2,T35_C0p5_D80,1,250,300,random_forest,0.915888,0.9168699308743686
T35_C0p5_D80_2,T35_C0p5_D80,1,300,350,persistence,0.909148,0.9237928126321135
T35_C0p5_D80_2,T35_C0p5_D80,1,300,350,local_linear,0.909148,0.917220750532263
T35_C0p5_D80_2,T35_C0p5_D80,1,300,350,ridge,0.909148,0.9080842742230973
T35_C0p5_D80_2,T35_C0p5_D80,1,300,350,random_forest,0.909148,0.9106115820522362
T35_C0p5_D80_2,T35_C0p5_D80,1,350,400,persistence,0.902876,0.9219274666080255
T35_C0p5_D80_2,T35_C0p5_D80,1,350,400,local_linear,0.902876,0.9157479821417718
T35_C0p5_D80_2,T35_C0p5_D80,1,350,400,ridge,0.902876,0.9047447275474905
T35_C0p5_D80_2,T35_C0p5_D80,1,350,400,random_forest,0.902876,0.9072286843153723
T35_C0p5_D80_2,T35_C0p5_D80,1,400,450,persistence,0.896984,0.9119645502631529
T35_C0p5_D80_2,T35_C0p5_D80,1,400,450,local_linear,0.896984,0.9056481629324137
T35_C0p5_D80_2,T35_C0p5_D80,1,400,450,ridge,0.896984,0.894966844957266
T35_C0p5_D80_2,T35_C0p5_D80,1,400,450,random_forest,0.896984,0.8972004021099387
T35_C0p5_D80_2,T35_C0p5_D80,1,450,500,persistence,0.891412,0.9042909440451409
T35_C0p5_D80_2,T35_C0p5_D80,1,450,500,local_linear,0.891412,0.897816042771446
T35_C0p5_D80_2,T35_C0p5_D80,1,450,500,ridge,0.891412,0.8875615453050905
T35_C0p5_D80_2,T35_C0p5_D80,1,450,500,random_forest,0.891412,0.889673121580312
T35_C0p5_D80_2,T35_C0p5_D80,1,500,550,persistence,0.886111,0.8985566254954149
T35_C0p5_D80_2,T35_C0p5_D80,1,500,550,local_linear,0.886111,0.8912953035616185
T35_C0p5_D80_2,T35_C0p5_D80,1,500,550,ridge,0.886111,0.8822187312732442
T35_C0p5_D80_2,T35_C0p5_D80,1,500,550,random_forest,0.886111,0.8850553371642247
T35_C0p5_D80_2,T35_C0p5_D80,1,550,600,persistence,0.881047,0.891673810757885
T35_C0p5_D80_2,T35_C0p5_D80,1,550,600,local_linear,0.881047,0.8851577623180794
T35_C0p5_D80_2,T35_C0p5_D80,1,550,600,ridge,0.881047,0.87656416050153
T35_C0p5_D80_2,T35_C0p5_D80,1,550,600,random_forest,0.881047,0.8788171488677122
T35_C0p5_D80_2,T35_C0p5_D80,1,600,650,persistence,0.87619,0.8859207667268363
T35_C0p5_D80_2,T35_C0p5_D80,1,600,650,local_linear,0.87619,0.8795674490538941
T35_C0p5_D80_2,T35_C0p5_D80,1,600,650,ridge,0.87619,0.8696080476171308
T35_C0p5_D80_2,T35_C0p5_D80,1,600,650,random_forest,0.87619,0.8709717088268849
T35_C0p5_D80_2,T35_C0p5_D80,1,650,700,persistence,0.871516,0.8837140407740153
T35_C0p5_D80_2,T35_C0p5_D80,1,650,700,local_linear,0.871516,0.8788337291849043
T35_C0p5_D80_2,T35_C0p5_D80,1,650,700,ridge,0.871516,0.8682601299032106
T35_C0p5_D80_2,T35_C0p5_D80,1,650,700,random_forest,0.871516,0.871060668359488
T35_C0p5_D80_2,T35_C0p5_D80,1,700,750,persistence,0.867007,0.8799041255356267
T35_C0p5_D80_2,T35_C0p5_D80,1,700,750,local_linear,0.867007,0.875677357258915
T35_C0p5_D80_2,T35_C0p5_D80,1,700,750,ridge,0.867007,0.8638391027713778
T35_C0p5_D80_2,T35_C0p5_D80,1,700,750,random_forest,0.867007,0.8665834933739177
T35_C0p5_D80_2,T35_C0p5_D80,1,750,800,persistence,0.862645,0.8763645294250533
T35_C0p5_D80_2,T35_C0p5_D80,1,750,800,local_linear,0.862645,0.8715046434729007
T35_C0p5_D80_2,T35_C0p5_D80,1,750,800,ridge,0.862645,0.8599226070746556
T35_C0p5_D80_2,T35_C0p5_D80,1,750,800,random_forest,0.862645,0.8640704654058446
T35_C0p5_D80_2,T35_C0p5_D80,1,800,850,persistence,0.858418,0.8724139330064695
T35_C0p5_D80_2,T35_C0p5_D80,1,800,850,local_linear,0.858418,0.8671355016394132
T35_C0p5_D80_2,T35_C0p5_D80,1,800,850,ridge,0.858418,0.8562822835310363
T35_C0p5_D80_2,T35_C0p5_D80,1,800,850,random_forest,0.858418,0.860885503206845
T35_C0p5_D80_2,T35_C0p5_D80,1,850,900,persistence,0.852276,0.8688450483225448
T35_C0p5_D80_2,T35_C0p5_D80,1,850,900,local_linear,0.852276,0.8664347566073365
T35_C0p5_D80_2,T35_C0p5_D80,1,850,900,ridge,0.852276,0.8532881281622627
T35_C0p5_D80_2,T35_C0p5_D80,1,850,900,random_forest,0.852276,0.8543642265370217
T35_C0p5_D80_2,T35_C0p5_D80,1,900,950,persistence,0.844291,0.8622820071891444
T35_C0p5_D80_2,T35_C0p5_D80,1,900,950,local_linear,0.844291,0.8596177372590459
T35_C0p5_D80_2,T35_C0p5_D80,1,900,950,ridge,0.844291,0.8463318164524061
T35_C0p5_D80_2,T35_C0p5_D80,1,900,950,random_forest,0.844291,0.8469405791195437
T35_C0p5_D80_2,T35_C0p5_D80,1,950,1000,persistence,0.836514,0.8563042573822208
T35_C0p5_D80_2,T35_C0p5_D80,1,950,1000,local_linear,0.836514,0.8465640962872696
T35_C0p5_D80_2,T35_C0p5_D80,1,950,1000,ridge,0.836514,0.8366527614369765
T35_C0p5_D80_2,T35_C0p5_D80,1,950,1000,random_forest,0.836514,0.8382854362193364
T35_C1_D100_3,T35_C1_D100,1,100,150,persistence,0.923568,0.950517215883351
T35_C1_D100_3,T35_C1_D100,1,100,150,local_linear,0.923568,0.9242923165168492
T35_C1_D100_3,T35_C1_D100,1,100,150,ridge,0.923568,0.9197188941252896
T35_C1_D100_3,T35_C1_D100,1,100,150,random_forest,0.923568,0.9188179473437504
T35_C1_D100_3,T35_C1_D100,1,150,200,persistence,0.911744,0.9371374383554247
T35_C1_D100_3,T35_C1_D100,1,150,200,local_linear,0.911744,0.9205982137867001
T35_C1_D100_3,T35_C1_D100,1,150,200,ridge,0.911744,0.9113136430817066
T35_C1_D100_3,T35_C1_D100,1,150,200,random_forest,0.911744,0.9127367192099743
T35_C1_D100_3,T35_C1_D100,1,200,250,persistence,0.901326,0.9262250869068213
T35_C1_D100_3,T35_C1_D100,1,200,250,local_linear,0.901326,0.9134522439383372
T35_C1_D100_3,T35_C1_D100,1,200,250,ridge,0.901326,0.9012738249804138
T35_C1_D100_3,T35_C1_D100,1,200,250,random_forest,0.901326,0.8993926672943727
T35_C1_D100_3,T35_C1_D100,1,250,300,persistence,0.891908,0.9145066908276627
T35_C1_D100_3,T35_C1_D100,1,250,300,local_linear,0.891908,0.9042094359917998
T35_C1_D100_3,T35_C1_D100,1,250,300,ridge,0.891908,0.8908195253659059
T35_C1_D100_3,T35_C1_D100,1,250,300,random_forest,0.891908,0.8908785829032775
T35_C1_D100_3,T35_C1_D100,1,300,350,persistence,0.883248,0.9143367501425951
T35_C1_D100_3,T35_C1_D100,1,300,350,local_linear,0.883248,0.9052227559862909
T35_C1_D100_3,T35_C1_D100,1,300,350,ridge,0.883248,0.8908525307097687
T35_C1_D100_3,T35_C1_D100,1,300,350,random_forest,0.883248,0.8945814014055733
T35_C1_D100_3,T35_C1_D100,1,350,400,persistence,0.875187,0.8953418882663466
T35_C1_D100_3,T35_C1_D100,1,350,400,local_linear,0.875187,0.8848837066529028
T35_C1_D100_3,T35_C1_D100,1,350,400,ridge,0.875187,0.8725884816871724
T35_C1_D100_3,T35_C1_D100,1,350,400,random_forest,0.875187,0.8753868792884199
T35_C1_D100_3,T35_C1_D100,1,400,450,persistence,0.867615,0.8871485877788235
T35_C1_D100_3,T35_C1_D100,1,400,450,local_linear,0.867615,0.8780991772125893
T35_C1_D100_3,T35_C1_D100,1,400,450,ridge,0.867615,0.8632819597258995
T35_C1_D100_3,T35_C1_D100,1,400,450,random_forest,0.867615,0.8633742031536352
T35_C1_D100_3,T35_C1_D100,1,450,500,persistence,0.860454,0.8795505491384429
T35_C1_D100_3,T35_C1_D100,1,450,500,local_linear,0.860454,0.8724735590562277
T35_C1_D100_3,T35_C1_D100,1,450,500,ridge,0.860454,0.858777222742357
T35_C1_D100_3,T35_C1_D100,1,450,500,random_forest,0.860454,0.8633524838647467
T35_C1_D100_3,T35_C1_D100,1,500,550,persistence,0.853643,0.8757287615220487
T35_C1_D100_3,T35_C1_D100,1,500,550,local_linear,0.853643,0.8678724293675708
T35_C1_D100_3,T35_C1_D100,1,500,550,ridge,0.853643,0.8532549104221339
T35_C1_D100_3,T35_C1_D100,1,500,550,random_forest,0.853643,0.8548508390945168
T35_C1_D100_3,T35_C1_D100,1,550,600,persistence,0.847135,0.8649966786454505
T35_C1_D100_3,T35_C1_D100,1,550,600,local_linear,0.847135,0.858827924991306
T35_C1_D100_3,T35_C1_D100,1,550,600,ridge,0.847135,0.8437401050720644
T35_C1_D100_3,T35_C1_D100,1,550,600,random_forest,0.847135,0.8476783704516144
T35_C1_D100_3,T35_C1_D100,1,600,650,persistence,0.840893,0.8623564951846227
T35_C1_D100_3,T35_C1_D100,1,600,650,local_linear,0.840893,0.8543945850840614
T35_C1_D100_3,T35_C1_D100,1,600,650,ridge,0.840893,0.8391656035829174
T35_C1_D100_3,T35_C1_D100,1,600,650,random_forest,0.840893,0.8416028627847668
T35_C1_D100_3,T35_C1_D100,1,650,700,persistence,0.834887,0.8559010963990882
T35_C1_D100_3,T35_C1_D100,1,650,700,local_linear,0.834887,0.8503396125247841
T35_C1_D100_3,T35_C1_D100,1,650,700,ridge,0.834887,0.8332135647253771
T35_C1_D100_3,T35_C1_D100,1,650,700,random_forest,0.834887,0.8381754280402239
T35_C1_D100_3,T35_C1_D100,1,700,750,persistence,0.823297,0.8488997279540689
T35_C1_D100_3,T35_C1_D100,1,700,750,local_linear,0.823297,0.8418445748046616
T35_C1_D100_3,T35_C1_D100,1,700,750,ridge,0.823297,0.8247985614465833
T35_C1_D100_3,T35_C1_D100,1,700,750,random_forest,0.823297,0.8258197330832882
T35_C1_D100_3,T35_C1_D100,1,750,800,persistence,0.812087,0.8427649631130129
T35_C1_D100_3,T35_C1_D100,1,750,800,local_linear,0.812087,0.834520206998624
T35_C1_D100_3,T35_C1_D100,1,750,800,ridge,0.812087,0.8185139768804646
T35_C1_D100_3,T35_C1_D100,1,750,800,random_forest,0.812087,0.8248830670926471
T35_C1_D100_3,T35_C1_D100,1,800,850,persistence,0.801222,0.8204740969553859
T35_C1_D100_3,T35_C1_D100,1,800,850,local_linear,0.801222,0.8088702559682324
T35_C1_D100_3,T35_C1_D100,1,800,850,ridge,0.801222,0.7952118290184292
T35_C1_D100_3,T35_C1_D100,1,800,850,random_forest,0.801222,0.7979355794000271
T35_C1_D100_3,T35_C1_D100,1,850,900,persistence,0.790672,0.8151308238132905
T35_C1_D100_3,T35_C1_D100,1,850,900,local_linear,0.790672,0.804360623278751
T35_C1_D100_3,T35_C1_D100,1,850,900,ridge,0.790672,0.7902987906362432
T35_C1_D100_3,T35_C1_D100,1,850,900,random_forest,0.790672,0.7901028844049873
T35_C1_D100_3,T35_C1_D100,1,900,950,persistence,0.780412,0.8023956003201644
T35_C1_D100_3,T35_C1_D100,1,900,950,local_linear,0.780412,0.7918761823909198
T35_C1_D100_3,T35_C1_D100,1,900,950,ridge,0.780412,0.777689802387109
T35_C1_D100_3,T35_C1_D100,1,900,950,random_forest,0.780412,0.7771106373180472
T35_C1_D100_3,T35_C1_D100,1,950,1000,persistence,0.770418,0.7867070706122323
T35_C1_D100_3,T35_C1_D100,1,950,1000,local_linear,0.770418,0.7744990992265216
T35_C1_D100_3,T35_C1_D100,1,950,1000,ridge,0.770418,0.7635755536895154
T35_C1_D100_3,T35_C1_D100,1,950,1000,random_forest,0.770418,0.7605107327089579
T35_C1_D80_0,T35_C1_D80,1,100,150,persistence,0.933469,0.9602861260153734
T35_C1_D80_0,T35_C1_D80,1,100,150,local_linear,0.933469,0.939091559625729
T35_C1_D80_0,T35_C1_D80,1,100,150,ridge,0.933469,0.9352260064668243
T35_C1_D80_0,T35_C1_D80,1,100,150,random_forest,0.933469,0.9404909867388167
T35_C1_D80_0,T35_C1_D80,1,150,200,persistence,0.923176,0.9463521780759945
T35_C1_D80_0,T35_C1_D80,1,150,200,local_linear,0.923176,0.9322353911269005
T35_C1_D80_0,T35_C1_D80,1,150,200,ridge,0.923176,0.9249991085895184
T35_C1_D80_0,T35_C1_D80,1,150,200,random_forest,0.923176,0.9270863555356105
T35_C1_D80_0,T35_C1_D80,1,200,250,persistence,0.914109,0.9301986204139618
T35_C1_D80_0,T35_C1_D80,1,200,250,local_linear,0.914109,0.9187226777749457
T35_C1_D80_0,T35_C1_D80,1,200,250,ridge,0.914109,0.9095759309868658
T35_C1_D80_0,T35_C1_D80,1,200,250,random_forest,0.914109,0.9079068553483148
T35_C1_D80_0,T35_C1_D80,1,250,300,persistence,0.905911,0.9254203610909024
T35_C1_D80_0,T35_C1_D80,1,250,300,local_linear,0.905911,0.9141923102987529
T35_C1_D80_0,T35_C1_D80,1,250,300,ridge,0.905911,0.9054606935179305
T35_C1_D80_0,T35_C1_D80,1,250,300,random_forest,0.905911,0.9052499706155306
T35_C1_D80_0,T35_C1_D80,1,300,350,persistence,0.898372,0.9274357946589668
T35_C1_D80_0,T35_C1_D80,1,300,350,local_linear,0.898372,0.9210377276867395
T35_C1_D80_0,T35_C1_D80,1,300,350,ridge,0.898372,0.9071968445847692
T35_C1_D80_0,T35_C1_D80,1,300,350,random_forest,0.898372,0.9101129833899261
T35_C1_D80_0,T35_C1_D80,1,350,400,persistence,0.891355,0.9082840713584914
T35_C1_D80_0,T35_C1_D80,1,350,400,local_linear,0.891355,0.8990113760094267
T35_C1_D80_0,T35_C1_D80,1,350,400,ridge,0.891355,0.889417185010318
T35_C1_D80_0,T35_C1_D80,1,350,400,random_forest,0.891355,0.8898194073225557
T35_C1_D80_0,T35_C1_D80,1,400,450,persistence,0.884765,0.8992347692648262
T35_C1_D80_0,T35_C1_D80,1,400,450,local_linear,0.884765,0.8905382582373181
T35_C1_D80_0,T35_C1_D80,1,400,450,ridge,0.884765,0.8818585093127659
T35_C1_D80_0,T35_C1_D80,1,400,450,random_forest,0.884765,0.8836669673545726
T35_C1_D80_0,T35_C1_D80,1,450,500,persistence,0.878531,0.8970350398519615
T35_C1_D80_0,T35_C1_D80,1,450,500,local_linear,0.878531,0.8912074522176864
T35_C1_D80_0,T35_C1_D80,1,450,500,ridge,0.878531,0.8804945577383979
T35_C1_D80_0,T35_C1_D80,1,450,500,random_forest,0.878531,0.8845836633134925
T35_C1_D80_0,T35_C1_D80,1,500,550,persistence,0.872603,0.8883677620896463
T35_C1_D80_0,T35_C1_D80,1,500,550,local_linear,0.872603,0.8821710398178267
T35_C1_D80_0,T35_C1_D80,1,500,550,ridge,0.872603,0.8708826375776774
T35_C1_D80_0,T35_C1_D80,1,500,550,random_forest,0.872603,0.8714444871198413
T35_C1_D80_0,T35_C1_D80,1,550,600,persistence,0.866938,0.8851294208167262
T35_C1_D80_0,T35_C1_D80,1,550,600,local_linear,0.866938,0.8800853583293464
T35_C1_D80_0,T35_C1_D80,1,550,600,ridge,0.866938,0.8673961971802377
T35_C1_D80_0,T35_C1_D80,1,550,600,random_forest,0.866938,0.8687764027008932
T35_C1_D80_0,T35_C1_D80,1,600,650,persistence,0.861504,0.8818749603737069
T35_C1_D80_0,T35_C1_D80,1,600,650,local_linear,0.861504,0.8769901842720732
T35_C1_D80_0,T35_C1_D80,1,600,650,ridge,0.861504,0.8649187994685824
T35_C1_D80_0,T35_C1_D80,1,600,650,random_forest,0.861504,0.8686611695023899
T35_C1_D80_0,T35_C1_D80,1,650,700,persistence,0.856276,0.8812398650718002
T35_C1_D80_0,T35_C1_D80,1,650,700,local_linear,0.856276,0.8758801230097057
T35_C1_D80_0,T35_C1_D80,1,650,700,ridge,0.856276,0.8633944770557563
T35_C1_D80_0,T35_C1_D80,1,650,700,random_forest,0.856276,0.8670565295934629
T35_C1_D80_0,T35_C1_D80,1,700,750,persistence,0.851232,0.8645441659887659
T35_C1_D80_0,T35_C1_D80,1,700,750,local_linear,0.851232,0.8604939481105429
T35_C1_D80_0,T35_C1_D80,1,700,750,ridge,0.851232,0.848031270086666
T35_C1_D80_0,T35_C1_D80,1,700,750,random_forest,0.851232,0.8484480256615259
T35_C1_D80_0,T35_C1_D80,1,750,800,persistence,0.846353,0.8648069084613823
T35_C1_D80_0,T35_C1_D80,1,750,800,local_linear,0.846353,0.8580881165932426
T35_C1_D80_0,T35_C1_D80,1,750,800,ridge,0.846353,0.8470888840594913
T35_C1_D80_0,T35_C1_D80,1,750,800,random_forest,0.846353,0.8491519249193169
T35_C1_D80_0,T35_C1_D80,1,800,850,persistence,0.841624,0.8626163132449072
T35_C1_D80_0,T35_C1_D80,1,800,850,local_linear,0.841624,0.8574235792620138
T35_C1_D80_0,T35_C1_D80,1,800,850,ridge,0.841624,0.8457826649119857
T35_C1_D80_0,T35_C1_D80,1,800,850,random_forest,0.841624,0.8466528455230875
T35_C1_D80_0,T35_C1_D80,1,850,900,persistence,0.834753,0.8536309505259685
T35_C1_D80_0,T35_C1_D80,1,850,900,local_linear,0.834753,0.8495885621892334
T35_C1_D80_0,T35_C1_D80,1,850,900,ridge,0.834753,0.8367132250527767
T35_C1_D80_0,T35_C1_D80,1,850,900,random_forest,0.834753,0.8365935537694769
T35_C1_D80_0,T35_C1_D80,1,900,950,persistence,0.825822,0.8446896468719676
T35_C1_D80_0,T35_C1_D80,1,900,950,local_linear,0.825822,0.8376569390426832
T35_C1_D80_0,T35_C1_D80,1,900,950,ridge,0.825822,0.8275795494510723
T35_C1_D80_0,T35_C1_D80,1,900,950,random_forest,0.825822,0.8259490280670547
T35_C1_D80_0,T35_C1_D80,1,950,1000,persistence,0.817123,0.8453139960604749
T35_C1_D80_0,T35_C1_D80,1,950,1000,local_linear,0.817123,0.8394038874318964
T35_C1_D80_0,T35_C1_D80,1,950,1000,ridge,0.817123,0.8272663614456413
T35_C1_D80_0,T35_C1_D80,1,950,1000,random_forest,0.817123,0.8268221621376199
T35_C2_D100_1,T35_C2_D100,1,100,150,persistence,0.91093,0.93556228643552
T35_C2_D100_1,T35_C2_D100,1,100,150,local_linear,0.91093,0.9044140189204976
T35_C2_D100_1,T35_C2_D100,1,100,150,ridge,0.91093,0.9058250895418649
T35_C2_D100_1,T35_C2_D100,1,100,150,random_forest,0.91093,0.909477324314904
T35_C2_D100_1,T35_C2_D100,1,150,200,persistence,0.897151,0.9198308111700663
T35_C2_D100_1,T35_C2_D100,1,150,200,local_linear,0.897151,0.9019586428758584
T35_C2_D100_1,T35_C2_D100,1,150,200,ridge,0.897151,0.8951906494967329
T35_C2_D100_1,T35_C2_D100,1,150,200,random_forest,0.897151,0.896842864736201
T35_C2_D100_1,T35_C2_D100,1,200,250,persistence,0.885011,0.9108538554093898
T35_C2_D100_1,T35_C2_D100,1,200,250,local_linear,0.885011,0.8957433156003038
T35_C2_D100_1,T35_C2_D100,1,200,250,ridge,0.885011,0.8864127947007122
T35_C2_D100_1,T35_C2_D100,1,200,250,random_forest,0.885011,0.8864781587407558
T35_C2_D100_1,T35_C2_D100,1,250,300,persistence,0.874036,0.8940044534977496
T35_C2_D100_1,T35_C2_D100,1,250,300,local_linear,0.874036,0.8811393096045412
T35_C2_D100_1,T35_C2_D100,1,250,300,ridge,0.874036,0.8716465418918797
T35_C2_D100_1,T35_C2_D100,1,250,300,random_forest,0.874036,0.8717467016012282
T35_C2_D100_1,T35_C2_D100,1,300,350,persistence,0.863944,0.8858981675682437
T35_C2_D100_1,T35_C2_D100,1,300,350,local_linear,0.863944,0.8726125101969439
T35_C2_D100_1,T35_C2_D100,1,300,350,ridge,0.863944,0.8637079113988135
T35_C2_D100_1,T35_C2_D100,1,300,350,random_forest,0.863944,0.8619835478315434
T35_C2_D100_1,T35_C2_D100,1,350,400,persistence,0.85455,0.8767942291409409
T35_C2_D100_1,T35_C2_D100,1,350,400,local_linear,0.85455,0.8677790863528869
T35_C2_D100_1,T35_C2_D100,1,350,400,ridge,0.85455,0.8567404140401103
T35_C2_D100_1,T35_C2_D100,1,350,400,random_forest,0.85455,0.8572422734088647
T35_C2_D100_1,T35_C2_D100,1,400,450,persistence,0.845727,0.8685058548592913
T35_C2_D100_1,T35_C2_D100,1,400,450,local_linear,0.845727,0.8571415970749804
T35_C2_D100_1,T35_C2_D100,1,400,450,ridge,0.845727,0.8455887602363032
T35_C2_D100_1,T35_C2_D100,1,400,450,random_forest,0.845727,0.8475219580544284
T35_C2_D100_1,T35_C2_D100,1,450,500,persistence,0.837381,0.8538348046551367
T35_C2_D100_1,T35_C2_D100,1,450,500,local_linear,0.837381,0.8446892465875931
T35_C2_D100_1,T35_C2_D100,1,450,500,ridge,0.837381,0.8338058680496538
T35_C2_D100_1,T35_C2_D100,1,450,500,random_forest,0.837381,0.834294302772627
T35_C2_D100_1,T35_C2_D100,1,500,550,persistence,0.829444,0.8412261446289447
T35_C2_D100_1,T35_C2_D100,1,500,550,local_linear,0.829444,0.829575619784731
T35_C2_D100_1,T35_C2_D100,1,500,550,ridge,0.829444,0.8209612993272757
T35_C2_D100_1,T35_C2_D100,1,500,550,random_forest,0.829444,0.8174436429065205
T35_C2_D100_1,T35_C2_D100,1,550,600,persistence,0.82186,0.838497694426036
T35_C2_D100_1,T35_C2_D100,1,550,600,local_linear,0.82186,0.8304113402515196
T35_C2_D100_1,T35_C2_D100,1,550,600,ridge,0.82186,0.8184817572205669
T35_C2_D100_1,T35_C2_D100,1,550,600,random_forest,0.82186,0.816099540192325
T35_C2_D100_1,T35_C2_D100,1,600,650,persistence,0.814586,0.8317355080432739
T35_C2_D100_1,T35_C2_D100,1,600,650,local_linear,0.814586,0.8238976912283693
T35_C2_D100_1,T35_C2_D100,1,600,650,ridge,0.814586,0.811277016356667
T35_C2_D100_1,T35_C2_D100,1,600,650,random_forest,0.814586,0.8101363210381978
T35_C2_D100_1,T35_C2_D100,1,650,700,persistence,0.807587,0.8217474827483267
T35_C2_D100_1,T35_C2_D100,1,650,700,local_linear,0.807587,0.8139365148145086
T35_C2_D100_1,T35_C2_D100,1,650,700,ridge,0.807587,0.802791143087935
T35_C2_D100_1,T35_C2_D100,1,650,700,random_forest,0.807587,0.8017947603249009
T35_C2_D100_1,T35_C2_D100,1,700,750,persistence,0.79408,0.8165244221210515
T35_C2_D100_1,T35_C2_D100,1,700,750,local_linear,0.79408,0.8090869669199219
T35_C2_D100_1,T35_C2_D100,1,700,750,ridge,0.79408,0.7962019719167968
T35_C2_D100_1,T35_C2_D100,1,700,750,random_forest,0.79408,0.7951496357688493
T35_C2_D100_1,T35_C2_D100,1,750,800,persistence,0.781017,0.80483243319394
T35_C2_D100_1,T35_C2_D100,1,750,800,local_linear,0.781017,0.793271466680014
T35_C2_D100_1,T35_C2_D100,1,750,800,ridge,0.781017,0.7830224312727133
T35_C2_D100_1,T35_C2_D100,1,750,800,random_forest,0.781017,0.7817772883515959
T35_C2_D100_1,T35_C2_D100,1,800,850,persistence,0.768356,0.7914043755831021
T35_C2_D100_1,T35_C2_D100,1,800,850,local_linear,0.768356,0.7790053637245766
T35_C2_D100_1,T35_C2_D100,1,800,850,ridge,0.768356,0.7693456429823569
T35_C2_D100_1,T35_C2_D100,1,800,850,random_forest,0.768356,0.7644067600342717
T35_C2_D100_1,T35_C2_D100,1,850,900,persistence,0.756062,0.7828668277669404
T35_C2_D100_1,T35_C2_D100,1,850,900,local_linear,0.756062,0.7697543465484463
T35_C2_D100_1,T35_C2_D100,1,850,900,ridge,0.756062,0.7605296696658255
T35_C2_D100_1,T35_C2_D100,1,850,900,random_forest,0.756062,0.755423548073992
T35_C2_D100_1,T35_C2_D100,1,900,950,persistence,0.744105,0.7614412580580087
T35_C2_D100_1,T35_C2_D100,1,900,950,local_linear,0.744105,0.7496588793883048
T35_C2_D100_1,T35_C2_D100,1,900,950,ridge,0.744105,0.7418197425822275
T35_C2_D100_1,T35_C2_D100,1,900,950,random_forest,0.744105,0.7389550896714916
T35_C2_D100_1,T35_C2_D100,1,950,1000,persistence,0.732458,0.7534643506944994
T35_C2_D100_1,T35_C2_D100,1,950,1000,local_linear,0.732458,0.7401327209527256
T35_C2_D100_1,T35_C2_D100,1,950,1000,ridge,0.732458,0.7319896621657092
T35_C2_D100_1,T35_C2_D100,1,950,1000,random_forest,0.732458,0.7256629044534633
T35_C2_D50_2,T35_C2_D50,1,100,150,persistence,0.946733,0.9682971303377174
T35_C2_D50_2,T35_C2_D50,1,100,150,local_linear,0.946733,0.9518551733148536
T35_C2_D50_2,T35_C2_D50,1,100,150,ridge,0.946733,0.949066998947744
T35_C2_D50_2,T35_C2_D50,1,100,150,random_forest,0.946733,0.9479519929090008
T35_C2_D50_2,T35_C2_D50,1,150,200,persistence,0.938492,0.9551055121458565
T35_C2_D50_2,T35_C2_D50,1,150,200,local_linear,0.938492,0.945585011864841
T35_C2_D50_2,T35_C2_D50,1,150,200,ridge,0.938492,0.93998055395989
T35_C2_D50_2,T35_C2_D50,1,150,200,random_forest,0.938492,0.9407783339590443
T35_C2_D50_2,T35_C2_D50,1,200,250,persistence,0.931232,0.9518570646107339
T35_C2_D50_2,T35_C2_D50,1,200,250,local_linear,0.931232,0.9440708232977589
T35_C2_D50_2,T35_C2_D50,1,200,250,ridge,0.931232,0.9372310194711724
T35_C2_D50_2,T35_C2_D50,1,200,250,random_forest,0.931232,0.9381817890825666
T35_C2_D50_2,T35_C2_D50,1,250,300,persistence,0.924669,0.9411632566749633
T35_C2_D50_2,T35_C2_D50,1,250,300,local_linear,0.924669,0.9335672669968873
T35_C2_D50_2,T35_C2_D50,1,250,300,ridge,0.924669,0.9262753787578598
T35_C2_D50_2,T35_C2_D50,1,250,300,random_forest,0.924669,0.9248524541008288
T35_C2_D50_2,T35_C2_D50,1,300,350,persistence,0.918633,0.9370245829086732
T35_C2_D50_2,T35_C2_D50,1,300,350,local_linear,0.918633,0.9310020378255472
T35_C2_D50_2,T35_C2_D50,1,300,350,ridge,0.918633,0.9231552293752162
T35_C2_D50_2,T35_C2_D50,1,300,350,random_forest,0.918633,0.9225184570571787
T35_C2_D50_2,T35_C2_D50,1,350,400,persistence,0.913015,0.9271308692647775
T35_C2_D50_2,T35_C2_D50,1,350,400,local_linear,0.913015,0.9214985210708988
T35_C2_D50_2,T35_C2_D50,1,350,400,ridge,0.913015,0.91503427734606
T35_C2_D50_2,T35_C2_D50,1,350,400,random_forest,0.913015,0.9151189732677393
T35_C2_D50_2,T35_C2_D50,1,400,450,persistence,0.907739,0.9216942955726728
T35_C2_D50_2,T35_C2_D50,1,400,450,local_linear,0.907739,0.9151268262377741
T35_C2_D50_2,T35_C2_D50,1,400,450,ridge,0.907739,0.9091941508718466
T35_C2_D50_2,T35_C2_D50,1,400,450,random_forest,0.907739,0.9097744872025022
T35_C2_D50_2,T35_C2_D50,1,450,500,persistence,0.902748,0.9145604681314262
T35_C2_D50_2,T35_C2_D50,1,450,500,local_linear,0.902748,0.9077156679497308
T35_C2_D50_2,T35_C2_D50,1,450,500,ridge,0.902748,0.9031205728883005
T35_C2_D50_2,T35_C2_D50,1,450,500,random_forest,0.902748,0.9034085195860045
T35_C2_D50_2,T35_C2_D50,1,500,550,persistence,0.898001,0.9090587221139869
T35_C2_D50_2,T35_C2_D50,1,500,550,local_linear,0.898001,0.9041344503852672
T35_C2_D50_2,T35_C2_D50,1,500,550,ridge,0.898001,0.8993822931283777
T35_C2_D50_2,T35_C2_D50,1,500,550,random_forest,0.898001,0.9011823270865074
T35_C2_D50_2,T35_C2_D50,1,550,600,persistence,0.893466,0.9078185990723343
T35_C2_D50_2,T35_C2_D50,1,550,600,local_linear,0.893466,0.9028191819618754
T35_C2_D50_2,T35_C2_D50,1,550,600,ridge,0.893466,0.8973774519350244
T35_C2_D50_2,T35_C2_D50,1,550,600,random_forest,0.893466,0.8975738664774635
T35_C2_D50_2,T35_C2_D50,1,600,650,persistence,0.889116,0.9040335198371153
T35_C2_D50_2,T35_C2_D50,1,600,650,local_linear,0.889116,0.8991981624514256
T35_C2_D50_2,T35_C2_D50,1,600,650,ridge,0.889116,0.892085825673173
T35_C2_D50_2,T35_C2_D50,1,600,650,random_forest,0.889116,0.8916692694870582
T35_C2_D50_2,T35_C2_D50,1,650,700,persistence,0.88493,0.8974044312559076
T35_C2_D50_2,T35_C2_D50,1,650,700,local_linear,0.88493,0.8903806143303866
T35_C2_D50_2,T35_C2_D50,1,650,700,ridge,0.88493,0.8858623858107048
T35_C2_D50_2,T35_C2_D50,1,650,700,random_forest,0.88493,0.8833242050949229
T35_C2_D50_2,T35_C2_D50,1,700,750,persistence,0.880891,0.8959831199055232
T35_C2_D50_2,T35_C2_D50,1,700,750,local_linear,0.880891,0.8931882897995621
T35_C2_D50_2,T35_C2_D50,1,700,750,ridge,0.880891,0.886354952879353
T35_C2_D50_2,T35_C2_D50,1,700,750,random_forest,0.880891,0.8848858956346953
T35_C2_D50_2,T35_C2_D50,1,750,800,persistence,0.876985,0.8893979417562785
T35_C2_D50_2,T35_C2_D50,1,750,800,local_linear,0.876985,0.8852392134306785
T35_C2_D50_2,T35_C2_D50,1,750,800,ridge,0.876985,0.8792250764368278
T35_C2_D50_2,T35_C2_D50,1,750,800,random_forest,0.876985,0.8773839857875461
T35_C2_D50_2,T35_C2_D50,1,800,850,persistence,0.873199,0.8885262041280428
T35_C2_D50_2,T35_C2_D50,1,800,850,local_linear,0.873199,0.8854472516785002
T35_C2_D50_2,T35_C2_D50,1,800,850,ridge,0.873199,0.8791656528585627
T35_C2_D50_2,T35_C2_D50,1,800,850,random_forest,0.873199,0.8773577609284644
T35_C2_D50_2,T35_C2_D50,1,850,900,persistence,0.869523,0.8854515494604793
T35_C2_D50_2,T35_C2_D50,1,850,900,local_linear,0.869523,0.8819275912324267
T35_C2_D50_2,T35_C2_D50,1,850,900,ridge,0.869523,0.8750835884684399
T35_C2_D50_2,T35_C2_D50,1,850,900,random_forest,0.869523,0.87241400018511
T35_C2_D50_2,T35_C2_D50,1,900,950,persistence,0.865947,0.8768229184721943
T35_C2_D50_2,T35_C2_D50,1,900,950,local_linear,0.865947,0.8726533926471622
T35_C2_D50_2,T35_C2_D50,1,900,950,ridge,0.865947,0.8676638601928556
T35_C2_D50_2,T35_C2_D50,1,900,950,random_forest,0.865947,0.8660526154694266
T35_C2_D50_2,T35_C2_D50,1,950,1000,persistence,0.862465,0.8746232369383797
T35_C2_D50_2,T35_C2_D50,1,950,1000,local_linear,0.862465,0.8714075487058941
T35_C2_D50_2,T35_C2_D50,1,950,1000,ridge,0.862465,0.8650534938518952
T35_C2_D50_2,T35_C2_D50,1,950,1000,random_forest,0.862465,0.8627339645905483
T35_C2_D80_3,T35_C2_D80,1,100,150,persistence,0.92683,0.955472875574501
T35_C2_D80_3,T35_C2_D80,1,100,150,local_linear,0.92683,0.9310906513632067
T35_C2_D80_3,T35_C2_D80,1,100,150,ridge,0.92683,0.9276693164164993
T35_C2_D80_3,T35_C2_D80,1,100,150,random_forest,0.92683,0.9279634320913633
T35_C2_D80_3,T35_C2_D80,1,150,200,persistence,0.91551,0.9409414026437677
T35_C2_D80_3,T35_C2_D80,1,150,200,local_linear,0.91551,0.925475273904653
T35_C2_D80_3,T35_C2_D80,1,150,200,ridge,0.91551,0.9179493694935231
T35_C2_D80_3,T35_C2_D80,1,150,200,random_forest,0.91551,0.9207994581847491
T35_C2_D80_3,T35_C2_D80,1,200,250,persistence,0.905537,0.921492243422143
T35_C2_D80_3,T35_C2_D80,1,200,250,local_linear,0.905537,0.9073352838575194
T35_C2_D80_3,T35_C2_D80,1,200,250,ridge,0.905537,0.8997239055739946
T35_C2_D80_3,T35_C2_D80,1,200,250,random_forest,0.905537,0.8979596554342535
T35_C2_D80_3,T35_C2_D80,1,250,300,persistence,0.896521,0.9196491809522633
T35_C2_D80_3,T35_C2_D80,1,250,300,local_linear,0.896521,0.9085812947227264
T35_C2_D80_3,T35_C2_D80,1,250,300,ridge,0.896521,0.8981270605473533
T35_C2_D80_3,T35_C2_D80,1,250,300,random_forest,0.896521,0.8987354017616068
T35_C2_D80_3,T35_C2_D80,1,300,350,persistence,0.88823,0.9101628300043534
T35_C2_D80_3,T35_C2_D80,1,300,350,local_linear,0.88823,0.9017314062901713
T35_C2_D80_3,T35_C2_D80,1,300,350,ridge,0.88823,0.8902814643029272
T35_C2_D80_3,T35_C2_D80,1,300,350,random_forest,0.88823,0.8927799048099814
T35_C2_D80_3,T35_C2_D80,1,350,400,persistence,0.880513,0.9001947911611937
T35_C2_D80_3,T35_C2_D80,1,350,400,local_linear,0.880513,0.8904470962083813
T35_C2_D80_3,T35_C2_D80,1,350,400,ridge,0.880513,0.8798920426134013
T35_C2_D80_3,T35_C2_D80,1,350,400,random_forest,0.880513,0.8783868981746557
T35_C2_D80_3,T35_C2_D80,1,400,450,persistence,0.873265,0.8899328894164897
T35_C2_D80_3,T35_C2_D80,1,400,450,local_linear,0.873265,0.8825932331906811
T35_C2_D80_3,T35_C2_D80,1,400,450,ridge,0.873265,0.8721126634694478
T35_C2_D80_3,T35_C2_D80,1,400,450,random_forest,0.873265,0.8724106964225704
T35_C2_D80_3,T35_C2_D80,1,450,500,persistence,0.86641,0.8855568048163085
T35_C2_D80_3,T35_C2_D80,1,450,500,local_linear,0.86641,0.8768668392032837
T35_C2_D80_3,T35_C2_D80,1,450,500,ridge,0.86641,0.8658358194324132
T35_C2_D80_3,T35_C2_D80,1,450,500,random_forest,0.86641,0.8615535228028044
T35_C2_D80_3,T35_C2_D80,1,500,550,persistence,0.859889,0.872585943605427
T35_C2_D80_3,T35_C2_D80,1,500,550,local_linear,0.859889,0.8639040715863575
T35_C2_D80_3,T35_C2_D80,1,500,550,ridge,0.859889,0.8542063252973898
T35_C2_D80_3,T35_C2_D80,1,500,550,random_forest,0.859889,0.8537316811769134
T35_C2_D80_3,T35_C2_D80,1,550,600,persistence,0.853659,0.8700881089423006
T35_C2_D80_3,T35_C2_D80,1,550,600,local_linear,0.853659,0.861829939726845
T35_C2_D80_3,T35_C2_D80,1,550,600,ridge,0.853659,0.8519487215683159
T35_C2_D80_3,T35_C2_D80,1,550,600,random_forest,0.853659,0.8560207924072973
T35_C2_D80_3,T35_C2_D80,1,600,650,persistence,0.847684,0.8727019671458424
T35_C2_D80_3,T35_C2_D80,1,600,650,local_linear,0.847684,0.8686536278043437
T35_C2_D80_3,T35_C2_D80,1,600,650,ridge,0.847684,0.8537132399240973
T35_C2_D80_3,T35_C2_D80,1,600,650,random_forest,0.847684,0.8566223525769974
T35_C2_D80_3,T35_C2_D80,1,650,700,persistence,0.841934,0.8614153492962389
T35_C2_D80_3,T35_C2_D80,1,650,700,local_linear,0.841934,0.8542299803884412
T35_C2_D80_3,T35_C2_D80,1,650,700,ridge,0.841934,0.8427048528987018
T35_C2_D80_3,T35_C2_D80,1,650,700,random_forest,0.841934,0.8441367888667927
T35_C2_D80_3,T35_C2_D80,1,700,750,persistence,0.836386,0.8533231828585681
T35_C2_D80_3,T35_C2_D80,1,700,750,local_linear,0.836386,0.8481844120972899
T35_C2_D80_3,T35_C2_D80,1,700,750,ridge,0.836386,0.8352317917306187
T35_C2_D80_3,T35_C2_D80,1,700,750,random_forest,0.836386,0.8350230734406573
T35_C2_D80_3,T35_C2_D80,1,750,800,persistence,0.83102,0.8472447856572081
T35_C2_D80_3,T35_C2_D80,1,750,800,local_linear,0.83102,0.8396134416181391
T35_C2_D80_3,T35_C2_D80,1,750,800,ridge,0.83102,0.8283220078752502
T35_C2_D80_3,T35_C2_D80,1,750,800,random_forest,0.83102,0.8289509778077134
T35_C2_D80_3,T35_C2_D80,1,800,850,persistence,0.825819,0.8393399687069296
T35_C2_D80_3,T35_C2_D80,1,800,850,local_linear,0.825819,0.8343694478581313
T35_C2_D80_3,T35_C2_D80,1,800,850,ridge,0.825819,0.8226918290963462
T35_C2_D80_3,T35_C2_D80,1,800,850,random_forest,0.825819,0.8214287226564411
T35_C2_D80_3,T35_C2_D80,1,850,900,persistence,0.818263,0.8364731411447768
T35_C2_D80_3,T35_C2_D80,1,850,900,local_linear,0.818263,0.8315575366385003
T35_C2_D80_3,T35_C2_D80,1,850,900,ridge,0.818263,0.8187144446889808
T35_C2_D80_3,T35_C2_D80,1,850,900,random_forest,0.818263,0.8183592022447345
T35_C2_D80_3,T35_C2_D80,1,900,950,persistence,0.80844,0.830637727669451
T35_C2_D80_3,T35_C2_D80,1,900,950,local_linear,0.80844,0.8249201588680803
T35_C2_D80_3,T35_C2_D80,1,900,950,ridge,0.80844,0.8128512192837614
T35_C2_D80_3,T35_C2_D80,1,900,950,random_forest,0.80844,0.8106939469816468
T35_C2_D80_3,T35_C2_D80,1,950,1000,persistence,0.798873,0.82545233132424
T35_C2_D80_3,T35_C2_D80,1,950,1000,local_linear,0.798873,0.8167826706725182
T35_C2_D80_3,T35_C2_D80,1,950,1000,ridge,0.798873,0.8053708647054166
T35_C2_D80_3,T35_C2_D80,1,950,1000,random_forest,0.798873,0.8012721621823143
T45_C0p5_D50_0,T45_C0p5_D50,1,100,150,persistence,0.948364,0.9678578575175208
T45_C0p5_D50_0,T45_C0p5_D50,1,100,150,local_linear,0.948364,0.9508828255632427
T45_C0p5_D50_0,T45_C0p5_D50,1,100,150,ridge,0.948364,0.9456517194806875
T45_C0p5_D50_0,T45_C0p5_D50,1,100,150,random_forest,0.948364,0.9473465300047346
T45_C0p5_D50_0,T45_C0p5_D50,1,150,200,persistence,0.940376,0.9615764840659656
T45_C0p5_D50_0,T45_C0p5_D50,1,150,200,local_linear,0.940376,0.9514452387237111
T45_C0p5_D50_0,T45_C0p5_D50,1,150,200,ridge,0.940376,0.9416062028447356
T45_C0p5_D50_0,T45_C0p5_D50,1,150,200,random_forest,0.940376,0.9414440074950396
T45_C0p5_D50_0,T45_C0p5_D50,1,200,250,persistence,0.933339,0.9492275976588506
T45_C0p5_D50_0,T45_C0p5_D50,1,200,250,local_linear,0.933339,0.9408484511159895
T45_C0p5_D50_0,T45_C0p5_D50,1,200,250,ridge,0.933339,0.9308814731177442
T45_C0p5_D50_0,T45_C0p5_D50,1,200,250,random_forest,0.933339,0.9313107592197041
T45_C0p5_D50_0,T45_C0p5_D50,1,250,300,persistence,0.926976,0.943663072131979
T45_C0p5_D50_0,T45_C0p5_D50,1,250,300,local_linear,0.926976,0.935249239813681
T45_C0p5_D50_0,T45_C0p5_D50,1,250,300,ridge,0.926976,0.9259240966232357
T45_C0p5_D50_0,T45_C0p5_D50,1,250,300,random_forest,0.926976,0.9268175996182808
T45_C0p5_D50_0,T45_C0p5_D50,1,300,350,persistence,0.921125,0.9307691529073998
T45_C0p5_D50_0,T45_C0p5_D50,1,300,350,local_linear,0.921125,0.9235734716226359
T45_C0p5_D50_0,T45_C0p5_D50,1,300,350,ridge,0.921125,0.9142346557179131
T45_C0p5_D50_0,T45_C0p5_D50,1,300,350,random_forest,0.921125,0.9133918680282734
T45_C0p5_D50_0,T45_C0p5_D50,1,350,400,persistence,0.91568,0.9329892532505367
T45_C0p5_D50_0,T45_C0p5_D50,1,350,400,local_linear,0.91568,0.9285408075733664
T45_C0p5_D50_0,T45_C0p5_D50,1,350,400,ridge,0.91568,0.916603859367013
T45_C0p5_D50_0,T45_C0p5_D50,1,350,400,random_forest,0.91568,0.9191287035019842
T45_C0p5_D50_0,T45_C0p5_D50,1,400,450,persistence,0.910565,0.9217179745853792
T45_C0p5_D50_0,T45_C0p5_D50,1,400,450,local_linear,0.910565,0.9182445716172163
T45_C0p5_D50_0,T45_C0p5_D50,1,400,450,ridge,0.910565,0.9070506377063716
T45_C0p5_D50_0,T45_C0p5_D50,1,400,450,random_forest,0.910565,0.9084349941710895
T45_C0p5_D50_0,T45_C0p5_D50,1,450,500,persistence,0.905727,0.9207857089280788
T45_C0p5_D50_0,T45_C0p5_D50,1,450,500,local_linear,0.905727,0.9138545854656059
T45_C0p5_D50_0,T45_C0p5_D50,1,450,500,ridge,0.905727,0.9033440659773371
T45_C0p5_D50_0,T45_C0p5_D50,1,450,500,random_forest,0.905727,0.9046803199186055
T45_C0p5_D50_0,T45_C0p5_D50,1,500,550,persistence,0.901125,0.9133935066866443
T45_C0p5_D50_0,T45_C0p5_D50,1,500,550,local_linear,0.901125,0.908847771487406
T45_C0p5_D50_0,T45_C0p5_D50,1,500,550,ridge,0.901125,0.8984631069009705
T45_C0p5_D50_0,T45_C0p5_D50,1,500,550,random_forest,0.901125,0.9005510544568448
T45_C0p5_D50_0,T45_C0p5_D50,1,550,600,persistence,0.896729,0.9061310741636537
T45_C0p5_D50_0,T45_C0p5_D50,1,550,600,local_linear,0.896729,0.9023924714160685
T45_C0p5_D50_0,T45_C0p5_D50,1,550,600,ridge,0.896729,0.8917670194265257
T45_C0p5_D50_0,T45_C0p5_D50,1,550,600,random_forest,0.896729,0.8927220687457161
T45_C0p5_D50_0,T45_C0p5_D50,1,600,650,persistence,0.892512,0.906853112877075
T45_C0p5_D50_0,T45_C0p5_D50,1,600,650,local_linear,0.892512,0.9036478846192213
T45_C0p5_D50_0,T45_C0p5_D50,1,600,650,ridge,0.892512,0.8917410621013757
T45_C0p5_D50_0,T45_C0p5_D50,1,600,650,random_forest,0.892512,0.8928693839596864
T45_C0p5_D50_0,T45_C0p5_D50,1,650,700,persistence,0.888454,0.9014847991644906
T45_C0p5_D50_0,T45_C0p5_D50,1,650,700,local_linear,0.888454,0.896803569272491
T45_C0p5_D50_0,T45_C0p5_D50,1,650,700,ridge,0.888454,0.8861757201126906
T45_C0p5_D50_0,T45_C0p5_D50,1,650,700,random_forest,0.888454,0.8859003578742781
T45_C0p5_D50_0,T45_C0p5_D50,1,700,750,persistence,0.884539,0.9012470610403015
T45_C0p5_D50_0,T45_C0p5_D50,1,700,750,local_linear,0.884539,0.8985866852538765
T45_C0p5_D50_0,T45_C0p5_D50,1,700,750,ridge,0.884539,0.8862552943347596
T45_C0p5_D50_0,T45_C0p5_D50,1,700,750,random_forest,0.884539,0.8861157842751171
T45_C0p5_D50_0,T45_C0p5_D50,1,750,800,persistence,0.880753,0.889693922546684
T45_C0p5_D50_0,T45_C0p5_D50,1,750,800,local_linear,0.880753,0.8851410275475464
T45_C0p5_D50_0,T45_C0p5_D50,1,750,800,ridge,0.880753,0.8762385664369773
T45_C0p5_D50_0,T45_C0p5_D50,1,750,800,random_forest,0.880753,0.8764722725227726
T45_C0p5_D50_0,T45_C0p5_D50,1,800,850,persistence,0.877083,0.8884906977172727
T45_C0p5_D50_0,T45_C0p5_D50,1,800,850,local_linear,0.877083,0.8843541742132984
T45_C0p5_D50_0,T45_C0p5_D50,1,800,850,ridge,0.877083,0.8748265381521105
T45_C0p5_D50_0,T45_C0p5_D50,1,800,850,random_forest,0.877083,0.8740916816928216
T45_C0p5_D50_0,T45_C0p5_D50,1,850,900,persistence,0.873519,0.8914136308555016
T45_C0p5_D50_0,T45_C0p5_D50,1,850,900,local_linear,0.873519,0.8894657465001102
T45_C0p5_D50_0,T45_C0p5_D50,1,850,900,ridge,0.873519,0.8766718679004813
T45_C0p5_D50_0,T45_C0p5_D50,1,850,900,random_forest,0.873519,0.877341097778628
T45_C0p5_D50_0,T45_C0p5_D50,1,900,950,persistence,0.870053,0.8799985673423084
T45_C0p5_D50_0,T45_C0p5_D50,1,900,950,local_linear,0.870053,0.8761272126256483
T45_C0p5_D50_0,T45_C0p5_D50,1,900,950,ridge,0.870053,0.8666701028057853
T45_C0p5_D50_0,T45_C0p5_D50,1,900,950,random_forest,0.870053,0.8667945129437227
T45_C0p5_D50_0,T45_C0p5_D50,1,950,1000,persistence,0.866678,0.8787418773888983
T45_C0p5_D50_0,T45_C0p5_D50,1,950,1000,local_linear,0.866678,0.8761279422639692
T45_C0p5_D50_0,T45_C0p5_D50,1,950,1000,ridge,0.866678,0.8656687657436487
T45_C0p5_D50_0,T45_C0p5_D50,1,950,1000,random_forest,0.866678,0.8667203511663513
T45_C0p5_D80_1,T45_C0p5_D80,1,100,150,persistence,0.926964,0.9539726323760073
T45_C0p5_D80_1,T45_C0p5_D80,1,100,150,local_linear,0.926964,0.9297060673807934
T45_C0p5_D80_1,T45_C0p5_D80,1,100,150,ridge,0.926964,0.9244349863235783
T45_C0p5_D80_1,T45_C0p5_D80,1,100,150,random_forest,0.926964,0.9269700804226677
T45_C0p5_D80_1,T45_C0p5_D80,1,150,200,persistence,0.915665,0.9357238963136314
T45_C0p5_D80_1,T45_C0p5_D80,1,150,200,local_linear,0.915665,0.9197419621519065
T45_C0p5_D80_1,T45_C0p5_D80,1,150,200,ridge,0.915665,0.9117683844829205
T45_C0p5_D80_1,T45_C0p5_D80,1,150,200,random_forest,0.915665,0.9129024024709315
T45_C0p5_D80_1,T45_C0p5_D80,1,200,250,persistence,0.905711,0.9301322872535472
T45_C0p5_D80_1,T45_C0p5_D80,1,200,250,local_linear,0.905711,0.9184451543415172
T45_C0p5_D80_1,T45_C0p5_D80,1,200,250,ridge,0.905711,0.9074822966479941
T45_C0p5_D80_1,T45_C0p5_D80,1,200,250,random_forest,0.905711,0.9103018456707703
T45_C0p5_D80_1,T45_C0p5_D80,1,250,300,persistence,0.896711,0.9202185464246748
T45_C0p5_D80_1,T45_C0p5_D80,1,250,300,local_linear,0.896711,0.9102806137728956
T45_C0p5_D80_1,T45_C0p5_D80,1,250,300,ridge,0.896711,0.8981026434066948
T45_C0p5_D80_1,T45_C0p5_D80,1,250,300,random_forest,0.896711,0.8994628999116161
T45_C0p5_D80_1,T45_C0p5_D80,1,300,350,persistence,0.888435,0.9076462418540087
T45_C0p5_D80_1,T45_C0p5_D80,1,300,350,local_linear,0.888435,0.8967259968053101
T45_C0p5_D80_1,T45_C0p5_D80,1,300,350,ridge,0.888435,0.8863675832822158
T45_C0p5_D80_1,T45_C0p5_D80,1,300,350,random_forest,0.888435,0.8871618086607145
T45_C0p5_D80_1,T45_C0p5_D80,1,350,400,persistence,0.880732,0.8983300702906334
T45_C0p5_D80_1,T45_C0p5_D80,1,350,400,local_linear,0.880732,0.89025213789205
T45_C0p5_D80_1,T45_C0p5_D80,1,350,400,ridge,0.880732,0.8782032829822357
T45_C0p5_D80_1,T45_C0p5_D80,1,350,400,random_forest,0.880732,0.8793272864265939
T45_C0p5_D80_1,T45_C0p5_D80,1,400,450,persistence,0.873497,0.8928995285445351
T45_C0p5_D80_1,T45_C0p5_D80,1,400,450,local_linear,0.873497,0.8849495565274457
T45_C0p5_D80_1,T45_C0p5_D80,1,400,450,ridge,0.873497,0.8726858503659528
T45_C0p5_D80_1,T45_C0p5_D80,1,400,450,random_forest,0.873497,0.8764095530025704
T45_C0p5_D80_1,T45_C0p5_D80,1,450,500,persistence,0.866655,0.881150668703358
T45_C0p5_D80_1,T45_C0p5_D80,1,450,500,local_linear,0.866655,0.8735987949678203
T45_C0p5_D80_1,T45_C0p5_D80,1,450,500,ridge,0.866655,0.8608905292381926
T45_C0p5_D80_1,T45_C0p5_D80,1,450,500,random_forest,0.866655,0.8603414917642944
T45_C0p5_D80_1,T45_C0p5_D80,1,500,550,persistence,0.860146,0.8801232689135556
T45_C0p5_D80_1,T45_C0p5_D80,1,500,550,local_linear,0.860146,0.873808744761993
T45_C0p5_D80_1,T45_C0p5_D80,1,500,550,ridge,0.860146,0.8604609517947919
T45_C0p5_D80_1,T45_C0p5_D80,1,500,550,random_forest,0.860146,0.8649240788007306
T45_C0p5_D80_1,T45_C0p5_D80,1,550,600,persistence,0.853927,0.8671778409498396
T45_C0p5_D80_1,T45_C0p5_D80,1,550,600,local_linear,0.853927,0.8587779935305068
T45_C0p5_D80_1,T45_C0p5_D80,1,550,600,ridge,0.853927,0.8472882323240518
T45_C0p5_D80_1,T45_C0p5_D80,1,550,600,random_forest,0.853927,0.8466690486023174
T45_C0p5_D80_1,T45_C0p5_D80,1,600,650,persistence,0.847963,0.8632598070575598
T45_C0p5_D80_1,T45_C0p5_D80,1,600,650,local_linear,0.847963,0.8569162374203495
T45_C0p5_D80_1,T45_C0p5_D80,1,600,650,ridge,0.847963,0.8431396500244769
T45_C0p5_D80_1,T45_C0p5_D80,1,600,650,random_forest,0.847963,0.8447682176262624
T45_C0p5_D80_1,T45_C0p5_D80,1,650,700,persistence,0.842224,0.8613188982709804
T45_C0p5_D80_1,T45_C0p5_D80,1,650,700,local_linear,0.842224,0.8537770861491376
T45_C0p5_D80_1,T45_C0p5_D80,1,650,700,ridge,0.842224,0.8407808198590487
T45_C0p5_D80_1,T45_C0p5_D80,1,650,700,random_forest,0.842224,0.8442864986604889
T45_C0p5_D80_1,T45_C0p5_D80,1,700,750,persistence,0.836686,0.8528390377609927
T45_C0p5_D80_1,T45_C0p5_D80,1,700,750,local_linear,0.836686,0.8475423496190966
T45_C0p5_D80_1,T45_C0p5_D80,1,700,750,ridge,0.836686,0.8324493436805415
T45_C0p5_D80_1,T45_C0p5_D80,1,700,750,random_forest,0.836686,0.8340389973315228
T45_C0p5_D80_1,T45_C0p5_D80,1,750,800,persistence,0.83133,0.8492946037922774
T45_C0p5_D80_1,T45_C0p5_D80,1,750,800,local_linear,0.83133,0.8454106134515721
T45_C0p5_D80_1,T45_C0p5_D80,1,750,800,ridge,0.83133,0.8301953051393888
T45_C0p5_D80_1,T45_C0p5_D80,1,750,800,random_forest,0.83133,0.8314487171216113
T45_C0p5_D80_1,T45_C0p5_D80,1,800,850,persistence,0.826139,0.8431597499453776
T45_C0p5_D80_1,T45_C0p5_D80,1,800,850,local_linear,0.826139,0.8389465114755814
T45_C0p5_D80_1,T45_C0p5_D80,1,800,850,ridge,0.826139,0.8234582228311643
T45_C0p5_D80_1,T45_C0p5_D80,1,800,850,random_forest,0.826139,0.8269363618175058
T45_C0p5_D80_1,T45_C0p5_D80,1,850,900,persistence,0.818596,0.8343787221500675
T45_C0p5_D80_1,T45_C0p5_D80,1,850,900,local_linear,0.818596,0.8266129408292654
T45_C0p5_D80_1,T45_C0p5_D80,1,850,900,ridge,0.818596,0.814903915336378
T45_C0p5_D80_1,T45_C0p5_D80,1,850,900,random_forest,0.818596,0.8167407842829737
T45_C0p5_D80_1,T45_C0p5_D80,1,900,950,persistence,0.808791,0.8296639292371245
T45_C0p5_D80_1,T45_C0p5_D80,1,900,950,local_linear,0.808791,0.8243484642488339
T45_C0p5_D80_1,T45_C0p5_D80,1,900,950,ridge,0.808791,0.8102573129971083
T45_C0p5_D80_1,T45_C0p5_D80,1,900,950,random_forest,0.808791,0.8091620173791488
T45_C0p5_D80_1,T45_C0p5_D80,1,950,1000,persistence,0.799242,0.8158550279806804
T45_C0p5_D80_1,T45_C0p5_D80,1,950,1000,local_linear,0.799242,0.8055515020616093
T45_C0p5_D80_1,T45_C0p5_D80,1,950,1000,ridge,0.799242,0.7958108199981386
T45_C0p5_D80_1,T45_C0p5_D80,1,950,1000,random_forest,0.799242,0.7936467904554474
T45_C1_D100_2,T45_C1_D100,1,100,150,persistence,0.904675,0.9354495596772833
T45_C1_D100_2,T45_C1_D100,1,100,150,local_linear,0.904675,0.9032743910867475
T45_C1_D100_2,T45_C1_D100,1,100,150,ridge,0.904675,0.9010286565931561
T45_C1_D100_2,T45_C1_D100,1,100,150,random_forest,0.904675,0.9068134377570345
T45_C1_D100_2,T45_C1_D100,1,150,200,persistence,0.889928,0.92353363086798
T45_C1_D100_2,T45_C1_D100,1,150,200,local_linear,0.889928,0.9023362336606873
T45_C1_D100_2,T45_C1_D100,1,150,200,ridge,0.889928,0.8944491626122615
T45_C1_D100_2,T45_C1_D100,1,150,200,random_forest,0.889928,0.8955740479750629
T45_C1_D100_2,T45_C1_D100,1,200,250,persistence,0.876936,0.9075423482248715
T45_C1_D100_2,T45_C1_D100,1,200,250,local_linear,0.876936,0.8917899538803171
T45_C1_D100_2,T45_C1_D100,1,200,250,ridge,0.876936,0.8810577515223111
T45_C1_D100_2,T45_C1_D100,1,200,250,random_forest,0.876936,0.882322130603581
T45_C1_D100_2,T45_C1_D100,1,250,300,persistence,0.86519,0.8903657279195379
T45_C1_D100_2,T45_C1_D100,1,250,300,local_linear,0.86519,0.8769455094348422
T45_C1_D100_2,T45_C1_D100,1,250,300,ridge,0.86519,0.8649349480880305
T45_C1_D100_2,T45_C1_D100,1,250,300,random_forest,0.86519,0.8656086808706043
T45_C1_D100_2,T45_C1_D100,1,300,350,persistence,0.854389,0.8776555440292492
T45_C1_D100_2,T45_C1_D100,1,300,350,local_linear,0.854389,0.8625721567174356
T45_C1_D100_2,T45_C1_D100,1,300,350,ridge,0.854389,0.8526885160430059
T45_C1_D100_2,T45_C1_D100,1,300,350,random_forest,0.854389,0.8550878892299192
T45_C1_D100_2,T45_C1_D100,1,350,400,persistence,0.844335,0.8736506271119576
T45_C1_D100_2,T45_C1_D100,1,350,400,local_linear,0.844335,0.8628442534557051
T45_C1_D100_2,T45_C1_D100,1,350,400,ridge,0.844335,0.8472916508422551
T45_C1_D100_2,T45_C1_D100,1,350,400,random_forest,0.844335,0.8493662875783509
T45_C1_D100_2,T45_C1_D100,1,400,450,persistence,0.834892,0.8550983843400863
T45_C1_D100_2,T45_C1_D100,1,400,450,local_linear,0.834892,0.8442482170401594
T45_C1_D100_2,T45_C1_D100,1,400,450,ridge,0.834892,0.832040266973626
T45_C1_D100_2,T45_C1_D100,1,400,450,random_forest,0.834892,0.8359310851796987
T45_C1_D100_2,T45_C1_D100,1,450,500,persistence,0.825961,0.8423093531551928
T45_C1_D100_2,T45_C1_D100,1,450,500,local_linear,0.825961,0.8317332601237426
T45_C1_D100_2,T45_C1_D100,1,450,500,ridge,0.825961,0.8196621411011039
T45_C1_D100_2,T45_C1_D100,1,450,500,random_forest,0.825961,0.81974473462527
T45_C1_D100_2,T45_C1_D100,1,500,550,persistence,0.817466,0.8401562963638519
T45_C1_D100_2,T45_C1_D100,1,500,550,local_linear,0.817466,0.8318148414851525
T45_C1_D100_2,T45_C1_D100,1,500,550,ridge,0.817466,0.8173852930884331
T45_C1_D100_2,T45_C1_D100,1,500,550,random_forest,0.817466,0.8163681202453104
T45_C1_D100_2,T45_C1_D100,1,550,600,persistence,0.80935,0.8423314303976821
T45_C1_D100_2,T45_C1_D100,1,550,600,local_linear,0.80935,0.8336149521105958
T45_C1_D100_2,T45_C1_D100,1,550,600,ridge,0.80935,0.8183657985581877
T45_C1_D100_2,T45_C1_D100,1,550,600,random_forest,0.80935,0.8201620400825217
T45_C1_D100_2,T45_C1_D100,1,600,650,persistence,0.801565,0.828832247912715
T45_C1_D100_2,T45_C1_D100,1,600,650,local_linear,0.801565,0.8215490588853904
T45_C1_D100_2,T45_C1_D100,1,600,650,ridge,0.801565,0.8059583117644455
T45_C1_D100_2,T45_C1_D100,1,600,650,random_forest,0.801565,0.8072745137219555
T45_C1_D100_2,T45_C1_D100,1,650,700,persistence,0.794074,0.8150408047890796
T45_C1_D100_2,T45_C1_D100,1,650,700,local_linear,0.794074,0.804358336277354
T45_C1_D100_2,T45_C1_D100,1,650,700,ridge,0.794074,0.7915079330748647
T45_C1_D100_2,T45_C1_D100,1,650,700,random_forest,0.794074,0.7920700046931368
T45_C1_D100_2,T45_C1_D100,1,700,750,persistence,0.779619,0.807683826553824
T45_C1_D100_2,T45_C1_D100,1,700,750,local_linear,0.779619,0.80113086440917
T45_C1_D100_2,T45_C1_D100,1,700,750,ridge,0.779619,0.786124989238944
T45_C1_D100_2,T45_C1_D100,1,700,750,random_forest,0.779619,0.7880285265316109
T45_C1_D100_2,T45_C1_D100,1,750,800,persistence,0.765638,0.7998238025789899
T45_C1_D100_2,T45_C1_D100,1,750,800,local_linear,0.765638,0.7892673924313397
T45_C1_D100_2,T45_C1_D100,1,750,800,ridge,0.765638,0.7758229982272402
T45_C1_D100_2,T45_C1_D100,1,750,800,random_forest,0.765638,0.774377975267857
T45_C1_D100_2,T45_C1_D100,1,800,850,persistence,0.752088,0.777085294112236
T45_C1_D100_2,T45_C1_D100,1,800,850,local_linear,0.752088,0.7623241593760091
T45_C1_D100_2,T45_C1_D100,1,800,850,ridge,0.752088,0.7522224272167857
T45_C1_D100_2,T45_C1_D100,1,800,850,random_forest,0.752088,0.7473029548711188
T45_C1_D100_2,T45_C1_D100,1,850,900,persistence,0.73893,0.7673939103080486
T45_C1_D100_2,T45_C1_D100,1,850,900,local_linear,0.73893,0.7533472342572544
T45_C1_D100_2,T45_C1_D100,1,850,900,ridge,0.73893,0.7438900928480299
T45_C1_D100_2,T45_C1_D100,1,850,900,random_forest,0.73893,0.7411547722997835
T45_C1_D100_2,T45_C1_D100,1,900,950,persistence,0.726133,0.7539168050655708
T45_C1_D100_2,T45_C1_D100,1,900,950,local_linear,0.726133,0.7402394797392158
T45_C1_D100_2,T45_C1_D100,1,900,950,ridge,0.726133,0.7292301289683006
T45_C1_D100_2,T45_C1_D100,1,900,950,random_forest,0.726133,0.7231067719611295
T45_C1_D100_2,T45_C1_D100,1,950,1000,persistence,0.713669,0.738237757709097
T45_C1_D100_2,T45_C1_D100,1,950,1000,local_linear,0.713669,0.7249503764528911
T45_C1_D100_2,T45_C1_D100,1,950,1000,ridge,0.713669,0.7142958892824829
T45_C1_D100_2,T45_C1_D100,1,950,1000,random_forest,0.713669,0.7117989179245585
T45_C1_D50_3,T45_C1_D50,1,100,150,persistence,0.940625,0.9676516033823616
T45_C1_D50_3,T45_C1_D50,1,100,150,local_linear,0.940625,0.9514260449361021
T45_C1_D50_3,T45_C1_D50,1,100,150,ridge,0.940625,0.945304906356181
T45_C1_D50_3,T45_C1_D50,1,100,150,random_forest,0.940625,0.946927224907558
T45_C1_D50_3,T45_C1_D50,1,150,200,persistence,0.931439,0.9484228414820071
T45_C1_D50_3,T45_C1_D50,1,150,200,local_linear,0.931439,0.9357065094954035
T45_C1_D50_3,T45_C1_D50,1,150,200,ridge,0.931439,0.9292206844731186
T45_C1_D50_3,T45_C1_D50,1,150,200,random_forest,0.931439,0.9322047562292575
T45_C1_D50_3,T45_C1_D50,1,200,250,persistence,0.923347,0.9419270411534377
T45_C1_D50_3,T45_C1_D50,1,200,250,local_linear,0.923347,0.9312930433826859
T45_C1_D50_3,T45_C1_D50,1,200,250,ridge,0.923347,0.9237425407840121
T45_C1_D50_3,T45_C1_D50,1,200,250,random_forest,0.923347,0.9269736116979892
T45_C1_D50_3,T45_C1_D50,1,250,300,persistence,0.91603,0.9287251355541328
T45_C1_D50_3,T45_C1_D50,1,250,300,local_linear,0.91603,0.9198216342347214
T45_C1_D50_3,T45_C1_D50,1,250,300,ridge,0.91603,0.9124061169815187
T45_C1_D50_3,T45_C1_D50,1,250,300,random_forest,0.91603,0.9132653713212134
T45_C1_D50_3,T45_C1_D50,1,300,350,persistence,0.909302,0.9271403926892038
T45_C1_D50_3,T45_C1_D50,1,300,350,local_linear,0.909302,0.9196328754145265
T45_C1_D50_3,T45_C1_D50,1,300,350,ridge,0.909302,0.9103372360661103
T45_C1_D50_3,T45_C1_D50,1,300,350,random_forest,0.909302,0.9121621441774896
T45_C1_D50_3,T45_C1_D50,1,350,400,persistence,0.90304,0.9201833612283042
T45_C1_D50_3,T45_C1_D50,1,350,400,local_linear,0.90304,0.9129036570675956
T45_C1_D50_3,T45_C1_D50,1,350,400,ridge,0.90304,0.9047771704418582
T45_C1_D50_3,T45_C1_D50,1,350,400,random_forest,0.90304,0.9091086894829992
T45_C1_D50_3,T45_C1_D50,1,400,450,persistence,0.897159,0.913897865841901
T45_C1_D50_3,T45_C1_D50,1,400,450,local_linear,0.897159,0.9069658450191698
T45_C1_D50_3,T45_C1_D50,1,400,450,ridge,0.897159,0.8987530332109154
T45_C1_D50_3,T45_C1_D50,1,400,450,random_forest,0.897159,0.9008623284063845
T45_C1_D50_3,T45_C1_D50,1,450,500,persistence,0.891596,0.9031502034918848
T45_C1_D50_3,T45_C1_D50,1,450,500,local_linear,0.891596,0.8964109635493641
T45_C1_D50_3,T45_C1_D50,1,450,500,ridge,0.891596,0.8894527725005379
T45_C1_D50_3,T45_C1_D50,1,450,500,random_forest,0.891596,0.8917899480535262
T45_C1_D50_3,T45_C1_D50,1,500,550,persistence,0.886305,0.9016425895788501
T45_C1_D50_3,T45_C1_D50,1,500,550,local_linear,0.886305,0.8948006066832686
T45_C1_D50_3,T45_C1_D50,1,500,550,ridge,0.886305,0.8860057726918308
T45_C1_D50_3,T45_C1_D50,1,500,550,random_forest,0.886305,0.8838471629099031
T45_C1_D50_3,T45_C1_D50,1,550,600,persistence,0.881249,0.9032365879180068
T45_C1_D50_3,T45_C1_D50,1,550,600,local_linear,0.881249,0.8990749938452461
T45_C1_D50_3,T45_C1_D50,1,550,600,ridge,0.881249,0.8888153280157283
T45_C1_D50_3,T45_C1_D50,1,550,600,random_forest,0.881249,0.8908322467821067
T45_C1_D50_3,T45_C1_D50,1,600,650,persistence,0.8764,0.8952876781357417
T45_C1_D50_3,T45_C1_D50,1,600,650,local_linear,0.8764,0.8888807734945784
T45_C1_D50_3,T45_C1_D50,1,600,650,ridge,0.8764,0.8802473056422762
T45_C1_D50_3,T45_C1_D50,1,600,650,random_forest,0.8764,0.8786821410536166
T45_C1_D50_3,T45_C1_D50,1,650,700,persistence,0.871734,0.8870271673878223
T45_C1_D50_3,T45_C1_D50,1,650,700,local_linear,0.871734,0.882593923125508
T45_C1_D50_3,T45_C1_D50,1,650,700,ridge,0.871734,0.874685959841866
T45_C1_D50_3,T45_C1_D50,1,650,700,random_forest,0.871734,0.8737781993075673
T45_C1_D50_3,T45_C1_D50,1,700,750,persistence,0.867232,0.8749210070984346
T45_C1_D50_3,T45_C1_D50,1,700,750,local_linear,0.867232,0.8709806892700562
T45_C1_D50_3,T45_C1_D50,1,700,750,ridge,0.867232,0.8630604916463942
T45_C1_D50_3,T45_C1_D50,1,700,750,random_forest,0.867232,0.862142303203463
T45_C1_D50_3,T45_C1_D50,1,750,800,persistence,0.862878,0.8748963258338283
T45_C1_D50_3,T45_C1_D50,1,750,800,local_linear,0.862878,0.8708914907441011
T45_C1_D50_3,T45_C1_D50,1,750,800,ridge,0.862878,0.8630703710632153
T45_C1_D50_3,T45_C1_D50,1,750,800,random_forest,0.862878,0.8632365753348209
T45_C1_D50_3,T45_C1_D50,1,800,850,persistence,0.858658,0.870668630883975
T45_C1_D50_3,T45_C1_D50,1,800,850,local_linear,0.858658,0.864076435795647
T45_C1_D50_3,T45_C1_D50,1,800,850,ridge,0.858658,0.8567356595522194
T45_C1_D50_3,T45_C1_D50,1,800,850,random_forest,0.858658,0.8571216923345057
T45_C1_D50_3,T45_C1_D50,1,850,900,persistence,0.85456,0.8701703778547353
T45_C1_D50_3,T45_C1_D50,1,850,900,local_linear,0.85456,0.8663689624884063
T45_C1_D50_3,T45_C1_D50,1,850,900,ridge,0.85456,0.8577906092634031
T45_C1_D50_3,T45_C1_D50,1,850,900,random_forest,0.85456,0.8587526237729977
T45_C1_D50_3,T45_C1_D50,1,900,950,persistence,0.850575,0.8659354842027052
T45_C1_D50_3,T45_C1_D50,1,900,950,local_linear,0.850575,0.862444109635833
T45_C1_D50_3,T45_C1_D50,1,900,950,ridge,0.850575,0.85362467978376
T45_C1_D50_3,T45_C1_D50,1,900,950,random_forest,0.850575,0.8517610638944213
T45_C1_D50_3,T45_C1_D50,1,950,1000,persistence,0.846693,0.8617268143943192
T45_C1_D50_3,T45_C1_D50,1,950,1000,local_linear,0.846693,0.8582734743745019
T45_C1_D50_3,T45_C1_D50,1,950,1000,ridge,0.846693,0.8507516856591113
T45_C1_D50_3,T45_C1_D50,1,950,1000,random_forest,0.846693,0.8491847912365582
T45_C2_D100_0,T45_C2_D100,1,100,150,persistence,0.894994,0.928004334686345
T45_C2_D100_0,T45_C2_D100,1,100,150,local_linear,0.894994,0.8915080951819717
T45_C2_D100_0,T45_C2_D100,1,100,150,ridge,0.894994,0.8876949991796206
T45_C2_D100_0,T45_C2_D100,1,100,150,random_forest,0.894994,0.8960147286142679
T45_C2_D100_0,T45_C2_D100,1,150,200,persistence,0.87875,0.9109635154618106
T45_C2_D100_0,T45_C2_D100,1,150,200,local_linear,0.87875,0.8890584251010695
T45_C2_D100_0,T45_C2_D100,1,150,200,ridge,0.87875,0.8779887924086369
T45_C2_D100_0,T45_C2_D100,1,150,200,random_forest,0.87875,0.8804055111016416
T45_C2_D100_0,T45_C2_D100,1,200,250,persistence,0.864438,0.8980919918006267
T45_C2_D100_0,T45_C2_D100,1,200,250,local_linear,0.864438,0.8811090315562321
T45_C2_D100_0,T45_C2_D100,1,200,250,ridge,0.864438,0.8658960264625357
T45_C2_D100_0,T45_C2_D100,1,200,250,random_forest,0.864438,0.8662295706870037
T45_C2_D100_0,T45_C2_D100,1,250,300,persistence,0.851499,0.8796211270295872
T45_C2_D100_0,T45_C2_D100,1,250,300,local_linear,0.851499,0.8628604047220014
T45_C2_D100_0,T45_C2_D100,1,250,300,ridge,0.851499,0.8492556327995638
T45_C2_D100_0,T45_C2_D100,1,250,300,random_forest,0.851499,0.8491364930828373
T45_C2_D100_0,T45_C2_D100,1,300,350,persistence,0.839601,0.873218777478119
T45_C2_D100_0,T45_C2_D100,1,300,350,local_linear,0.839601,0.8627257701788513
T45_C2_D100_0,T45_C2_D100,1,300,350,ridge,0.839601,0.8441546309131001
T45_C2_D100_0,T45_C2_D100,1,300,350,random_forest,0.839601,0.8485631519943866
T45_C2_D100_0,T45_C2_D100,1,350,400,persistence,0.828526,0.8487698991004857
T45_C2_D100_0,T45_C2_D100,1,350,400,local_linear,0.828526,0.8349045935434747
T45_C2_D100_0,T45_C2_D100,1,350,400,ridge,0.828526,0.8213524422331263
T45_C2_D100_0,T45_C2_D100,1,350,400,random_forest,0.828526,0.8233982007661437
T45_C2_D100_0,T45_C2_D100,1,400,450,persistence,0.818125,0.8401512017004623
T45_C2_D100_0,T45_C2_D100,1,400,450,local_linear,0.818125,0.827377675695908
T45_C2_D100_0,T45_C2_D100,1,400,450,ridge,0.818125,0.8131499021503554
T45_C2_D100_0,T45_C2_D100,1,400,450,random_forest,0.818125,0.813652626847319
T45_C2_D100_0,T45_C2_D100,1,450,500,persistence,0.808286,0.8314534285731787
T45_C2_D100_0,T45_C2_D100,1,450,500,local_linear,0.808286,0.8202073230716678
T45_C2_D100_0,T45_C2_D100,1,450,500,ridge,0.808286,0.8037612052314009
T45_C2_D100_0,T45_C2_D100,1,450,500,random_forest,0.808286,0.8058426070866114
T45_C2_D100_0,T45_C2_D100,1,500,550,persistence,0.798929,0.8334241961701732
T45_C2_D100_0,T45_C2_D100,1,500,550,local_linear,0.798929,0.823919866697751
T45_C2_D100_0,T45_C2_D100,1,500,550,ridge,0.798929,0.803162839723505
T45_C2_D100_0,T45_C2_D100,1,500,550,random_forest,0.798929,0.8087064024655032
T45_C2_D100_0,T45_C2_D100,1,550,600,persistence,0.789988,0.8266014087730621
T45_C2_D100_0,T45_C2_D100,1,550,600,local_linear,0.789988,0.8168600392463357
T45_C2_D100_0,T45_C2_D100,1,550,600,ridge,0.789988,0.7982545122203036
T45_C2_D100_0,T45_C2_D100,1,550,600,random_forest,0.789988,0.8026357315460408
T45_C2_D100_0,T45_C2_D100,1,600,650,persistence,0.781413,0.8039857507766962
T45_C2_D100_0,T45_C2_D100,1,600,650,local_linear,0.781413,0.7955230298084423
T45_C2_D100_0,T45_C2_D100,1,600,650,ridge,0.781413,0.7763453999273331
T45_C2_D100_0,T45_C2_D100,1,600,650,random_forest,0.781413,0.775119578252841
T45_C2_D100_0,T45_C2_D100,1,650,700,persistence,0.773161,0.8025824350534904
T45_C2_D100_0,T45_C2_D100,1,650,700,local_linear,0.773161,0.7953830161857527
T45_C2_D100_0,T45_C2_D100,1,650,700,ridge,0.773161,0.7763170924856349
T45_C2_D100_0,T45_C2_D100,1,650,700,random_forest,0.773161,0.7745071601391147
T45_C2_D100_0,T45_C2_D100,1,700,750,persistence,0.757238,0.7896446437053772
T45_C2_D100_0,T45_C2_D100,1,700,750,local_linear,0.757238,0.7814333218177926
T45_C2_D100_0,T45_C2_D100,1,700,750,ridge,0.757238,0.7627100871380653
T45_C2_D100_0,T45_C2_D100,1,700,750,random_forest,0.757238,0.7612123492361109
T45_C2_D100_0,T45_C2_D100,1,750,800,persistence,0.741837,0.7687580711536759
T45_C2_D100_0,T45_C2_D100,1,750,800,local_linear,0.741837,0.7552271505334487
T45_C2_D100_0,T45_C2_D100,1,750,800,ridge,0.741837,0.7410352197381946
T45_C2_D100_0,T45_C2_D100,1,750,800,random_forest,0.741837,0.7373761052110388
T45_C2_D100_0,T45_C2_D100,1,800,850,persistence,0.726911,0.7555407304035591
T45_C2_D100_0,T45_C2_D100,1,800,850,local_linear,0.726911,0.7385037718527605
T45_C2_D100_0,T45_C2_D100,1,800,850,ridge,0.726911,0.7262931619408177
T45_C2_D100_0,T45_C2_D100,1,800,850,random_forest,0.726911,0.7255426746070077
T45_C2_D100_0,T45_C2_D100,1,850,900,persistence,0.712417,0.7436582102044442
T45_C2_D100_0,T45_C2_D100,1,850,900,local_linear,0.712417,0.7282253980975024
T45_C2_D100_0,T45_C2_D100,1,850,900,ridge,0.712417,0.7140479049277707
T45_C2_D100_0,T45_C2_D100,1,850,900,random_forest,0.712417,0.7098566034512535
T45_C2_D100_0,T45_C2_D100,1,900,950,persistence,0.698321,0.7286310376684466
T45_C2_D100_0,T45_C2_D100,1,900,950,local_linear,0.698321,0.715357789410438
T45_C2_D100_0,T45_C2_D100,1,900,950,ridge,0.698321,0.7004148742462202
T45_C2_D100_0,T45_C2_D100,1,900,950,random_forest,0.698321,0.6932923906308622
T45_C2_D100_0,T45_C2_D100,1,950,1000,persistence,0.684591,0.7151001783658834
T45_C2_D100_0,T45_C2_D100,1,950,1000,local_linear,0.684591,0.7014994870992105
T45_C2_D100_0,T45_C2_D100,1,950,1000,ridge,0.684591,0.6866776085852608
T45_C2_D100_0,T45_C2_D100,1,950,1000,random_forest,0.684591,0.6865031837781835
T45_C2_D50_1,T45_C2_D50,1,100,150,persistence,0.937683,0.9618231073064705
T45_C2_D50_1,T45_C2_D50,1,100,150,local_linear,0.937683,0.940211390899
T45_C2_D50_1,T45_C2_D50,1,100,150,ridge,0.937683,0.9369016768038791
T45_C2_D50_1,T45_C2_D50,1,100,150,random_forest,0.937683,0.9399389333730156
T45_C2_D50_1,T45_C2_D50,1,150,200,persistence,0.928042,0.9457256414991074
T45_C2_D50_1,T45_C2_D50,1,150,200,local_linear,0.928042,0.9333235271105916
T45_C2_D50_1,T45_C2_D50,1,150,200,ridge,0.928042,0.9253495732052696
T45_C2_D50_1,T45_C2_D50,1,150,200,random_forest,0.928042,0.9285885773092533
T45_C2_D50_1,T45_C2_D50,1,200,250,persistence,0.919549,0.9371699466503249
T45_C2_D50_1,T45_C2_D50,1,200,250,local_linear,0.919549,0.9259859171845479
T45_C2_D50_1,T45_C2_D50,1,200,250,ridge,0.919549,0.9185154199925268
T45_C2_D50_1,T45_C2_D50,1,200,250,random_forest,0.919549,0.9221388112217468
T45_C2_D50_1,T45_C2_D50,1,250,300,persistence,0.91187,0.9260618787876774
T45_C2_D50_1,T45_C2_D50,1,250,300,local_linear,0.91187,0.9166450730906305
T45_C2_D50_1,T45_C2_D50,1,250,300,ridge,0.91187,0.9094767046734048
T45_C2_D50_1,T45_C2_D50,1,250,300,random_forest,0.91187,0.912624992173296
T45_C2_D50_1,T45_C2_D50,1,300,350,persistence,0.904809,0.9226251704707009
T45_C2_D50_1,T45_C2_D50,1,300,350,local_linear,0.904809,0.9153147894024753
T45_C2_D50_1,T45_C2_D50,1,300,350,ridge,0.904809,0.9061043178528032
T45_C2_D50_1,T45_C2_D50,1,300,350,random_forest,0.904809,0.9110648091052003
T45_C2_D50_1,T45_C2_D50,1,350,400,persistence,0.898237,0.9166826081198405
T45_C2_D50_1,T45_C2_D50,1,350,400,local_linear,0.898237,0.9106994313500397
T45_C2_D50_1,T45_C2_D50,1,350,400,ridge,0.898237,0.9000395650241809
T45_C2_D50_1,T45_C2_D50,1,350,400,random_forest,0.898237,0.9036153548756278
T45_C2_D50_1,T45_C2_D50,1,400,450,persistence,0.892064,0.9071604577277758
T45_C2_D50_1,T45_C2_D50,1,400,450,local_linear,0.892064,0.8991952779446681
T45_C2_D50_1,T45_C2_D50,1,400,450,ridge,0.892064,0.891429265881759
T45_C2_D50_1,T45_C2_D50,1,400,450,random_forest,0.892064,0.8935971294085603
T45_C2_D50_1,T45_C2_D50,1,450,500,persistence,0.886225,0.9025213761833266
T45_C2_D50_1,T45_C2_D50,1,450,500,local_linear,0.886225,0.8981616295534912
T45_C2_D50_1,T45_C2_D50,1,450,500,ridge,0.886225,0.8883146437199905
T45_C2_D50_1,T45_C2_D50,1,450,500,random_forest,0.886225,0.8899808548987641
T45_C2_D50_1,T45_C2_D50,1,500,550,persistence,0.880672,0.89411568131081
T45_C2_D50_1,T45_C2_D50,1,500,550,local_linear,0.880672,0.8876493709085139
T45_C2_D50_1,T45_C2_D50,1,500,550,ridge,0.880672,0.8783472986837675
T45_C2_D50_1,T45_C2_D50,1,500,550,random_forest,0.880672,0.8794997094491788
T45_C2_D50_1,T45_C2_D50,1,550,600,persistence,0.875366,0.8908536565104975
T45_C2_D50_1,T45_C2_D50,1,550,600,local_linear,0.875366,0.8859931816275644
T45_C2_D50_1,T45_C2_D50,1,550,600,ridge,0.875366,0.8769357790578047
T45_C2_D50_1,T45_C2_D50,1,550,600,random_forest,0.875366,0.8788442629358318
T45_C2_D50_1,T45_C2_D50,1,600,650,persistence,0.870277,0.8815674238026229
T45_C2_D50_1,T45_C2_D50,1,600,650,local_linear,0.870277,0.8768005625383927
T45_C2_D50_1,T45_C2_D50,1,600,650,ridge,0.870277,0.8670896980908802
T45_C2_D50_1,T45_C2_D50,1,600,650,random_forest,0.870277,0.8672189540685876
T45_C2_D50_1,T45_C2_D50,1,650,700,persistence,0.86538,0.8762196398386647
T45_C2_D50_1,T45_C2_D50,1,650,700,local_linear,0.86538,0.8695815170924437
T45_C2_D50_1,T45_C2_D50,1,650,700,ridge,0.86538,0.8614413267596261
T45_C2_D50_1,T45_C2_D50,1,650,700,random_forest,0.86538,0.8640286612285637
T45_C2_D50_1,T45_C2_D50,1,700,750,persistence,0.860655,0.8802364113549983
T45_C2_D50_1,T45_C2_D50,1,700,750,local_linear,0.860655,0.8752120634334728
T45_C2_D50_1,T45_C2_D50,1,700,750,ridge,0.860655,0.8655886705474396
T45_C2_D50_1,T45_C2_D50,1,700,750,random_forest,0.860655,0.8671530350455277
T45_C2_D50_1,T45_C2_D50,1,750,800,persistence,0.856085,0.8704992293513878
T45_C2_D50_1,T45_C2_D50,1,750,800,local_linear,0.856085,0.8654090333048349
T45_C2_D50_1,T45_C2_D50,1,750,800,ridge,0.856085,0.8563188816446268
T45_C2_D50_1,T45_C2_D50,1,750,800,random_forest,0.856085,0.8597967102746205
T45_C2_D50_1,T45_C2_D50,1,800,850,persistence,0.851656,0.8680042930372955
T45_C2_D50_1,T45_C2_D50,1,800,850,local_linear,0.851656,0.8620538416551092
T45_C2_D50_1,T45_C2_D50,1,800,850,ridge,0.851656,0.8547531865765563
T45_C2_D50_1,T45_C2_D50,1,800,850,random_forest,0.851656,0.8539878525638421
T45_C2_D50_1,T45_C2_D50,1,850,900,persistence,0.847355,0.8558343582540573
T45_C2_D50_1,T45_C2_D50,1,850,900,local_linear,0.847355,0.8509568500249148
T45_C2_D50_1,T45_C2_D50,1,850,900,ridge,0.847355,0.8434477648588905
T45_C2_D50_1,T45_C2_D50,1,850,900,random_forest,0.847355,0.8423605613920454
T45_C2_D50_1,T45_C2_D50,1,900,950,persistence,0.843172,0.8567125226720692
T45_C2_D50_1,T45_C2_D50,1,900,950,local_linear,0.843172,0.8509655834601676
T45_C2_D50_1,T45_C2_D50,1,900,950,ridge,0.843172,0.842461098904445
T45_C2_D50_1,T45_C2_D50,1,900,950,random_forest,0.843172,0.8429809773915494
T45_C2_D50_1,T45_C2_D50,1,950,1000,persistence,0.839098,0.8550292950903015
T45_C2_D50_1,T45_C2_D50,1,950,1000,local_linear,0.839098,0.8513447686762926
T45_C2_D50_1,T45_C2_D50,1,950,1000,ridge,0.839098,0.8415877033667255
T45_C2_D50_1,T45_C2_D50,1,950,1000,random_forest,0.839098,0.8414328002313312
T45_C2_D80_2,T45_C2_D80,1,100,150,persistence,0.912284,0.9416831532725219
T45_C2_D80_2,T45_C2_D80,1,100,150,local_linear,0.912284,0.9127279242276097
T45_C2_D80_2,T45_C2_D80,1,100,150,ridge,0.912284,0.9075118288676304
T45_C2_D80_2,T45_C2_D80,1,100,150,random_forest,0.912284,0.909869437797273
T45_C2_D80_2,T45_C2_D80,1,150,200,persistence,0.898714,0.9222026088340193
T45_C2_D80_2,T45_C2_D80,1,150,200,local_linear,0.898714,0.9037037989029271
T45_C2_D80_2,T45_C2_D80,1,150,200,ridge,0.898714,0.8942824382577982
T45_C2_D80_2,T45_C2_D80,1,150,200,random_forest,0.898714,0.8935774600547888
T45_C2_D80_2,T45_C2_D80,1,200,250,persistence,0.886759,0.9089019472088674
T45_C2_D80_2,T45_C2_D80,1,200,250,local_linear,0.886759,0.8941287178796763
T45_C2_D80_2,T45_C2_D80,1,200,250,ridge,0.886759,0.8827634635690011
T45_C2_D80_2,T45_C2_D80,1,200,250,random_forest,0.886759,0.8821703656495765
T45_C2_D80_2,T45_C2_D80,1,250,300,persistence,0.875951,0.8985541411082637
T45_C2_D80_2,T45_C2_D80,1,250,300,local_linear,0.875951,0.8866867645407395
T45_C2_D80_2,T45_C2_D80,1,250,300,ridge,0.875951,0.8744496505431849
T45_C2_D80_2,T45_C2_D80,1,250,300,random_forest,0.875951,0.8703544500595234
T45_C2_D80_2,T45_C2_D80,1,300,350,persistence,0.866011,0.8856567938353889
T45_C2_D80_2,T45_C2_D80,1,300,350,local_linear,0.866011,0.8745765951535803
T45_C2_D80_2,T45_C2_D80,1,300,350,ridge,0.866011,0.862278590921438
T45_C2_D80_2,T45_C2_D80,1,300,350,random_forest,0.866011,0.8606237873631404
T45_C2_D80_2,T45_C2_D80,1,350,400,persistence,0.85676,0.877112371731815
T45_C2_D80_2,T45_C2_D80,1,350,400,local_linear,0.85676,0.8667703607156515
T45_C2_D80_2,T45_C2_D80,1,350,400,ridge,0.85676,0.8536396721868535
T45_C2_D80_2,T45_C2_D80,1,350,400,random_forest,0.85676,0.8515107009562138
T45_C2_D80_2,T45_C2_D80,1,400,450,persistence,0.848071,0.8661229524557975
T45_C2_D80_2,T45_C2_D80,1,400,450,local_linear,0.848071,0.8566987774917041
T45_C2_D80_2,T45_C2_D80,1,400,450,ridge,0.848071,0.8437404842369851
T45_C2_D80_2,T45_C2_D80,1,400,450,random_forest,0.848071,0.8431007008962392
T45_C2_D80_2,T45_C2_D80,1,450,500,persistence,0.839853,0.86061030634723
T45_C2_D80_2,T45_C2_D80,1,450,500,local_linear,0.839853,0.8517211743548819
T45_C2_D80_2,T45_C2_D80,1,450,500,ridge,0.839853,0.8365733405185236
T45_C2_D80_2,T45_C2_D80,1,450,500,random_forest,0.839853,0.83495764875248
T45_C2_D80_2,T45_C2_D80,1,500,550,persistence,0.832036,0.8542264602400976
T45_C2_D80_2,T45_C2_D80,1,500,550,local_linear,0.832036,0.8446047466997425
T45_C2_D80_2,T45_C2_D80,1,500,550,ridge,0.832036,0.8308845574621697
T45_C2_D80_2,T45_C2_D80,1,500,550,random_forest,0.832036,0.8327115493612466
T45_C2_D80_2,T45_C2_D80,1,550,600,persistence,0.824568,0.8429597943763015
T45_C2_D80_2,T45_C2_D80,1,550,600,local_linear,0.824568,0.8345598088712084
T45_C2_D80_2,T45_C2_D80,1,550,600,ridge,0.824568,0.8214435805565047
T45_C2_D80_2,T45_C2_D80,1,550,600,random_forest,0.824568,0.8224845629520999
T45_C2_D80_2,T45_C2_D80,1,600,650,persistence,0.817404,0.8316147205126346
T45_C2_D80_2,T45_C2_D80,1,600,650,local_linear,0.817404,0.8235739659725877
T45_C2_D80_2,T45_C2_D80,1,600,650,ridge,0.817404,0.8094043944758589
T45_C2_D80_2,T45_C2_D80,1,600,650,random_forest,0.817404,0.8082073814511185
T45_C2_D80_2,T45_C2_D80,1,650,700,persistence,0.810512,0.8230779854678716
T45_C2_D80_2,T45_C2_D80,1,650,700,local_linear,0.810512,0.8149240410433284
T45_C2_D80_2,T45_C2_D80,1,650,700,ridge,0.810512,0.8022802080733282
T45_C2_D80_2,T45_C2_D80,1,650,700,random_forest,0.810512,0.7981456432226282
T45_C2_D80_2,T45_C2_D80,1,700,750,persistence,0.803861,0.8149830000694398
T45_C2_D80_2,T45_C2_D80,1,700,750,local_linear,0.803861,0.8071121977201438
T45_C2_D80_2,T45_C2_D80,1,700,750,ridge,0.803861,0.7943585775757338
T45_C2_D80_2,T45_C2_D80,1,700,750,random_forest,0.803861,0.7903189996094879
T45_C2_D80_2,T45_C2_D80,1,750,800,persistence,0.797428,0.8180567986526124
T45_C2_D80_2,T45_C2_D80,1,750,800,local_linear,0.797428,0.8111296736040333
T45_C2_D80_2,T45_C2_D80,1,750,800,ridge,0.797428,0.7966229041019715
T45_C2_D80_2,T45_C2_D80,1,750,800,random_forest,0.797428,0.7977098864082796
T45_C2_D80_2,T45_C2_D80,1,800,850,persistence,0.791194,0.8061444198487033
T45_C2_D80_2,T45_C2_D80,1,800,850,local_linear,0.791194,0.7999927216876066
T45_C2_D80_2,T45_C2_D80,1,800,850,ridge,0.791194,0.7855404496873493
T45_C2_D80_2,T45_C2_D80,1,800,850,random_forest,0.791194,0.7828704656315388
T45_C2_D80_2,T45_C2_D80,1,850,900,persistence,0.782135,0.8059548057313686
T45_C2_D80_2,T45_C2_D80,1,850,900,local_linear,0.782135,0.8004751024253094
T45_C2_D80_2,T45_C2_D80,1,850,900,ridge,0.782135,0.7836633846587057
T45_C2_D80_2,T45_C2_D80,1,850,900,random_forest,0.782135,0.7820234245941561
T45_C2_D80_2,T45_C2_D80,1,900,950,persistence,0.77036,0.7873526358796545
T45_C2_D80_2,T45_C2_D80,1,900,950,local_linear,0.77036,0.7786338523086916
T45_C2_D80_2,T45_C2_D80,1,900,950,ridge,0.77036,0.7648329698331755
T45_C2_D80_2,T45_C2_D80,1,900,950,random_forest,0.77036,0.7617052784749279
T45_C2_D80_2,T45_C2_D80,1,950,1000,persistence,0.75889,0.784091785532084
T45_C2_D80_2,T45_C2_D80,1,950,1000,local_linear,0.75889,0.7759470575827732
T45_C2_D80_2,T45_C2_D80,1,950,1000,ridge,0.75889,0.7607886138351442
T45_C2_D80_2,T45_C2_D80,1,950,1000,random_forest,0.75889,0.7584019735077946
baseline_3,baseline,1,100,150,persistence,0.948429,0.9697831804113674
baseline_3,baseline,1,100,150,local_linear,0.948429,0.9547712082346616
baseline_3,baseline,1,100,150,ridge,0.948429,0.9512930591830506
baseline_3,baseline,1,100,150,random_forest,0.948429,0.9519990329036767
baseline_3,baseline,1,150,200,persistence,0.940451,0.9592579393063965
baseline_3,baseline,1,150,200,local_linear,0.940451,0.9490391642379474
baseline_3,baseline,1,150,200,ridge,0.940451,0.9443856806739495
baseline_3,baseline,1,150,200,random_forest,0.940451,0.9436818877940114
baseline_3,baseline,1,200,250,persistence,0.933423,0.9534290694794476
baseline_3,baseline,1,200,250,local_linear,0.933423,0.9429497734627098
baseline_3,baseline,1,200,250,ridge,0.933423,0.9379320993847001
baseline_3,baseline,1,200,250,random_forest,0.933423,0.9366264460610918
baseline_3,baseline,1,250,300,persistence,0.927068,0.939449613267816
baseline_3,baseline,1,250,300,local_linear,0.927068,0.9312680386523712
baseline_3,baseline,1,250,300,ridge,0.927068,0.9256824288665707
baseline_3,baseline,1,250,300,random_forest,0.927068,0.9226308127387718
baseline_3,baseline,1,300,350,persistence,0.921224,0.9401808216380957
baseline_3,baseline,1,300,350,local_linear,0.921224,0.933192065801049
baseline_3,baseline,1,300,350,ridge,0.921224,0.9250339896961474
baseline_3,baseline,1,300,350,random_forest,0.921224,0.9229652681401067
baseline_3,baseline,1,350,400,persistence,0.915785,0.9325359837706718
baseline_3,baseline,1,350,400,local_linear,0.915785,0.9261531283592569
baseline_3,baseline,1,350,400,ridge,0.915785,0.9186436465600977
baseline_3,baseline,1,350,400,random_forest,0.915785,0.9177293819530122
baseline_3,baseline,1,400,450,persistence,0.910677,0.9268786903098584
baseline_3,baseline,1,400,450,local_linear,0.910677,0.9220403462359814
baseline_3,baseline,1,400,450,ridge,0.910677,0.9137544196968594
baseline_3,baseline,1,400,450,random_forest,0.910677,0.9146296004243331
baseline_3,baseline,1,450,500,persistence,0.905845,0.9157664027951349
baseline_3,baseline,1,450,500,local_linear,0.905845,0.9092297149226226
baseline_3,baseline,1,450,500,ridge,0.905845,0.9033922550551696
baseline_3,baseline,1,450,500,random_forest,0.905845,0.9020452440854978
baseline_3,baseline,1,500,550,persistence,0.90125,0.9191175775496815
baseline_3,baseline,1,500,550,local_linear,0.90125,0.9153819144588894
baseline_3,baseline,1,500,550,ridge,0.90125,0.9065667436163
baseline_3,baseline,1,500,550,random_forest,0.90125,0.9076485465126714
baseline_3,baseline,1,550,600,persistence,0.896859,0.9172028231165831
baseline_3,baseline,1,550,600,local_linear,0.896859,0.9126931302785064
baseline_3,baseline,1,550,600,ridge,0.896859,0.9030118705837963
baseline_3,baseline,1,550,600,random_forest,0.896859,0.9036559975078914
baseline_3,baseline,1,600,650,persistence,0.892647,0.9104517894044267
baseline_3,baseline,1,600,650,local_linear,0.892647,0.9047147429601
baseline_3,baseline,1,600,650,ridge,0.892647,0.8971795779556475
baseline_3,baseline,1,600,650,random_forest,0.892647,0.8987336436668016
baseline_3,baseline,1,650,700,persistence,0.888595,0.9038770586800625
baseline_3,baseline,1,650,700,local_linear,0.888595,0.9011194870515091
baseline_3,baseline,1,650,700,ridge,0.888595,0.8908072031381852
baseline_3,baseline,1,650,700,random_forest,0.888595,0.8934947683045426
baseline_3,baseline,1,700,750,persistence,0.884684,0.8974011143483217
baseline_3,baseline,1,700,750,local_linear,0.884684,0.8934210230874879
baseline_3,baseline,1,700,750,ridge,0.884684,0.8851619713207258
baseline_3,baseline,1,700,750,random_forest,0.884684,0.8847792125698957
baseline_3,baseline,1,750,800,persistence,0.880903,0.8925033889877277
baseline_3,baseline,1,750,800,local_linear,0.880903,0.888042201952173
baseline_3,baseline,1,750,800,ridge,0.880903,0.8800181337728094
baseline_3,baseline,1,750,800,random_forest,0.880903,0.8806242656942189
baseline_3,baseline,1,800,850,persistence,0.877237,0.8903248890661897
baseline_3,baseline,1,800,850,local_linear,0.877237,0.8860281527274521
baseline_3,baseline,1,800,850,ridge,0.877237,0.8782395139277559
baseline_3,baseline,1,800,850,random_forest,0.877237,0.8784101401147465
baseline_3,baseline,1,850,900,persistence,0.871911,0.8828213771862988
baseline_3,baseline,1,850,900,local_linear,0.871911,0.8810744263307804
baseline_3,baseline,1,850,900,ridge,0.871911,0.8714063738337788
baseline_3,baseline,1,850,900,random_forest,0.871911,0.8694894369243779
baseline_3,baseline,1,900,950,persistence,0.864988,0.8797330025958605
baseline_3,baseline,1,900,950,local_linear,0.864988,0.872720615919536
baseline_3,baseline,1,900,950,ridge,0.864988,0.8650837293655487
baseline_3,baseline,1,900,950,random_forest,0.864988,0.8620456065178571
baseline_3,baseline,1,950,1000,persistence,0.858245,0.8765794006265609
baseline_3,baseline,1,950,1000,local_linear,0.858245,0.8702971842505934
baseline_3,baseline,1,950,1000,ridge,0.858245,0.8627698573646663
baseline_3,baseline,1,950,1000,random_forest,0.858245,0.8635953182557721
T25_C0p5_D100_1,T25_C0p5_D100,2,100,150,persistence,0.942437,0.9606926359517087
T25_C0p5_D100_1,T25_C0p5_D100,2,100,150,local_linear,0.942437,0.9422760161644619
T25_C0p5_D100_1,T25_C0p5_D100,2,100,150,ridge,0.942437,0.937944263111301
T25_C0p5_D100_1,T25_C0p5_D100,2,100,150,random_forest,0.942437,0.9393323598333783
T25_C0p5_D100_1,T25_C0p5_D100,2,150,200,persistence,0.933532,0.9543795634063811
T25_C0p5_D100_1,T25_C0p5_D100,2,150,200,local_linear,0.933532,0.9420855852558608
T25_C0p5_D100_1,T25_C0p5_D100,2,150,200,ridge,0.933532,0.9334397728494892
T25_C0p5_D100_1,T25_C0p5_D100,2,150,200,random_forest,0.933532,0.9301125553654328
T25_C0p5_D100_1,T25_C0p5_D100,2,200,250,persistence,0.925687,0.9471525339778156
T25_C0p5_D100_1,T25_C0p5_D100,2,200,250,local_linear,0.925687,0.9371711226395626
T25_C0p5_D100_1,T25_C0p5_D100,2,200,250,ridge,0.925687,0.9272788401966885
T25_C0p5_D100_1,T25_C0p5_D100,2,200,250,random_forest,0.925687,0.9239743289533735
T25_C0p5_D100_1,T25_C0p5_D100,2,250,300,persistence,0.918594,0.9346234594711644
T25_C0p5_D100_1,T25_C0p5_D100,2,250,300,local_linear,0.918594,0.9269920307352082
T25_C0p5_D100_1,T25_C0p5_D100,2,250,300,ridge,0.918594,0.9161571050586538
T25_C0p5_D100_1,T25_C0p5_D100,2,250,300,random_forest,0.918594,0.9141280184924454
T25_C0p5_D100_1,T25_C0p5_D100,2,300,350,persistence,0.912071,0.9185241786646324
T25_C0p5_D100_1,T25_C0p5_D100,2,300,350,local_linear,0.912071,0.9099450516697851
T25_C0p5_D100_1,T25_C0p5_D100,2,300,350,ridge,0.912071,0.901183394935911
T25_C0p5_D100_1,T25_C0p5_D100,2,300,350,random_forest,0.912071,0.9017122823938036
T25_C0p5_D100_1,T25_C0p5_D100,2,350,400,persistence,0.906,0.9198617615324209
T25_C0p5_D100_1,T25_C0p5_D100,2,350,400,local_linear,0.906,0.9126015590212962
T25_C0p5_D100_1,T25_C0p5_D100,2,350,400,ridge,0.906,0.901496421601392
T25_C0p5_D100_1,T25_C0p5_D100,2,350,400,random_forest,0.906,0.9030618150633568
T25_C0p5_D100_1,T25_C0p5_D100,2,400,450,persistence,0.900298,0.9182125572000862
T25_C0p5_D100_1,T25_C0p5_D100,2,400,450,local_linear,0.900298,0.9123366039037762
T25_C0p5_D100_1,T25_C0p5_D100,2,400,450,ridge,0.900298,0.8995744073736175
T25_C0p5_D100_1,T25_C0p5_D100,2,400,450,random_forest,0.900298,0.8999132075347219
T25_C0p5_D100_1,T25_C0p5_D100,2,450,500,persistence,0.894905,0.9137343675913677
T25_C0p5_D100_1,T25_C0p5_D100,2,450,500,local_linear,0.894905,0.9075692518333334
T25_C0p5_D100_1,T25_C0p5_D100,2,450,500,ridge,0.894905,0.8947321675283503
T25_C0p5_D100_1,T25_C0p5_D100,2,450,500,random_forest,0.894905,0.8969942907063947
T25_C0p5_D100_1,T25_C0p5_D100,2,500,550,persistence,0.889775,0.9087524065415618
T25_C0p5_D100_1,T25_C0p5_D100,2,500,550,local_linear,0.889775,0.903071808813036
T25_C0p5_D100_1,T25_C0p5_D100,2,500,550,ridge,0.889775,0.8884962432166094
T25_C0p5_D100_1,T25_C0p5_D100,2,500,550,random_forest,0.889775,0.8912556231775346
T25_C0p5_D100_1,T25_C0p5_D100,2,550,600,persistence,0.884874,0.902613065451708
T25_C0p5_D100_1,T25_C0p5_D100,2,550,600,local_linear,0.884874,0.8977640004513979
T25_C0p5_D100_1,T25_C0p5_D100,2,550,600,ridge,0.884874,0.8826698533884098
T25_C0p5_D100_1,T25_C0p5_D100,2,550,600,random_forest,0.884874,0.8840447161280214
T25_C0p5_D100_1,T25_C0p5_D100,2,600,650,persistence,0.880173,0.8944262817361697
T25_C0p5_D100_1,T25_C0p5_D100,2,600,650,local_linear,0.880173,0.8895524479688589
T25_C0p5_D100_1,T25_C0p5_D100,2,600,650,ridge,0.880173,0.8755082951146835
T25_C0p5_D100_1,T25_C0p5_D100,2,600,650,random_forest,0.880173,0.8780985855815711
T25_C0p5_D100_1,T25_C0p5_D100,2,650,700,persistence,0.87565,0.8888046504276707
T25_C0p5_D100_1,T25_C0p5_D100,2,650,700,local_linear,0.87565,0.8842081315925987
T25_C0p5_D100_1,T25_C0p5_D100,2,650,700,ridge,0.87565,0.869869167823535
T25_C0p5_D100_1,T25_C0p5_D100,2,650,700,random_forest,0.87565,0.8714653015144753
T25_C0p5_D100_1,T25_C0p5_D100,2,700,750,persistence,0.866921,0.8829918647383637
T25_C0p5_D100_1,T25_C0p5_D100,2,700,750,local_linear,0.866921,0.8782991133462394
T25_C0p5_D100_1,T25_C0p5_D100,2,700,750,ridge,0.866921,0.8632145065159949
T25_C0p5_D100_1,T25_C0p5_D100,2,700,750,random_forest,0.866921,0.8662317889881471
T25_C0p5_D100_1,T25_C0p5_D100,2,750,800,persistence,0.858478,0.8812241845137574
T25_C0p5_D100_1,T25_C0p5_D100,2,750,800,local_linear,0.858478,0.8759134477624486
T25_C0p5_D100_1,T25_C0p5_D100,2,750,800,ridge,0.858478,0.8599446526008604
T25_C0p5_D100_1,T25_C0p5_D100,2,750,800,random_forest,0.858478,0.8613426493635006
T25_C0p5_D100_1,T25_C0p5_D100,2,800,850,persistence,0.850296,0.8696145426668774
T25_C0p5_D100_1,T25_C0p5_D100,2,800,850,local_linear,0.850296,0.8591995440099851
T25_C0p5_D100_1,T25_C0p5_D100,2,800,850,ridge,0.850296,0.8473542089578586
T25_C0p5_D100_1,T25_C0p5_D100,2,800,850,random_forest,0.850296,0.8495743549285264
T25_C0p5_D100_1,T25_C0p5_D100,2,850,900,persistence,0.842351,0.8621565350281691
T25_C0p5_D100_1,T25_C0p5_D100,2,850,900,local_linear,0.842351,0.8559325696451672
T25_C0p5_D100_1,T25_C0p5_D100,2,850,900,ridge,0.842351,0.8406477515059125
T25_C0p5_D100_1,T25_C0p5_D100,2,850,900,random_forest,0.842351,0.8402745552896759
T25_C0p5_D100_1,T25_C0p5_D100,2,900,950,persistence,0.834623,0.8501382011327391
T25_C0p5_D100_1,T25_C0p5_D100,2,900,950,local_linear,0.834623,0.8424645294759247
T25_C0p5_D100_1,T25_C0p5_D100,2,900,950,ridge,0.834623,0.8289811407461588
T25_C0p5_D100_1,T25_C0p5_D100,2,900,950,random_forest,0.834623,0.8290111719047619
T25_C0p5_D100_1,T25_C0p5_D100,2,950,1000,persistence,0.827097,0.8405481252310094
T25_C0p5_D100_1,T25_C0p5_D100,2,950,1000,local_linear,0.827097,0.8328797586387688
T25_C0p5_D100_1,T25_C0p5_D100,2,950,1000,ridge,0.827097,0.8192808328963881
T25_C0p5_D100_1,T25_C0p5_D100,2,950,1000,random_forest,0.827097,0.8209182675862848
T25_C0p5_D50_2,T25_C0p5_D50,2,100,150,persistence,0.965777,0.9741766181890613
T25_C0p5_D50_2,T25_C0p5_D50,2,100,150,local_linear,0.965777,0.9624351078274065
T25_C0p5_D50_2,T25_C0p5_D50,2,100,150,ridge,0.965777,0.962377314603165
T25_C0p5_D50_2,T25_C0p5_D50,2,100,150,random_forest,0.965777,0.9601289660795456
T25_C0p5_D50_2,T25_C0p5_D50,2,150,200,persistence,0.960482,0.9756578164624226
T25_C0p5_D50_2,T25_C0p5_D50,2,150,200,local_linear,0.960482,0.9679557428273149
T25_C0p5_D50_2,T25_C0p5_D50,2,150,200,ridge,0.960482,0.9649713457515162
T25_C0p5_D50_2,T25_C0p5_D50,2,150,200,random_forest,0.960482,0.959822680300776
T25_C0p5_D50_2,T25_C0p5_D50,2,200,250,persistence,0.955818,0.970618533961283
T25_C0p5_D50_2,T25_C0p5_D50,2,200,250,local_linear,0.955818,0.9645314646097057
T25_C0p5_D50_2,T25_C0p5_D50,2,200,250,ridge,0.955818,0.9599236898648013
T25_C0p5_D50_2,T25_C0p5_D50,2,200,250,random_forest,0.955818,0.9535909526427219
T25_C0p5_D50_2,T25_C0p5_D50,2,250,300,persistence,0.951601,0.9576620595340107
T25_C0p5_D50_2,T25_C0p5_D50,2,250,300,local_linear,0.951601,0.9520434856104669
T25_C0p5_D50_2,T25_C0p5_D50,2,250,300,ridge,0.951601,0.9488263287078541
T25_C0p5_D50_2,T25_C0p5_D50,2,250,300,random_forest,0.951601,0.94767352528612
T25_C0p5_D50_2,T25_C0p5_D50,2,300,350,persistence,0.947723,0.9601993468289924
T25_C0p5_D50_2,T25_C0p5_D50,2,300,350,local_linear,0.947723,0.9566241536919402
T25_C0p5_D50_2,T25_C0p5_D50,2,300,350,ridge,0.947723,0.9515346925314824
T25_C0p5_D50_2,T25_C0p5_D50,2,300,350,random_forest,0.947723,0.9480576422702474
T25_C0p5_D50_2,T25_C0p5_D50,2,350,400,persistence,0.944113,0.9553589833739504
T25_C0p5_D50_2,T25_C0p5_D50,2,350,400,local_linear,0.944113,0.9502346767763777
T25_C0p5_D50_2,T25_C0p5_D50,2,350,400,ridge,0.944113,0.94620085262401
T25_C0p5_D50_2,T25_C0p5_D50,2,350,400,random_forest,0.944113,0.9428021952022461
T25_C0p5_D50_2,T25_C0p5_D50,2,400,450,persistence,0.940723,0.9542440742042905
T25_C0p5_D50_2,T25_C0p5_D50,2,400,450,local_linear,0.940723,0.9511074177348207
T25_C0p5_D50_2,T25_C0p5_D50,2,400,450,ridge,0.940723,0.9457610499284168
T25_C0p5_D50_2,T25_C0p5_D50,2,400,450,random_forest,0.940723,0.9409641880275974
T25_C0p5_D50_2,T25_C0p5_D50,2,450,500,persistence,0.937517,0.9503640833481497
T25_C0p5_D50_2,T25_C0p5_D50,2,450,500,local_linear,0.937517,0.9469314713537357
T25_C0p5_D50_2,T25_C0p5_D50,2,450,500,ridge,0.937517,0.9416523854508729
T25_C0p5_D50_2,T25_C0p5_D50,2,450,500,random_forest,0.937517,0.9399843163771644
T25_C0p5_D50_2,T25_C0p5_D50,2,500,550,persistence,0.934467,0.9464867661351019
T25_C0p5_D50_2,T25_C0p5_D50,2,500,550,local_linear,0.934467,0.9437636390667193
T25_C0p5_D50_2,T25_C0p5_D50,2,500,550,ridge,0.934467,0.9387011130824902
T25_C0p5_D50_2,T25_C0p5_D50,2,500,550,random_forest,0.934467,0.935551600147682
T25_C0p5_D50_2,T25_C0p5_D50,2,550,600,persistence,0.931553,0.9424934128118303
T25_C0p5_D50_2,T25_C0p5_D50,2,550,600,local_linear,0.931553,0.9388791633082534
T25_C0p5_D50_2,T25_C0p5_D50,2,550,600,ridge,0.931553,0.9341134986607467
T25_C0p5_D50_2,T25_C0p5_D50,2,550,600,random_forest,0.931553,0.9314734496011454
T25_C0p5_D50_2,T25_C0p5_D50,2,600,650,persistence,0.928758,0.9391796995627256
T25_C0p5_D50_2,T25_C0p5_D50,2,600,650,local_linear,0.928758,0.9375184925125553
T25_C0p5_D50_2,T25_C0p5_D50,2,600,650,ridge,0.928758,0.9317701383105785
T25_C0p5_D50_2,T25_C0p5_D50,2,600,650,random_forest,0.928758,0.9280464108068663
T25_C0p5_D50_2,T25_C0p5_D50,2,650,700,persistence,0.926069,0.9339997834349095
T25_C0p5_D50_2,T25_C0p5_D50,2,650,700,local_linear,0.926069,0.9313333881370004
T25_C0p5_D50_2,T25_C0p5_D50,2,650,700,ridge,0.926069,0.9262773677935308
T25_C0p5_D50_2,T25_C0p5_D50,2,650,700,random_forest,0.926069,0.9240246733253382
T25_C0p5_D50_2,T25_C0p5_D50,2,700,750,persistence,0.923474,0.9322244844213501
T25_C0p5_D50_2,T25_C0p5_D50,2,700,750,local_linear,0.923474,0.9282102715480472
T25_C0p5_D50_2,T25_C0p5_D50,2,700,750,ridge,0.923474,0.924341267932006
T25_C0p5_D50_2,T25_C0p5_D50,2,700,750,random_forest,0.923474,0.9224936122005601
T25_C0p5_D50_2,T25_C0p5_D50,2,750,800,persistence,0.920964,0.9289129100867195
T25_C0p5_D50_2,T25_C0p5_D50,2,750,800,local_linear,0.920964,0.9262672283433292
T25_C0p5_D50_2,T25_C0p5_D50,2,750,800,ridge,0.920964,0.9213586899418691
T25_C0p5_D50_2,T25_C0p5_D50,2,750,800,random_forest,0.920964,0.9193188139650976
T25_C0p5_D50_2,T25_C0p5_D50,2,800,850,persistence,0.918532,0.9257350179067246
T25_C0p5_D50_2,T25_C0p5_D50,2,800,850,local_linear,0.918532,0.9236040473532129
T25_C0p5_D50_2,T25_C0p5_D50,2,800,850,ridge,0.918532,0.9187850407026572
T25_C0p5_D50_2,T25_C0p5_D50,2,800,850,random_forest,0.918532,0.915293937460994
T25_C0p5_D50_2,T25_C0p5_D50,2,850,900,persistence,0.91617,0.925251088506944
T25_C0p5_D50_2,T25_C0p5_D50,2,850,900,local_linear,0.91617,0.9224474606360591
T25_C0p5_D50_2,T25_C0p5_D50,2,850,900,ridge,0.91617,0.9170127393826424
T25_C0p5_D50_2,T25_C0p5_D50,2,850,900,random_forest,0.91617,0.9135670308804562
T25_C0p5_D50_2,T25_C0p5_D50,2,900,950,persistence,0.913873,0.9126534169827136
T25_C0p5_D50_2,T25_C0p5_D50,2,900,950,local_linear,0.913873,0.9093931172346503
T25_C0p5_D50_2,T25_C0p5_D50,2,900,950,ridge,0.913873,0.9070069795177551
T25_C0p5_D50_2,T25_C0p5_D50,2,900,950,random_forest,0.913873,0.9022941373465073
T25_C0p5_D50_2,T25_C0p5_D50,2,950,1000,persistence,0.911635,0.9170911297879933
T25_C0p5_D50_2,T25_C0p5_D50,2,950,1000,local_linear,0.911635,0.915774508565779
T25_C0p5_D50_2,T25_C0p5_D50,2,950,1000,ridge,0.911635,0.9103878877894328
T25_C0p5_D50_2,T25_C0p5_D50,2,950,1000,random_forest,0.911635,0.9085730831106215
T25_C0p5_D80_3,T25_C0p5_D80,2,100,150,persistence,0.949365,0.9658053741346176
T25_C0p5_D80_3,T25_C0p5_D80,2,100,150,local_linear,0.949365,0.9499546517032044
T25_C0p5_D80_3,T25_C0p5_D80,2,100,150,ridge,0.949365,0.9460730745643844
T25_C0p5_D80_3,T25_C0p5_D80,2,100,150,random_forest,0.949365,0.9426634718900371
T25_C0p5_D80_3,T25_C0p5_D80,2,150,200,persistence,0.941532,0.9612879349961311
T25_C0p5_D80_3,T25_C0p5_D80,2,150,200,local_linear,0.941532,0.9502024106841807
T25_C0p5_D80_3,T25_C0p5_D80,2,150,200,ridge,0.941532,0.9435418649906641
T25_C0p5_D80_3,T25_C0p5_D80,2,150,200,random_forest,0.941532,0.9398812201837566
T25_C0p5_D80_3,T25_C0p5_D80,2,200,250,persistence,0.934631,0.9513731962024747
T25_C0p5_D80_3,T25_C0p5_D80,2,200,250,local_linear,0.934631,0.9408194583712767
T25_C0p5_D80_3,T25_C0p5_D80,2,200,250,ridge,0.934631,0.9334431736112211
T25_C0p5_D80_3,T25_C0p5_D80,2,200,250,random_forest,0.934631,0.9278692340575392
T25_C0p5_D80_3,T25_C0p5_D80,2,250,300,persistence,0.928391,0.940651533373962
T25_C0p5_D80_3,T25_C0p5_D80,2,250,300,local_linear,0.928391,0.9331828007109824
T25_C0p5_D80_3,T25_C0p5_D80,2,250,300,ridge,0.928391,0.9247459164655135
T25_C0p5_D80_3,T25_C0p5_D80,2,250,300,random_forest,0.928391,0.9225083477220866
T25_C0p5_D80_3,T25_C0p5_D80,2,300,350,persistence,0.922654,0.9363770446291655
T25_C0p5_D80_3,T25_C0p5_D80,2,300,350,local_linear,0.922654,0.9302281267047819
T25_C0p5_D80_3,T25_C0p5_D80,2,300,350,ridge,0.922654,0.9218129037911308
T25_C0p5_D80_3,T25_C0p5_D80,2,300,350,random_forest,0.922654,0.9182035167095399
T25_C0p5_D80_3,T25_C0p5_D80,2,350,400,persistence,0.917314,0.933524303642792
T25_C0p5_D80_3,T25_C0p5_D80,2,350,400,local_linear,0.917314,0.926588911779424
T25_C0p5_D80_3,T25_C0p5_D80,2,350,400,ridge,0.917314,0.9172881526006631
T25_C0p5_D80_3,T25_C0p5_D80,2,350,400,random_forest,0.917314,0.9139149275791743
T25_C0p5_D80_3,T25_C0p5_D80,2,400,450,persistence,0.912298,0.9322165833418725
T25_C0p5_D80_3,T25_C0p5_D80,2,400,450,local_linear,0.912298,0.9288836613875504
T25_C0p5_D80_3,T25_C0p5_D80,2,400,450,ridge,0.912298,0.9166407165348889
T25_C0p5_D80_3,T25_C0p5_D80,2,400,450,random_forest,0.912298,0.9150934506479634
T25_C0p5_D80_3,T25_C0p5_D80,2,450,500,persistence,0.907554,0.9210300788510142
T25_C0p5_D80_3,T25_C0p5_D80,2,450,500,local_linear,0.907554,0.9153068573628452
T25_C0p5_D80_3,T25_C0p5_D80,2,450,500,ridge,0.907554,0.9051482192109755
T25_C0p5_D80_3,T25_C0p5_D80,2,450,500,random_forest,0.907554,0.903877182104528
T25_C0p5_D80_3,T25_C0p5_D80,2,500,550,persistence,0.903042,0.9144765818677338
T25_C0p5_D80_3,T25_C0p5_D80,2,500,550,local_linear,0.903042,0.9083788777172545
T25_C0p5_D80_3,T25_C0p5_D80,2,500,550,ridge,0.903042,0.8988418405198895
T25_C0p5_D80_3,T25_C0p5_D80,2,500,550,random_forest,0.903042,0.8986491892291217
T25_C0p5_D80_3,T25_C0p5_D80,2,550,600,persistence,0.89873,0.907196288252167
T25_C0p5_D80_3,T25_C0p5_D80,2,550,600,local_linear,0.89873,0.9040693506864024
T25_C0p5_D80_3,T25_C0p5_D80,2,550,600,ridge,0.89873,0.8933493489065082
T25_C0p5_D80_3,T25_C0p5_D80,2,550,600,random_forest,0.89873,0.8957536441278859
T25_C0p5_D80_3,T25_C0p5_D80,2,600,650,persistence,0.894595,0.9067982194252965
T25_C0p5_D80_3,T25_C0p5_D80,2,600,650,local_linear,0.894595,0.9023501082092062
T25_C0p5_D80_3,T25_C0p5_D80,2,600,650,ridge,0.894595,0.8909565228869352
T25_C0p5_D80_3,T25_C0p5_D80,2,600,650,random_forest,0.894595,0.891384558517091
T25_C0p5_D80_3,T25_C0p5_D80,2,650,700,persistence,0.890616,0.9039608875548019
T25_C0p5_D80_3,T25_C0p5_D80,2,650,700,local_linear,0.890616,0.900645027509316
T25_C0p5_D80_3,T25_C0p5_D80,2,650,700,ridge,0.890616,0.8896411917203928
T25_C0p5_D80_3,T25_C0p5_D80,2,650,700,random_forest,0.890616,0.8912467113543923
T25_C0p5_D80_3,T25_C0p5_D80,2,700,750,persistence,0.886777,0.9023213576252909
T25_C0p5_D80_3,T25_C0p5_D80,2,700,750,local_linear,0.886777,0.8985450980393236
T25_C0p5_D80_3,T25_C0p5_D80,2,700,750,ridge,0.886777,0.8864639196549008
T25_C0p5_D80_3,T25_C0p5_D80,2,700,750,random_forest,0.886777,0.8858211290322874
T25_C0p5_D80_3,T25_C0p5_D80,2,750,800,persistence,0.883064,0.8925802282038698
T25_C0p5_D80_3,T25_C0p5_D80,2,750,800,local_linear,0.883064,0.8871772091915883
T25_C0p5_D80_3,T25_C0p5_D80,2,750,800,ridge,0.883064,0.8777123336624502
T25_C0p5_D80_3,T25_C0p5_D80,2,750,800,random_forest,0.883064,0.8792471543723464
T25_C0p5_D80_3,T25_C0p5_D80,2,800,850,persistence,0.879465,0.8899036647757114
T25_C0p5_D80_3,T25_C0p5_D80,2,800,850,local_linear,0.879465,0.8869055858836937
T25_C0p5_D80_3,T25_C0p5_D80,2,800,850,ridge,0.879465,0.8741358589006596
T25_C0p5_D80_3,T25_C0p5_D80,2,800,850,random_forest,0.879465,0.8721960013841015
T25_C0p5_D80_3,T25_C0p5_D80,2,850,900,persistence,0.874236,0.8956825968674808
T25_C0p5_D80_3,T25_C0p5_D80,2,850,900,local_linear,0.874236,0.8928491968719989
T25_C0p5_D80_3,T25_C0p5_D80,2,850,900,ridge,0.874236,0.8784636424523543
T25_C0p5_D80_3,T25_C0p5_D80,2,850,900,random_forest,0.874236,0.8757331760619586
T25_C0p5_D80_3,T25_C0p5_D80,2,900,950,persistence,0.867438,0.880978704858674
T25_C0p5_D80_3,T25_C0p5_D80,2,900,950,local_linear,0.867438,0.8759268865505108
T25_C0p5_D80_3,T25_C0p5_D80,2,900,950,ridge,0.867438,0.8653491087785449
T25_C0p5_D80_3,T25_C0p5_D80,2,900,950,random_forest,0.867438,0.8643226489574312
T25_C0p5_D80_3,T25_C0p5_D80,2,950,1000,persistence,0.860817,0.8770961212943966
T25_C0p5_D80_3,T25_C0p5_D80,2,950,1000,local_linear,0.860817,0.8719481303158658
T25_C0p5_D80_3,T25_C0p5_D80,2,950,1000,ridge,0.860817,0.8603782814489791
T25_C0p5_D80_3,T25_C0p5_D80,2,950,1000,random_forest,0.860817,0.8627941084618502
T25_C1_D50_0,T25_C1_D50,2,100,150,persistence,0.965507,0.9766388084158575
T25_C1_D50_0,T25_C1_D50,2,100,150,local_linear,0.965507,0.9667479140869966
T25_C1_D50_0,T25_C1_D50,2,100,150,ridge,0.965507,0.9640129060980221
T25_C1_D50_0,T25_C1_D50,2,100,150,random_forest,0.965507,0.9606230685193451
T25_C1_D50_0,T25_C1_D50,2,150,200,persistence,0.960171,0.9708795831810412
T25_C1_D50_0,T25_C1_D50,2,150,200,local_linear,0.960171,0.9626911280022152
T25_C1_D50_0,T25_C1_D50,2,150,200,ridge,0.960171,0.9600849433714432
T25_C1_D50_0,T25_C1_D50,2,150,200,random_forest,0.960171,0.956696123844246
T25_C1_D50_0,T25_C1_D50,2,200,250,persistence,0.95547,0.9624995400567633
T25_C1_D50_0,T25_C1_D50,2,200,250,local_linear,0.95547,0.956461994397321
T25_C1_D50_0,T25_C1_D50,2,200,250,ridge,0.95547,0.9521294075809936
T25_C1_D50_0,T25_C1_D50,2,200,250,random_forest,0.95547,0.94878300178391
T25_C1_D50_0,T25_C1_D50,2,250,300,persistence,0.95122,0.9572726224614201
T25_C1_D50_0,T25_C1_D50,2,250,300,local_linear,0.95122,0.9514860632678455
T25_C1_D50_0,T25_C1_D50,2,250,300,ridge,0.95122,0.9476559570527292
T25_C1_D50_0,T25_C1_D50,2,250,300,random_forest,0.95122,0.9454544983565567
T25_C1_D50_0,T25_C1_D50,2,300,350,persistence,0.947311,0.9535469595912272
T25_C1_D50_0,T25_C1_D50,2,300,350,local_linear,0.947311,0.9496112523882798
T25_C1_D50_0,T25_C1_D50,2,300,350,ridge,0.947311,0.9446774820656989
T25_C1_D50_0,T25_C1_D50,2,300,350,random_forest,0.947311,0.9414361142602365
T25_C1_D50_0,T25_C1_D50,2,350,400,persistence,0.943673,0.9450216970556276
T25_C1_D50_0,T25_C1_D50,2,350,400,local_linear,0.943673,0.9420426394021317
T25_C1_D50_0,T25_C1_D50,2,350,400,ridge,0.943673,0.9373644607054245
T25_C1_D50_0,T25_C1_D50,2,350,400,random_forest,0.943673,0.9358437526447514
T25_C1_D50_0,T25_C1_D50,2,400,450,persistence,0.940257,0.9479123483107207
T25_C1_D50_0,T25_C1_D50,2,400,450,local_linear,0.940257,0.9457808902273542
T25_C1_D50_0,T25_C1_D50,2,400,450,ridge,0.940257,0.9402128571102303
T25_C1_D50_0,T25_C1_D50,2,400,450,random_forest,0.940257,0.9380714768450128
T25_C1_D50_0,T25_C1_D50,2,450,500,persistence,0.937025,0.9428419340674438
T25_C1_D50_0,T25_C1_D50,2,450,500,local_linear,0.937025,0.9381030947849839
T25_C1_D50_0,T25_C1_D50,2,450,500,ridge,0.937025,0.9343029798265634
T25_C1_D50_0,T25_C1_D50,2,450,500,random_forest,0.937025,0.9332944595387428
T25_C1_D50_0,T25_C1_D50,2,500,550,persistence,0.933951,0.9439467790481753
T25_C1_D50_0,T25_C1_D50,2,500,550,local_linear,0.933951,0.9426775651202401
T25_C1_D50_0,T25_C1_D50,2,500,550,ridge,0.933951,0.9359179481986932
T25_C1_D50_0,T25_C1_D50,2,500,550,random_forest,0.933951,0.9318294009714588
T25_C1_D50_0,T25_C1_D50,2,550,600,persistence,0.931014,0.9329287468202592
T25_C1_D50_0,T25_C1_D50,2,550,600,local_linear,0.931014,0.9275416892347506
T25_C1_D50_0,T25_C1_D50,2,550,600,ridge,0.931014,0.924186106642964
T25_C1_D50_0,T25_C1_D50,2,550,600,random_forest,0.931014,0.9230370207228533
T25_C1_D50_0,T25_C1_D50,2,600,650,persistence,0.928197,0.9365425514952449
T25_C1_D50_0,T25_C1_D50,2,600,650,local_linear,0.928197,0.9330462882744726
T25_C1_D50_0,T25_C1_D50,2,600,650,ridge,0.928197,0.9275898758673695
T25_C1_D50_0,T25_C1_D50,2,600,650,random_forest,0.928197,0.9236858004967085
T25_C1_D50_0,T25_C1_D50,2,650,700,persistence,0.925487,0.9323056770487099
T25_C1_D50_0,T25_C1_D50,2,650,700,local_linear,0.925487,0.9292753813046364
T25_C1_D50_0,T25_C1_D50,2,650,700,ridge,0.925487,0.9237666147132177
T25_C1_D50_0,T25_C1_D50,2,650,700,random_forest,0.925487,0.9218059625496204
T25_C1_D50_0,T25_C1_D50,2,700,750,persistence,0.922871,0.9269781851989042
T25_C1_D50_0,T25_C1_D50,2,700,750,local_linear,0.922871,0.9251030061807534
T25_C1_D50_0,T25_C1_D50,2,700,750,ridge,0.922871,0.919480481367174
T25_C1_D50_0,T25_C1_D50,2,700,750,random_forest,0.922871,0.9160252152569829
T25_C1_D50_0,T25_C1_D50,2,750,800,persistence,0.920342,0.9242867200282591
T25_C1_D50_0,T25_C1_D50,2,750,800,local_linear,0.920342,0.9240867258347215
T25_C1_D50_0,T25_C1_D50,2,750,800,ridge,0.920342,0.9178333142716614
T25_C1_D50_0,T25_C1_D50,2,750,800,random_forest,0.920342,0.9157917236755948
T25_C1_D50_0,T25_C1_D50,2,800,850,persistence,0.91789,0.9270159618700925
T25_C1_D50_0,T25_C1_D50,2,800,850,local_linear,0.91789,0.924038202784609
T25_C1_D50_0,T25_C1_D50,2,800,850,ridge,0.91789,0.9186425251064685
T25_C1_D50_0,T25_C1_D50,2,800,850,random_forest,0.91789,0.9151559691039866
T25_C1_D50_0,T25_C1_D50,2,850,900,persistence,0.91551,0.9240615318194865
T25_C1_D50_0,T25_C1_D50,2,850,900,local_linear,0.91551,0.9224420997510033
T25_C1_D50_0,T25_C1_D50,2,850,900,ridge,0.91551,0.9162040967006185
T25_C1_D50_0,T25_C1_D50,2,850,900,random_forest,0.91551,0.9140542628679651
T25_C1_D50_0,T25_C1_D50,2,900,950,persistence,0.913195,0.9210629472181407
T25_C1_D50_0,T25_C1_D50,2,900,950,local_linear,0.913195,0.9192924596893052
T25_C1_D50_0,T25_C1_D50,2,900,950,ridge,0.913195,0.9126759797577979
T25_C1_D50_0,T25_C1_D50,2,900,950,random_forest,0.913195,0.9086989731306364
T25_C1_D50_0,T25_C1_D50,2,950,1000,persistence,0.91094,0.9196181121967135
T25_C1_D50_0,T25_C1_D50,2,950,1000,local_linear,0.91094,0.9183928969383659
T25_C1_D50_0,T25_C1_D50,2,950,1000,ridge,0.91094,0.9122244693610687
T25_C1_D50_0,T25_C1_D50,2,950,1000,random_forest,0.91094,0.9101659553930095
T25_C2_D100_1,T25_C2_D100,2,100,150,persistence,0.927278,0.9514366806838355
T25_C2_D100_1,T25_C2_D100,2,100,150,local_linear,0.927278,0.9284937863298516
T25_C2_D100_1,T25_C2_D100,2,100,150,ridge,0.927278,0.9262983654696724
T25_C2_D100_1,T25_C2_D100,2,100,150,random_forest,0.927278,0.9302780039680283
T25_C2_D100_1,T25_C2_D100,2,150,200,persistence,0.916028,0.9376057220423933
T25_C2_D100_1,T25_C2_D100,2,150,200,local_linear,0.916028,0.9211729975811142
T25_C2_D100_1,T25_C2_D100,2,150,200,ridge,0.916028,0.9158757196854808
T25_C2_D100_1,T25_C2_D100,2,150,200,random_forest,0.916028,0.9153473722882843
T25_C2_D100_1,T25_C2_D100,2,200,250,persistence,0.906116,0.9233756063295586
T25_C2_D100_1,T25_C2_D100,2,200,250,local_linear,0.906116,0.9116558201521503
T25_C2_D100_1,T25_C2_D100,2,200,250,ridge,0.906116,0.9045385260130995
T25_C2_D100_1,T25_C2_D100,2,200,250,random_forest,0.906116,0.9042413594877343
T25_C2_D100_1,T25_C2_D100,2,250,300,persistence,0.897155,0.9142343873105072
T25_C2_D100_1,T25_C2_D100,2,250,300,local_linear,0.897155,0.9042789327391642
T25_C2_D100_1,T25_C2_D100,2,250,300,ridge,0.897155,0.8956965960212848
T25_C2_D100_1,T25_C2_D100,2,250,300,random_forest,0.897155,0.8955465529207253
T25_C2_D100_1,T25_C2_D100,2,300,350,persistence,0.888915,0.9038719659790977
T25_C2_D100_1,T25_C2_D100,2,300,350,local_linear,0.888915,0.8921038986581602
T25_C2_D100_1,T25_C2_D100,2,300,350,ridge,0.888915,0.8852044521228848
T25_C2_D100_1,T25_C2_D100,2,300,350,random_forest,0.888915,0.8839762775552396
T25_C2_D100_1,T25_C2_D100,2,350,400,persistence,0.881245,0.8946885056052855
T25_C2_D100_1,T25_C2_D100,2,350,400,local_linear,0.881245,0.8856706484245396
T25_C2_D100_1,T25_C2_D100,2,350,400,ridge,0.881245,0.8767331582026141
T25_C2_D100_1,T25_C2_D100,2,350,400,random_forest,0.881245,0.8747893484352453
T25_C2_D100_1,T25_C2_D100,2,400,450,persistence,0.874042,0.8922560680418048
T25_C2_D100_1,T25_C2_D100,2,400,450,local_linear,0.874042,0.8836365365964107
T25_C2_D100_1,T25_C2_D100,2,400,450,ridge,0.874042,0.8739586507678148
T25_C2_D100_1,T25_C2_D100,2,400,450,random_forest,0.874042,0.8755888230341362
T25_C2_D100_1,T25_C2_D100,2,450,500,persistence,0.867228,0.8798684347916885
T25_C2_D100_1,T25_C2_D100,2,450,500,local_linear,0.867228,0.872240544841977
T25_C2_D100_1,T25_C2_D100,2,450,500,ridge,0.867228,0.8624005453972455
T25_C2_D100_1,T25_C2_D100,2,450,500,random_forest,0.867228,0.8631089405853178
T25_C2_D100_1,T25_C2_D100,2,500,550,persistence,0.860748,0.8730476425527068
T25_C2_D100_1,T25_C2_D100,2,500,550,local_linear,0.860748,0.8650204744908979
T25_C2_D100_1,T25_C2_D100,2,500,550,ridge,0.860748,0.8563662452849404
T25_C2_D100_1,T25_C2_D100,2,500,550,random_forest,0.860748,0.857321567917395
T25_C2_D100_1,T25_C2_D100,2,550,600,persistence,0.854556,0.8649524903414432
T25_C2_D100_1,T25_C2_D100,2,550,600,local_linear,0.854556,0.8591266843088193
T25_C2_D100_1,T25_C2_D100,2,550,600,ridge,0.854556,0.8480226094176979
T25_C2_D100_1,T25_C2_D100,2,550,600,random_forest,0.854556,0.8470026208443814
T25_C2_D100_1,T25_C2_D100,2,600,650,persistence,0.848617,0.8666701472277332
T25_C2_D100_1,T25_C2_D100,2,600,650,local_linear,0.848617,0.8600379472292774
T25_C2_D100_1,T25_C2_D100,2,600,650,ridge,0.848617,0.8487705643495549
T25_C2_D100_1,T25_C2_D100,2,600,650,random_forest,0.848617,0.8495473658576838
T25_C2_D100_1,T25_C2_D100,2,650,700,persistence,0.842902,0.854437715359716
T25_C2_D100_1,T25_C2_D100,2,650,700,local_linear,0.842902,0.8477168181567983
T25_C2_D100_1,T25_C2_D100,2,650,700,ridge,0.842902,0.8377459745203542
T25_C2_D100_1,T25_C2_D100,2,650,700,random_forest,0.842902,0.8374756349701169
T25_C2_D100_1,T25_C2_D100,2,700,750,persistence,0.831875,0.8549090149695768
T25_C2_D100_1,T25_C2_D100,2,700,750,local_linear,0.831875,0.8498727088956155
T25_C2_D100_1,T25_C2_D100,2,700,750,ridge,0.831875,0.8374032435186725
T25_C2_D100_1,T25_C2_D100,2,700,750,random_forest,0.831875,0.8374439024905304
T25_C2_D100_1,T25_C2_D100,2,750,800,persistence,0.821209,0.8435337503678321
T25_C2_D100_1,T25_C2_D100,2,750,800,local_linear,0.821209,0.8340186811831439
T25_C2_D100_1,T25_C2_D100,2,750,800,ridge,0.821209,0.8240311466164164
T25_C2_D100_1,T25_C2_D100,2,750,800,random_forest,0.821209,0.8252195443427579
T25_C2_D100_1,T25_C2_D100,2,800,850,persistence,0.810871,0.8292799035568171
T25_C2_D100_1,T25_C2_D100,2,800,850,local_linear,0.810871,0.8176967266244505
T25_C2_D100_1,T25_C2_D100,2,800,850,ridge,0.810871,0.810404083865629
T25_C2_D100_1,T25_C2_D100,2,800,850,random_forest,0.810871,0.808056295972673
T25_C2_D100_1,T25_C2_D100,2,850,900,persistence,0.800834,0.8252408706465302
T25_C2_D100_1,T25_C2_D100,2,850,900,local_linear,0.800834,0.8159591042875066
T25_C2_D100_1,T25_C2_D100,2,850,900,ridge,0.800834,0.8066895020781928
T25_C2_D100_1,T25_C2_D100,2,850,900,random_forest,0.800834,0.8045561944010677
T25_C2_D100_1,T25_C2_D100,2,900,950,persistence,0.791071,0.8080519616125756
T25_C2_D100_1,T25_C2_D100,2,900,950,local_linear,0.791071,0.797914618889343
T25_C2_D100_1,T25_C2_D100,2,900,950,ridge,0.791071,0.7895545189849961
T25_C2_D100_1,T25_C2_D100,2,900,950,random_forest,0.791071,0.785811562229212
T25_C2_D100_1,T25_C2_D100,2,950,1000,persistence,0.781562,0.8008367585218373
T25_C2_D100_1,T25_C2_D100,2,950,1000,local_linear,0.781562,0.7901202284789405
T25_C2_D100_1,T25_C2_D100,2,950,1000,ridge,0.781562,0.7823993316347361
T25_C2_D100_1,T25_C2_D100,2,950,1000,random_forest,0.781562,0.7751598482600561
T25_C2_D50_2,T25_C2_D50,2,100,150,persistence,0.95695,0.9722647375884904
T25_C2_D50_2,T25_C2_D50,2,100,150,local_linear,0.95695,0.9594356367670775
T25_C2_D50_2,T25_C2_D50,2,100,150,ridge,0.95695,0.9570165090682918
T25_C2_D50_2,T25_C2_D50,2,100,150,random_forest,0.95695,0.9553269365848213
T25_C2_D50_2,T25_C2_D50,2,150,200,persistence,0.950291,0.9643537831054176
T25_C2_D50_2,T25_C2_D50,2,150,200,local_linear,0.950291,0.9538221474598989
T25_C2_D50_2,T25_C2_D50,2,150,200,ridge,0.950291,0.9507740392451921
T25_C2_D50_2,T25_C2_D50,2,150,200,random_forest,0.950291,0.9488791072646103
T25_C2_D50_2,T25_C2_D50,2,200,250,persistence,0.944423,0.9555115396469486
T25_C2_D50_2,T25_C2_D50,2,200,250,local_linear,0.944423,0.9478715581887779
T25_C2_D50_2,T25_C2_D50,2,200,250,ridge,0.944423,0.9453203525344724
T25_C2_D50_2,T25_C2_D50,2,200,250,random_forest,0.944423,0.9442323680514975
T25_C2_D50_2,T25_C2_D50,2,250,300,persistence,0.939119,0.9501267362823039
T25_C2_D50_2,T25_C2_D50,2,250,300,local_linear,0.939119,0.9425582695347651
T25_C2_D50_2,T25_C2_D50,2,250,300,ridge,0.939119,0.9387879859702466
T25_C2_D50_2,T25_C2_D50,2,250,300,random_forest,0.939119,0.9378940158317555
T25_C2_D50_2,T25_C2_D50,2,300,350,persistence,0.934241,0.9428379114165548
T25_C2_D50_2,T25_C2_D50,2,300,350,local_linear,0.934241,0.9358863826052227
T25_C2_D50_2,T25_C2_D50,2,300,350,ridge,0.934241,0.9329843029865209
T25_C2_D50_2,T25_C2_D50,2,300,350,random_forest,0.934241,0.9332715391362285
T25_C2_D50_2,T25_C2_D50,2,350,400,persistence,0.9297,0.9385797057126837
T25_C2_D50_2,T25_C2_D50,2,350,400,local_linear,0.9297,0.9357590837276273
T25_C2_D50_2,T25_C2_D50,2,350,400,ridge,0.9297,0.9303624073371715
T25_C2_D50_2,T25_C2_D50,2,350,400,random_forest,0.9297,0.9298319164351101
T25_C2_D50_2,T25_C2_D50,2,400,450,persistence,0.925436,0.9330858153018161
T25_C2_D50_2,T25_C2_D50,2,400,450,local_linear,0.925436,0.9282507065621094
T25_C2_D50_2,T25_C2_D50,2,400,450,ridge,0.925436,0.9242149385839791
T25_C2_D50_2,T25_C2_D50,2,400,450,random_forest,0.925436,0.9254106978360529
T25_C2_D50_2,T25_C2_D50,2,450,500,persistence,0.921403,0.9307492565169982
T25_C2_D50_2,T25_C2_D50,2,450,500,local_linear,0.921403,0.9279925748906822
T25_C2_D50_2,T25_C2_D50,2,450,500,ridge,0.921403,0.921814974624056
T25_C2_D50_2,T25_C2_D50,2,450,500,random_forest,0.921403,0.9213025184441775
T25_C2_D50_2,T25_C2_D50,2,500,550,persistence,0.917566,0.9301857195052878
T25_C2_D50_2,T25_C2_D50,2,500,550,local_linear,0.917566,0.9257544948289158
T25_C2_D50_2,T25_C2_D50,2,500,550,ridge,0.917566,0.9203551915109393
T25_C2_D50_2,T25_C2_D50,2,500,550,random_forest,0.917566,0.920658455919237
T25_C2_D50_2,T25_C2_D50,2,550,600,persistence,0.913901,0.9286604063087562
T25_C2_D50_2,T25_C2_D50,2,550,600,local_linear,0.913901,0.9248389534050346
T25_C2_D50_2,T25_C2_D50,2,550,600,ridge,0.913901,0.9181796272678837
T25_C2_D50_2,T25_C2_D50,2,550,600,random_forest,0.913901,0.9168768287565386
T25_C2_D50_2,T25_C2_D50,2,600,650,persistence,0.910385,0.9230998251272721
T25_C2_D50_2,T25_C2_D50,2,600,650,local_linear,0.910385,0.9187621440397751
T25_C2_D50_2,T25_C2_D50,2,600,650,ridge,0.910385,0.9138076512996076
T25_C2_D50_2,T25_C2_D50,2,600,650,random_forest,0.910385,0.9119702204074566
T25_C2_D50_2,T25_C2_D50,2,650,700,persistence,0.907002,0.920458870610854
T25_C2_D50_2,T25_C2_D50,2,650,700,local_linear,0.907002,0.916951040553196
T25_C2_D50_2,T25_C2_D50,2,650,700,ridge,0.907002,0.911223562457475
T25_C2_D50_2,T25_C2_D50,2,650,700,random_forest,0.907002,0.9095245549355152
T25_C2_D50_2,T25_C2_D50,2,700,750,persistence,0.903738,0.911518020084402
T25_C2_D50_2,T25_C2_D50,2,700,750,local_linear,0.903738,0.908043379340042
T25_C2_D50_2,T25_C2_D50,2,700,750,ridge,0.903738,0.9033372924425004
T25_C2_D50_2,T25_C2_D50,2,700,750,random_forest,0.903738,0.8995224348054203
T25_C2_D50_2,T25_C2_D50,2,750,800,persistence,0.900581,0.9102194555079669
T25_C2_D50_2,T25_C2_D50,2,750,800,local_linear,0.900581,0.9064696565219631
T25_C2_D50_2,T25_C2_D50,2,750,800,ridge,0.900581,0.9017346847538407
T25_C2_D50_2,T25_C2_D50,2,750,800,random_forest,0.900581,0.8985905663530394
T25_C2_D50_2,T25_C2_D50,2,800,850,persistence,0.897522,0.9109654394135784
T25_C2_D50_2,T25_C2_D50,2,800,850,local_linear,0.897522,0.908839872407341
T25_C2_D50_2,T25_C2_D50,2,800,850,ridge,0.897522,0.9028582213462867
T25_C2_D50_2,T25_C2_D50,2,800,850,random_forest,0.897522,0.8994172310777421
T25_C2_D50_2,T25_C2_D50,2,850,900,persistence,0.894551,0.9089447090638949
T25_C2_D50_2,T25_C2_D50,2,850,900,local_linear,0.894551,0.9066553246163875
T25_C2_D50_2,T25_C2_D50,2,850,900,ridge,0.894551,0.8990946969667537
T25_C2_D50_2,T25_C2_D50,2,850,900,random_forest,0.894551,0.8967608928478986
T25_C2_D50_2,T25_C2_D50,2,900,950,persistence,0.891661,0.9051766805240561
T25_C2_D50_2,T25_C2_D50,2,900,950,local_linear,0.891661,0.9025290104805732
T25_C2_D50_2,T25_C2_D50,2,900,950,ridge,0.891661,0.8973532024598
T25_C2_D50_2,T25_C2_D50,2,900,950,random_forest,0.891661,0.8960284897384565
T25_C2_D50_2,T25_C2_D50,2,950,1000,persistence,0.888847,0.8991130603870637
T25_C2_D50_2,T25_C2_D50,2,950,1000,local_linear,0.888847,0.8979715742854477
T25_C2_D50_2,T25_C2_D50,2,950,1000,ridge,0.888847,0.8910104054996898
T25_C2_D50_2,T25_C2_D50,2,950,1000,random_forest,0.888847,0.8865521000982527
T25_C2_D80_3,T25_C2_D80,2,100,150,persistence,0.940933,0.9519197452257414
T25_C2_D80_3,T25_C2_D80,2,100,150,local_linear,0.940933,0.9315197428236847
T25_C2_D80_3,T25_C2_D80,2,100,150,ridge,0.940933,0.9294704837732791
T25_C2_D80_3,T25_C2_D80,2,100,150,random_forest,0.940933,0.933722596950983
T25_C2_D80_3,T25_C2_D80,2,150,200,persistence,0.931795,0.9468116802432979
T25_C2_D80_3,T25_C2_D80,2,150,200,local_linear,0.931795,0.9330155824985135
T25_C2_D80_3,T25_C2_D80,2,150,200,ridge,0.931795,0.9262034339913573
T25_C2_D80_3,T25_C2_D80,2,150,200,random_forest,0.931795,0.9270906245389158
T25_C2_D80_3,T25_C2_D80,2,200,250,persistence,0.923744,0.9356355121417237
T25_C2_D80_3,T25_C2_D80,2,200,250,local_linear,0.923744,0.9243949231771871
T25_C2_D80_3,T25_C2_D80,2,200,250,ridge,0.923744,0.9169880482883118
T25_C2_D80_3,T25_C2_D80,2,200,250,random_forest,0.923744,0.9174377346597844
T25_C2_D80_3,T25_C2_D80,2,250,300,persistence,0.916466,0.9277940971999991
T25_C2_D80_3,T25_C2_D80,2,250,300,local_linear,0.916466,0.9174117036185253
T25_C2_D80_3,T25_C2_D80,2,250,300,ridge,0.916466,0.9094681649720273
T25_C2_D80_3,T25_C2_D80,2,250,300,random_forest,0.916466,0.9127078565390514
T25_C2_D80_3,T25_C2_D80,2,300,350,persistence,0.909773,0.9180160536032327
T25_C2_D80_3,T25_C2_D80,2,300,350,local_linear,0.909773,0.9120309267672171
T25_C2_D80_3,T25_C2_D80,2,300,350,ridge,0.909773,0.9007418236058474
T25_C2_D80_3,T25_C2_D80,2,300,350,random_forest,0.909773,0.9011063897564939
T25_C2_D80_3,T25_C2_D80,2,350,400,persistence,0.903543,0.9137025029408065
T25_C2_D80_3,T25_C2_D80,2,350,400,local_linear,0.903543,0.907110070727845
T25_C2_D80_3,T25_C2_D80,2,350,400,ridge,0.903543,0.8966212687417595
T25_C2_D80_3,T25_C2_D80,2,350,400,random_forest,0.903543,0.8973736664615595
T25_C2_D80_3,T25_C2_D80,2,400,450,persistence,0.897692,0.9112168869604751
T25_C2_D80_3,T25_C2_D80,2,400,450,local_linear,0.897692,0.9064904205088347
T25_C2_D80_3,T25_C2_D80,2,400,450,ridge,0.897692,0.8946549552093542
T25_C2_D80_3,T25_C2_D80,2,400,450,random_forest,0.897692,0.8971642608861629
T25_C2_D80_3,T25_C2_D80,2,450,500,persistence,0.892158,0.8977862844758522
T25_C2_D80_3,T25_C2_D80,2,450,500,local_linear,0.892158,0.8888586424559556
T25_C2_D80_3,T25_C2_D80,2,450,500,ridge,0.892158,0.8806287044309733
T25_C2_D80_3,T25_C2_D80,2,450,500,random_forest,0.892158,0.8778463733193546
T25_C2_D80_3,T25_C2_D80,2,500,550,persistence,0.886895,0.8968902488816106
T25_C2_D80_3,T25_C2_D80,2,500,550,local_linear,0.886895,0.8927354340529537
T25_C2_D80_3,T25_C2_D80,2,500,550,ridge,0.886895,0.8815233468034466
T25_C2_D80_3,T25_C2_D80,2,500,550,random_forest,0.886895,0.8810864747652868
T25_C2_D80_3,T25_C2_D80,2,550,600,persistence,0.881865,0.8911559521260982
T25_C2_D80_3,T25_C2_D80,2,550,600,local_linear,0.881865,0.8856501568692667
T25_C2_D80_3,T25_C2_D80,2,550,600,ridge,0.881865,0.8740929804579227
T25_C2_D80_3,T25_C2_D80,2,550,600,random_forest,0.881865,0.8754055203586695
T25_C2_D80_3,T25_C2_D80,2,600,650,persistence,0.877041,0.8831374267005364
T25_C2_D80_3,T25_C2_D80,2,600,650,local_linear,0.877041,0.8793122568816589
T25_C2_D80_3,T25_C2_D80,2,600,650,ridge,0.877041,0.8674085155610309
T25_C2_D80_3,T25_C2_D80,2,600,650,random_forest,0.877041,0.8705866747801675
T25_C2_D80_3,T25_C2_D80,2,650,700,persistence,0.8724,0.8785717280907158
T25_C2_D80_3,T25_C2_D80,2,650,700,local_linear,0.8724,0.8727790159458092
T25_C2_D80_3,T25_C2_D80,2,650,700,ridge,0.8724,0.8618324604051402
T25_C2_D80_3,T25_C2_D80,2,650,700,random_forest,0.8724,0.8628565930759005
T25_C2_D80_3,T25_C2_D80,2,700,750,persistence,0.867921,0.8741163786920086
T25_C2_D80_3,T25_C2_D80,2,700,750,local_linear,0.867921,0.8690952103197395
T25_C2_D80_3,T25_C2_D80,2,700,750,ridge,0.867921,0.8581593764165283
T25_C2_D80_3,T25_C2_D80,2,700,750,random_forest,0.867921,0.8592895146167028
T25_C2_D80_3,T25_C2_D80,2,750,800,persistence,0.86359,0.8697680680280816
T25_C2_D80_3,T25_C2_D80,2,750,800,local_linear,0.86359,0.8643136944110625
T25_C2_D80_3,T25_C2_D80,2,750,800,ridge,0.86359,0.8541487979884906
T25_C2_D80_3,T25_C2_D80,2,750,800,random_forest,0.86359,0.859090373738726
T25_C2_D80_3,T25_C2_D80,2,800,850,persistence,0.859391,0.8652939592634852
T25_C2_D80_3,T25_C2_D80,2,800,850,local_linear,0.859391,0.8611731325215803
T25_C2_D80_3,T25_C2_D80,2,800,850,ridge,0.859391,0.8500979356447166
T25_C2_D80_3,T25_C2_D80,2,800,850,random_forest,0.859391,0.8494891958705362
T25_C2_D80_3,T25_C2_D80,2,850,900,persistence,0.853291,0.8673944564970304
T25_C2_D80_3,T25_C2_D80,2,850,900,local_linear,0.853291,0.863071739864278
T25_C2_D80_3,T25_C2_D80,2,850,900,ridge,0.853291,0.8508556933896297
T25_C2_D80_3,T25_C2_D80,2,850,900,random_forest,0.853291,0.8516875618653048
T25_C2_D80_3,T25_C2_D80,2,900,950,persistence,0.845362,0.8570685290670856
T25_C2_D80_3,T25_C2_D80,2,900,950,local_linear,0.845362,0.8520137245468925
T25_C2_D80_3,T25_C2_D80,2,900,950,ridge,0.845362,0.840481243697005
T25_C2_D80_3,T25_C2_D80,2,900,950,random_forest,0.845362,0.8428801985771692
T25_C2_D80_3,T25_C2_D80,2,950,1000,persistence,0.837639,0.8568196915960247
T25_C2_D80_3,T25_C2_D80,2,950,1000,local_linear,0.837639,0.8502047965480005
T25_C2_D80_3,T25_C2_D80,2,950,1000,ridge,0.837639,0.8388944112965255
T25_C2_D80_3,T25_C2_D80,2,950,1000,random_forest,0.837639,0.8418855878423654
T35_C0p5_D50_0,T35_C0p5_D50,2,100,150,persistence,0.95673,0.9733425554063122
T35_C0p5_D50_0,T35_C0p5_D50,2,100,150,local_linear,0.95673,0.9600796880227704
T35_C0p5_D50_0,T35_C0p5_D50,2,100,150,ridge,0.95673,0.9581742238346821
T35_C0p5_D50_0,T35_C0p5_D50,2,100,150,random_forest,0.95673,0.9582494189159455
T35_C0p5_D50_0,T35_C0p5_D50,2,150,200,persistence,0.950036,0.9640000413215497
T35_C0p5_D50_0,T35_C0p5_D50,2,150,200,local_linear,0.950036,0.9541846283251334
T35_C0p5_D50_0,T35_C0p5_D50,2,150,200,ridge,0.950036,0.9507901613642757
T35_C0p5_D50_0,T35_C0p5_D50,2,150,200,random_forest,0.950036,0.9503915834280299
T35_C0p5_D50_0,T35_C0p5_D50,2,200,250,persistence,0.944139,0.953332835232483
T35_C0p5_D50_0,T35_C0p5_D50,2,200,250,local_linear,0.944139,0.945695066085929
T35_C0p5_D50_0,T35_C0p5_D50,2,200,250,ridge,0.944139,0.9410916973490444
T35_C0p5_D50_0,T35_C0p5_D50,2,200,250,random_forest,0.944139,0.9387744296234679
T35_C0p5_D50_0,T35_C0p5_D50,2,250,300,persistence,0.938807,0.9507622504580806
T35_C0p5_D50_0,T35_C0p5_D50,2,250,300,local_linear,0.938807,0.9460001366929109
T35_C0p5_D50_0,T35_C0p5_D50,2,250,300,ridge,0.938807,0.9395037753667189
T35_C0p5_D50_0,T35_C0p5_D50,2,250,300,random_forest,0.938807,0.9387402905266962
T35_C0p5_D50_0,T35_C0p5_D50,2,300,350,persistence,0.933904,0.9450747715843234
T35_C0p5_D50_0,T35_C0p5_D50,2,300,350,local_linear,0.933904,0.937855086484005
T35_C0p5_D50_0,T35_C0p5_D50,2,300,350,ridge,0.933904,0.9328169359529499
T35_C0p5_D50_0,T35_C0p5_D50,2,300,350,random_forest,0.933904,0.9314231819040855
T35_C0p5_D50_0,T35_C0p5_D50,2,350,400,persistence,0.929341,0.9415816591899487
T35_C0p5_D50_0,T35_C0p5_D50,2,350,400,local_linear,0.929341,0.9382512532624667
T35_C0p5_D50_0,T35_C0p5_D50,2,350,400,ridge,0.929341,0.9318604795481463
T35_C0p5_D50_0,T35_C0p5_D50,2,350,400,random_forest,0.929341,0.9317070860058166
T35_C0p5_D50_0,T35_C0p5_D50,2,400,450,persistence,0.925054,0.9360200668976669
T35_C0p5_D50_0,T35_C0p5_D50,2,400,450,local_linear,0.925054,0.9296952626800801
T35_C0p5_D50_0,T35_C0p5_D50,2,400,450,ridge,0.925054,0.924663204533641
T35_C0p5_D50_0,T35_C0p5_D50,2,400,450,random_forest,0.925054,0.9197169867255137
T35_C0p5_D50_0,T35_C0p5_D50,2,450,500,persistence,0.921,0.9337435378021308
T35_C0p5_D50_0,T35_C0p5_D50,2,450,500,local_linear,0.921,0.9294098719876583
T35_C0p5_D50_0,T35_C0p5_D50,2,450,500,ridge,0.921,0.9222960500810372
T35_C0p5_D50_0,T35_C0p5_D50,2,450,500,random_forest,0.921,0.9200557216772636
T35_C0p5_D50_0,T35_C0p5_D50,2,500,550,persistence,0.917144,0.9231854013848005
T35_C0p5_D50_0,T35_C0p5_D50,2,500,550,local_linear,0.917144,0.9193718220200042
T35_C0p5_D50_0,T35_C0p5_D50,2,500,550,ridge,0.917144,0.9136127841916628
T35_C0p5_D50_0,T35_C0p5_D50,2,500,550,random_forest,0.917144,0.9111752053300342
T35_C0p5_D50_0,T35_C0p5_D50,2,550,600,persistence,0.91346,0.9249703962328201
T35_C0p5_D50_0,T35_C0p5_D50,2,550,600,local_linear,0.91346,0.9206962099922253
T35_C0p5_D50_0,T35_C0p5_D50,2,550,600,ridge,0.91346,0.9137696793931288
T35_C0p5_D50_0,T35_C0p5_D50,2,550,600,random_forest,0.91346,0.9105768080023452
T35_C0p5_D50_0,T35_C0p5_D50,2,600,650,persistence,0.909926,0.9206638258902091
T35_C0p5_D50_0,T35_C0p5_D50,2,600,650,local_linear,0.909926,0.9163781792690868
T35_C0p5_D50_0,T35_C0p5_D50,2,600,650,ridge,0.909926,0.9103343167133755
T35_C0p5_D50_0,T35_C0p5_D50,2,600,650,random_forest,0.909926,0.908555332344877
T35_C0p5_D50_0,T35_C0p5_D50,2,650,700,persistence,0.906526,0.9150575486663349
T35_C0p5_D50_0,T35_C0p5_D50,2,650,700,local_linear,0.906526,0.9119454655971865
T35_C0p5_D50_0,T35_C0p5_D50,2,650,700,ridge,0.906526,0.9052629097967031
T35_C0p5_D50_0,T35_C0p5_D50,2,650,700,random_forest,0.906526,0.9031899871234668
T35_C0p5_D50_0,T35_C0p5_D50,2,700,750,persistence,0.903246,0.9095819628552902
T35_C0p5_D50_0,T35_C0p5_D50,2,700,750,local_linear,0.903246,0.9047258773719558
T35_C0p5_D50_0,T35_C0p5_D50,2,700,750,ridge,0.903246,0.9007577948649867
T35_C0p5_D50_0,T35_C0p5_D50,2,700,750,random_forest,0.903246,0.8986384333818096
T35_C0p5_D50_0,T35_C0p5_D50,2,750,800,persistence,0.900072,0.9097948168842734
T35_C0p5_D50_0,T35_C0p5_D50,2,750,800,local_linear,0.900072,0.9075844562125998
T35_C0p5_D50_0,T35_C0p5_D50,2,750,800,ridge,0.900072,0.900025653511416
T35_C0p5_D50_0,T35_C0p5_D50,2,750,800,random_forest,0.900072,0.8984365334036799
T35_C0p5_D50_0,T35_C0p5_D50,2,800,850,persistence,0.896997,0.9092975168391321
T35_C0p5_D50_0,T35_C0p5_D50,2,800,850,local_linear,0.896997,0.9059817031541988
T35_C0p5_D50_0,T35_C0p5_D50,2,800,850,ridge,0.896997,0.8988532772871811
T35_C0p5_D50_0,T35_C0p5_D50,2,800,850,random_forest,0.896997,0.8971511434654582
T35_C0p5_D50_0,T35_C0p5_D50,2,850,900,persistence,0.894011,0.9027725558603686
T35_C0p5_D50_0,T35_C0p5_D50,2,850,900,local_linear,0.894011,0.9000139300537523
T35_C0p5_D50_0,T35_C0p5_D50,2,850,900,ridge,0.894011,0.8937116479224165
T35_C0p5_D50_0,T35_C0p5_D50,2,850,900,random_forest,0.894011,0.8937459077692103
T35_C0p5_D50_0,T35_C0p5_D50,2,900,950,persistence,0.891106,0.8987855068028003
T35_C0p5_D50_0,T35_C0p5_D50,2,900,950,local_linear,0.891106,0.897304395265302
T35_C0p5_D50_0,T35_C0p5_D50,2,900,950,ridge,0.891106,0.8909362115870204
T35_C0p5_D50_0,T35_C0p5_D50,2,900,950,random_forest,0.891106,0.888253008089827
T35_C0p5_D50_0,T35_C0p5_D50,2,950,1000,persistence,0.888278,0.8968707815082222
T35_C0p5_D50_0,T35_C0p5_D50,2,950,1000,local_linear,0.888278,0.8923434894955846
T35_C0p5_D50_0,T35_C0p5_D50,2,950,1000,ridge,0.888278,0.8878348939813308
T35_C0p5_D50_0,T35_C0p5_D50,2,950,1000,random_forest,0.888278,0.8871776515870939
T35_C0p5_D80_1,T35_C0p5_D80,2,100,150,persistence,0.932618,0.9593941746374893
T35_C0p5_D80_1,T35_C0p5_D80,2,100,150,local_linear,0.932618,0.9369307712961555
T35_C0p5_D80_1,T35_C0p5_D80,2,100,150,ridge,0.932618,0.9341881347401041
T35_C0p5_D80_1,T35_C0p5_D80,2,100,150,random_forest,0.932618,0.9333282523216541
T35_C0p5_D80_1,T35_C0p5_D80,2,150,200,persistence,0.922194,0.9415659228374672
T35_C0p5_D80_1,T35_C0p5_D80,2,150,200,local_linear,0.922194,0.9281928488461187
T35_C0p5_D80_1,T35_C0p5_D80,2,150,200,ridge,0.922194,0.9216492715431696
T35_C0p5_D80_1,T35_C0p5_D80,2,150,200,random_forest,0.922194,0.9239915164356823
T35_C0p5_D80_1,T35_C0p5_D80,2,200,250,persistence,0.913011,0.9332461062713516
T35_C0p5_D80_1,T35_C0p5_D80,2,200,250,local_linear,0.913011,0.9225517452303812
T35_C0p5_D80_1,T35_C0p5_D80,2,200,250,ridge,0.913011,0.9155121855061454
T35_C0p5_D80_1,T35_C0p5_D80,2,200,250,random_forest,0.913011,0.9176483540803119
T35_C0p5_D80_1,T35_C0p5_D80,2,250,300,persistence,0.904708,0.9238163296257548
T35_C0p5_D80_1,T35_C0p5_D80,2,250,300,local_linear,0.904708,0.9133827415587945
T35_C0p5_D80_1,T35_C0p5_D80,2,250,300,ridge,0.904708,0.9059539240497766
T35_C0p5_D80_1,T35_C0p5_D80,2,250,300,random_forest,0.904708,0.9062980269721777
T35_C0p5_D80_1,T35_C0p5_D80,2,300,350,persistence,0.897073,0.9145885975893456
T35_C0p5_D80_1,T35_C0p5_D80,2,300,350,local_linear,0.897073,0.905096970291904
T35_C0p5_D80_1,T35_C0p5_D80,2,300,350,ridge,0.897073,0.8974348505047408
T35_C0p5_D80_1,T35_C0p5_D80,2,300,350,random_forest,0.897073,0.8968484493357678
T35_C0p5_D80_1,T35_C0p5_D80,2,350,400,persistence,0.889966,0.9114386552980158
T35_C0p5_D80_1,T35_C0p5_D80,2,350,400,local_linear,0.889966,0.9025197619023385
T35_C0p5_D80_1,T35_C0p5_D80,2,350,400,ridge,0.889966,0.893978414767208
T35_C0p5_D80_1,T35_C0p5_D80,2,350,400,random_forest,0.889966,0.8939041532194716
T35_C0p5_D80_1,T35_C0p5_D80,2,400,450,persistence,0.883291,0.9067684944077856
T35_C0p5_D80_1,T35_C0p5_D80,2,400,450,local_linear,0.883291,0.90063116433667
T35_C0p5_D80_1,T35_C0p5_D80,2,400,450,ridge,0.883291,0.8899221261668517
T35_C0p5_D80_1,T35_C0p5_D80,2,400,450,random_forest,0.883291,0.8940556535788685
T35_C0p5_D80_1,T35_C0p5_D80,2,450,500,persistence,0.876978,0.8949028720666902
T35_C0p5_D80_1,T35_C0p5_D80,2,450,500,local_linear,0.876978,0.8885217032871007
T35_C0p5_D80_1,T35_C0p5_D80,2,450,500,ridge,0.876978,0.8786844717947385
T35_C0p5_D80_1,T35_C0p5_D80,2,450,500,random_forest,0.876978,0.8791262063162879
T35_C0p5_D80_1,T35_C0p5_D80,2,500,550,persistence,0.870974,0.8878400505882685
T35_C0p5_D80_1,T35_C0p5_D80,2,500,550,local_linear,0.870974,0.8807705447748949
T35_C0p5_D80_1,T35_C0p5_D80,2,500,550,ridge,0.870974,0.8709665573833066
T35_C0p5_D80_1,T35_C0p5_D80,2,500,550,random_forest,0.870974,0.8699054561723868
T35_C0p5_D80_1,T35_C0p5_D80,2,550,600,persistence,0.865237,0.878378913329032
T35_C0p5_D80_1,T35_C0p5_D80,2,550,600,local_linear,0.865237,0.873525677242615
T35_C0p5_D80_1,T35_C0p5_D80,2,550,600,ridge,0.865237,0.8633543812378617
T35_C0p5_D80_1,T35_C0p5_D80,2,550,600,random_forest,0.865237,0.8652968813666192
T35_C0p5_D80_1,T35_C0p5_D80,2,600,650,persistence,0.859734,0.8793264151476905
T35_C0p5_D80_1,T35_C0p5_D80,2,600,650,local_linear,0.859734,0.8744835255510754
T35_C0p5_D80_1,T35_C0p5_D80,2,600,650,ridge,0.859734,0.8628804505704429
T35_C0p5_D80_1,T35_C0p5_D80,2,600,650,random_forest,0.859734,0.8629562466477276
T35_C0p5_D80_1,T35_C0p5_D80,2,650,700,persistence,0.854439,0.8564958884179085
T35_C0p5_D80_1,T35_C0p5_D80,2,650,700,local_linear,0.854439,0.8495336134662762
T35_C0p5_D80_1,T35_C0p5_D80,2,650,700,ridge,0.854439,0.8428241530046973
T35_C0p5_D80_1,T35_C0p5_D80,2,650,700,random_forest,0.854439,0.8437949708094333
T35_C0p5_D80_1,T35_C0p5_D80,2,700,750,persistence,0.84933,0.8685887466807876
T35_C0p5_D80_1,T35_C0p5_D80,2,700,750,local_linear,0.84933,0.8634959593619398
T35_C0p5_D80_1,T35_C0p5_D80,2,700,750,ridge,0.84933,0.8522048288148483
T35_C0p5_D80_1,T35_C0p5_D80,2,700,750,random_forest,0.84933,0.8519853865180822
T35_C0p5_D80_1,T35_C0p5_D80,2,750,800,persistence,0.844389,0.8590237595206454
T35_C0p5_D80_1,T35_C0p5_D80,2,750,800,local_linear,0.844389,0.8532403394957604
T35_C0p5_D80_1,T35_C0p5_D80,2,750,800,ridge,0.844389,0.8432100645991323
T35_C0p5_D80_1,T35_C0p5_D80,2,750,800,random_forest,0.844389,0.8425808976154396
T35_C0p5_D80_1,T35_C0p5_D80,2,800,850,persistence,0.839599,0.852510519943551
T35_C0p5_D80_1,T35_C0p5_D80,2,800,850,local_linear,0.839599,0.84949914444793
T35_C0p5_D80_1,T35_C0p5_D80,2,800,850,ridge,0.839599,0.8389737842259739
T35_C0p5_D80_1,T35_C0p5_D80,2,800,850,random_forest,0.839599,0.8348659342577565
T35_C0p5_D80_1,T35_C0p5_D80,2,850,900,persistence,0.832641,0.8543823887019534
T35_C0p5_D80_1,T35_C0p5_D80,2,850,900,local_linear,0.832641,0.8485930858144692
T35_C0p5_D80_1,T35_C0p5_D80,2,850,900,ridge,0.832641,0.8380252636860691
T35_C0p5_D80_1,T35_C0p5_D80,2,850,900,random_forest,0.832641,0.8358387236634195
T35_C0p5_D80_1,T35_C0p5_D80,2,900,950,persistence,0.823595,0.8410011747377405
T35_C0p5_D80_1,T35_C0p5_D80,2,900,950,local_linear,0.823595,0.834773957135986
T35_C0p5_D80_1,T35_C0p5_D80,2,900,950,ridge,0.823595,0.8253227922980131
T35_C0p5_D80_1,T35_C0p5_D80,2,900,950,random_forest,0.823595,0.8227260724725964
T35_C0p5_D80_1,T35_C0p5_D80,2,950,1000,persistence,0.814785,0.8291201291440352
T35_C0p5_D80_1,T35_C0p5_D80,2,950,1000,local_linear,0.814785,0.8217624603937633
T35_C0p5_D80_1,T35_C0p5_D80,2,950,1000,ridge,0.814785,0.8136985280266796
T35_C0p5_D80_1,T35_C0p5_D80,2,950,1000,random_forest,0.814785,0.8083994932472043
T35_C1_D100_2,T35_C1_D100,2,100,150,persistence,0.922827,0.9611023052043647
T35_C1_D100_2,T35_C1_D100,2,100,150,local_linear,0.922827,0.9357358302392934
T35_C1_D100_2,T35_C1_D100,2,100,150,ridge,0.922827,0.9289239805677894
T35_C1_D100_2,T35_C1_D100,2,100,150,random_forest,0.922827,0.9278291307553209
T35_C1_D100_2,T35_C1_D100,2,150,200,persistence,0.910888,0.9447364168273498
T35_C1_D100_2,T35_C1_D100,2,150,200,local_linear,0.910888,0.9299503992886067
T35_C1_D100_2,T35_C1_D100,2,150,200,ridge,0.910888,0.9167991981577841
T35_C1_D100_2,T35_C1_D100,2,150,200,random_forest,0.910888,0.9179892002554562
T35_C1_D100_2,T35_C1_D100,2,200,250,persistence,0.90037,0.9275934932712295
T35_C1_D100_2,T35_C1_D100,2,200,250,local_linear,0.90037,0.9146181559072455
T35_C1_D100_2,T35_C1_D100,2,200,250,ridge,0.90037,0.9024254260913698
T35_C1_D100_2,T35_C1_D100,2,200,250,random_forest,0.90037,0.9044020109380375
T35_C1_D100_2,T35_C1_D100,2,250,300,persistence,0.89086,0.9162047255250522
T35_C1_D100_2,T35_C1_D100,2,250,300,local_linear,0.89086,0.9055295747343823
T35_C1_D100_2,T35_C1_D100,2,250,300,ridge,0.89086,0.891654141970659
T35_C1_D100_2,T35_C1_D100,2,250,300,random_forest,0.89086,0.8919623632100014
T35_C1_D100_2,T35_C1_D100,2,300,350,persistence,0.882116,0.8981757383494532
T35_C1_D100_2,T35_C1_D100,2,300,350,local_linear,0.882116,0.887820667738555
T35_C1_D100_2,T35_C1_D100,2,300,350,ridge,0.882116,0.8754963708076783
T35_C1_D100_2,T35_C1_D100,2,300,350,random_forest,0.882116,0.8742146350868056
T35_C1_D100_2,T35_C1_D100,2,350,400,persistence,0.873976,0.8939933631012337
T35_C1_D100_2,T35_C1_D100,2,350,400,local_linear,0.873976,0.8826400680677564
T35_C1_D100_2,T35_C1_D100,2,350,400,ridge,0.873976,0.8699437568279113
T35_C1_D100_2,T35_C1_D100,2,350,400,random_forest,0.873976,0.8703110384674873
T35_C1_D100_2,T35_C1_D100,2,400,450,persistence,0.866332,0.8921072264271657
T35_C1_D100_2,T35_C1_D100,2,400,450,local_linear,0.866332,0.8861006753097069
T35_C1_D100_2,T35_C1_D100,2,400,450,ridge,0.866332,0.8695568441899699
T35_C1_D100_2,T35_C1_D100,2,400,450,random_forest,0.866332,0.8760161243465909
T35_C1_D100_2,T35_C1_D100,2,450,500,persistence,0.859101,0.8820655410356484
T35_C1_D100_2,T35_C1_D100,2,450,500,local_linear,0.859101,0.8742265007675706
T35_C1_D100_2,T35_C1_D100,2,450,500,ridge,0.859101,0.8591572415687054
T35_C1_D100_2,T35_C1_D100,2,450,500,random_forest,0.859101,0.8649202078312145
T35_C1_D100_2,T35_C1_D100,2,500,550,persistence,0.852224,0.8798025090930826
T35_C1_D100_2,T35_C1_D100,2,500,550,local_linear,0.852224,0.8726035343701333
T35_C1_D100_2,T35_C1_D100,2,500,550,ridge,0.852224,0.8560495853941306
T35_C1_D100_2,T35_C1_D100,2,500,550,random_forest,0.852224,0.8603628529949914
T35_C1_D100_2,T35_C1_D100,2,550,600,persistence,0.845653,0.8678946110064486
T35_C1_D100_2,T35_C1_D100,2,550,600,local_linear,0.845653,0.8583857027551521
T35_C1_D100_2,T35_C1_D100,2,550,600,ridge,0.845653,0.8435569550068855
T35_C1_D100_2,T35_C1_D100,2,550,600,random_forest,0.845653,0.8472171259666202
T35_C1_D100_2,T35_C1_D100,2,600,650,persistence,0.839351,0.8591972407502927
T35_C1_D100_2,T35_C1_D100,2,600,650,local_linear,0.839351,0.8531549462590203
T35_C1_D100_2,T35_C1_D100,2,600,650,ridge,0.839351,0.8358178821219922
T35_C1_D100_2,T35_C1_D100,2,600,650,random_forest,0.839351,0.8380873664330808
T35_C1_D100_2,T35_C1_D100,2,650,700,persistence,0.833286,0.8548947681845049
T35_C1_D100_2,T35_C1_D100,2,650,700,local_linear,0.833286,0.8468733360340066
T35_C1_D100_2,T35_C1_D100,2,650,700,ridge,0.833286,0.8310120746443845
T35_C1_D100_2,T35_C1_D100,2,650,700,random_forest,0.833286,0.8330004782873377
T35_C1_D100_2,T35_C1_D100,2,700,750,persistence,0.821584,0.8451137548509354
T35_C1_D100_2,T35_C1_D100,2,700,750,local_linear,0.821584,0.8398070897019901
T35_C1_D100_2,T35_C1_D100,2,700,750,ridge,0.821584,0.8228777689946766
T35_C1_D100_2,T35_C1_D100,2,700,750,random_forest,0.821584,0.8238337127197107
T35_C1_D100_2,T35_C1_D100,2,750,800,persistence,0.810265,0.8391719815725331
T35_C1_D100_2,T35_C1_D100,2,750,800,local_linear,0.810265,0.8305561190011459
T35_C1_D100_2,T35_C1_D100,2,750,800,ridge,0.810265,0.8143620535158682
T35_C1_D100_2,T35_C1_D100,2,750,800,random_forest,0.810265,0.8174660695839406
T35_C1_D100_2,T35_C1_D100,2,800,850,persistence,0.799295,0.8311752712428356
T35_C1_D100_2,T35_C1_D100,2,800,850,local_linear,0.799295,0.8221657048496508
T35_C1_D100_2,T35_C1_D100,2,800,850,ridge,0.799295,0.8055650928243222
T35_C1_D100_2,T35_C1_D100,2,800,850,random_forest,0.799295,0.8088463922198803
T35_C1_D100_2,T35_C1_D100,2,850,900,persistence,0.788643,0.8157624131923306
T35_C1_D100_2,T35_C1_D100,2,850,900,local_linear,0.788643,0.8038439114999371
T35_C1_D100_2,T35_C1_D100,2,850,900,ridge,0.788643,0.7901362106022671
T35_C1_D100_2,T35_C1_D100,2,850,900,random_forest,0.788643,0.7932279659981163
T35_C1_D100_2,T35_C1_D100,2,900,950,persistence,0.778283,0.8027249361879228
T35_C1_D100_2,T35_C1_D100,2,900,950,local_linear,0.778283,0.7922390419429219
T35_C1_D100_2,T35_C1_D100,2,900,950,ridge,0.778283,0.7774228993037243
T35_C1_D100_2,T35_C1_D100,2,900,950,random_forest,0.778283,0.7770276884733666
T35_C1_D100_2,T35_C1_D100,2,950,1000,persistence,0.768192,0.7944670003564178
T35_C1_D100_2,T35_C1_D100,2,950,1000,local_linear,0.768192,0.7857685765145161
T35_C1_D100_2,T35_C1_D100,2,950,1000,ridge,0.768192,0.7696073576791865
T35_C1_D100_2,T35_C1_D100,2,950,1000,random_forest,0.768192,0.7664575350302124
T35_C1_D50_3,T35_C1_D50,2,100,150,persistence,0.955238,0.9741748358654883
T35_C1_D50_3,T35_C1_D50,2,100,150,local_linear,0.955238,0.9601815642424352
T35_C1_D50_3,T35_C1_D50,2,100,150,ridge,0.955238,0.9573560017374318
T35_C1_D50_3,T35_C1_D50,2,100,150,random_forest,0.955238,0.9560972026598575
T35_C1_D50_3,T35_C1_D50,2,150,200,persistence,0.948314,0.964954771228688
T35_C1_D50_3,T35_C1_D50,2,150,200,local_linear,0.948314,0.9545069037896012
T35_C1_D50_3,T35_C1_D50,2,150,200,ridge,0.948314,0.9497842055483854
T35_C1_D50_3,T35_C1_D50,2,150,200,random_forest,0.948314,0.9458801049569352
T35_C1_D50_3,T35_C1_D50,2,200,250,persistence,0.942213,0.9602183697069515
T35_C1_D50_3,T35_C1_D50,2,200,250,local_linear,0.942213,0.9526920309398957
T35_C1_D50_3,T35_C1_D50,2,200,250,ridge,0.942213,0.9460722300473735
T35_C1_D50_3,T35_C1_D50,2,200,250,random_forest,0.942213,0.9440932470641684
T35_C1_D50_3,T35_C1_D50,2,250,300,persistence,0.936697,0.9596924131700447
T35_C1_D50_3,T35_C1_D50,2,250,300,local_linear,0.936697,0.955105316781857
T35_C1_D50_3,T35_C1_D50,2,250,300,ridge,0.936697,0.9469467145333902
T35_C1_D50_3,T35_C1_D50,2,250,300,random_forest,0.936697,0.9464607654049424
T35_C1_D50_3,T35_C1_D50,2,300,350,persistence,0.931625,0.9525687275086673
T35_C1_D50_3,T35_C1_D50,2,300,350,local_linear,0.931625,0.9459902028381697
T35_C1_D50_3,T35_C1_D50,2,300,350,ridge,0.931625,0.9386187119206703
T35_C1_D50_3,T35_C1_D50,2,300,350,random_forest,0.931625,0.9359754531004245
T35_C1_D50_3,T35_C1_D50,2,350,400,persistence,0.926904,0.9442921265004597
T35_C1_D50_3,T35_C1_D50,2,350,400,local_linear,0.926904,0.9392929324426998
T35_C1_D50_3,T35_C1_D50,2,350,400,ridge,0.926904,0.9325956293902861
T35_C1_D50_3,T35_C1_D50,2,350,400,random_forest,0.926904,0.9322681758662521
T35_C1_D50_3,T35_C1_D50,2,400,450,persistence,0.92247,0.9360895317660293
T35_C1_D50_3,T35_C1_D50,2,400,450,local_linear,0.92247,0.9307668450211273
T35_C1_D50_3,T35_C1_D50,2,400,450,ridge,0.92247,0.9239986655393346
T35_C1_D50_3,T35_C1_D50,2,400,450,random_forest,0.92247,0.9216667412793283
T35_C1_D50_3,T35_C1_D50,2,450,500,persistence,0.918277,0.9299847123518099
T35_C1_D50_3,T35_C1_D50,2,450,500,local_linear,0.918277,0.9240339884317026
T35_C1_D50_3,T35_C1_D50,2,450,500,ridge,0.918277,0.917988222713866
T35_C1_D50_3,T35_C1_D50,2,450,500,random_forest,0.918277,0.9142242519002355
T35_C1_D50_3,T35_C1_D50,2,500,550,persistence,0.914288,0.9302272108967024
T35_C1_D50_3,T35_C1_D50,2,500,550,local_linear,0.914288,0.926166613579625
T35_C1_D50_3,T35_C1_D50,2,500,550,ridge,0.914288,0.9192970704583243
T35_C1_D50_3,T35_C1_D50,2,500,550,random_forest,0.914288,0.9190280205478893
T35_C1_D50_3,T35_C1_D50,2,550,600,persistence,0.910477,0.9245385022293808
T35_C1_D50_3,T35_C1_D50,2,550,600,local_linear,0.910477,0.9193877773211768
T35_C1_D50_3,T35_C1_D50,2,550,600,ridge,0.910477,0.9133414462141921
T35_C1_D50_3,T35_C1_D50,2,550,600,random_forest,0.910477,0.9112956119030446
T35_C1_D50_3,T35_C1_D50,2,600,650,persistence,0.906821,0.9193892480985856
T35_C1_D50_3,T35_C1_D50,2,600,650,local_linear,0.906821,0.9159407220897973
T35_C1_D50_3,T35_C1_D50,2,600,650,ridge,0.906821,0.9092754516437608
T35_C1_D50_3,T35_C1_D50,2,600,650,random_forest,0.906821,0.9092672272833241
T35_C1_D50_3,T35_C1_D50,2,650,700,persistence,0.903304,0.9163489400463074
T35_C1_D50_3,T35_C1_D50,2,650,700,local_linear,0.903304,0.9123083814430059
T35_C1_D50_3,T35_C1_D50,2,650,700,ridge,0.903304,0.906201574266461
T35_C1_D50_3,T35_C1_D50,2,650,700,random_forest,0.903304,0.903276813719787
T35_C1_D50_3,T35_C1_D50,2,700,750,persistence,0.89991,0.9110069903347341
T35_C1_D50_3,T35_C1_D50,2,700,750,local_linear,0.89991,0.9066356428320539
T35_C1_D50_3,T35_C1_D50,2,700,750,ridge,0.89991,0.9004484428604238
T35_C1_D50_3,T35_C1_D50,2,700,750,random_forest,0.89991,0.8985177498611112
T35_C1_D50_3,T35_C1_D50,2,750,800,persistence,0.896627,0.9178569924176151
T35_C1_D50_3,T35_C1_D50,2,750,800,local_linear,0.896627,0.9143896265769398
T35_C1_D50_3,T35_C1_D50,2,750,800,ridge,0.896627,0.9063123423366917
T35_C1_D50_3,T35_C1_D50,2,750,800,random_forest,0.896627,0.9023314468134463
T35_C1_D50_3,T35_C1_D50,2,800,850,persistence,0.893446,0.9104707939360469
T35_C1_D50_3,T35_C1_D50,2,800,850,local_linear,0.893446,0.9099579907464009
T35_C1_D50_3,T35_C1_D50,2,800,850,ridge,0.893446,0.9004401097717659
T35_C1_D50_3,T35_C1_D50,2,800,850,random_forest,0.893446,0.8974266226650439
T35_C1_D50_3,T35_C1_D50,2,850,900,persistence,0.890357,0.8999549213357527
T35_C1_D50_3,T35_C1_D50,2,850,900,local_linear,0.890357,0.8961981206893225
T35_C1_D50_3,T35_C1_D50,2,850,900,ridge,0.890357,0.890095963068156
T35_C1_D50_3,T35_C1_D50,2,850,900,random_forest,0.890357,0.8874798119284362
T35_C1_D50_3,T35_C1_D50,2,900,950,persistence,0.887352,0.9012916887463687
T35_C1_D50_3,T35_C1_D50,2,900,950,local_linear,0.887352,0.8977627354283633
T35_C1_D50_3,T35_C1_D50,2,900,950,ridge,0.887352,0.891448327093961
T35_C1_D50_3,T35_C1_D50,2,900,950,random_forest,0.887352,0.8880858758220429
T35_C1_D50_3,T35_C1_D50,2,950,1000,persistence,0.884426,0.8958710782783906
T35_C1_D50_3,T35_C1_D50,2,950,1000,local_linear,0.884426,0.8913421657160154
T35_C1_D50_3,T35_C1_D50,2,950,1000,ridge,0.884426,0.8861960199517102
T35_C1_D50_3,T35_C1_D50,2,950,1000,random_forest,0.884426,0.8854595119990257
T35_C2_D100_0,T35_C2_D100,2,100,150,persistence,0.911403,0.9375474749654642
T35_C2_D100_0,T35_C2_D100,2,100,150,local_linear,0.911403,0.9085446259729758
T35_C2_D100_0,T35_C2_D100,2,100,150,ridge,0.911403,0.9063135491092491
T35_C2_D100_0,T35_C2_D100,2,100,150,random_forest,0.911403,0.9087084866929424
T35_C2_D100_0,T35_C2_D100,2,150,200,persistence,0.897698,0.9305371775874248
T35_C2_D100_0,T35_C2_D100,2,150,200,local_linear,0.897698,0.9115639397224332
T35_C2_D100_0,T35_C2_D100,2,150,200,ridge,0.897698,0.9026789924466798
T35_C2_D100_0,T35_C2_D100,2,150,200,random_forest,0.897698,0.9017092819258516
T35_C2_D100_0,T35_C2_D100,2,200,250,persistence,0.885622,0.9077587299356712
T35_C2_D100_0,T35_C2_D100,2,200,250,local_linear,0.885622,0.8911816375270143
T35_C2_D100_0,T35_C2_D100,2,200,250,ridge,0.885622,0.8833790753868267
T35_C2_D100_0,T35_C2_D100,2,200,250,random_forest,0.885622,0.8829649220537966
T35_C2_D100_0,T35_C2_D100,2,250,300,persistence,0.874706,0.8996131739186625
T35_C2_D100_0,T35_C2_D100,2,250,300,local_linear,0.874706,0.8879782942528838
T35_C2_D100_0,T35_C2_D100,2,250,300,ridge,0.874706,0.87731492813478
T35_C2_D100_0,T35_C2_D100,2,250,300,random_forest,0.874706,0.8778759092510959
T35_C2_D100_0,T35_C2_D100,2,300,350,persistence,0.864667,0.8884377521176313
T35_C2_D100_0,T35_C2_D100,2,300,350,local_linear,0.864667,0.8761634031355292
T35_C2_D100_0,T35_C2_D100,2,300,350,ridge,0.864667,0.8657105893212449
T35_C2_D100_0,T35_C2_D100,2,300,350,random_forest,0.864667,0.8665704584092815
T35_C2_D100_0,T35_C2_D100,2,350,400,persistence,0.855322,0.8778555556531439
T35_C2_D100_0,T35_C2_D100,2,350,400,local_linear,0.855322,0.8672470598130517
T35_C2_D100_0,T35_C2_D100,2,350,400,ridge,0.855322,0.8550940587162297
T35_C2_D100_0,T35_C2_D100,2,350,400,random_forest,0.855322,0.8551236691220238
T35_C2_D100_0,T35_C2_D100,2,400,450,persistence,0.846546,0.8711122598648179
T35_C2_D100_0,T35_C2_D100,2,400,450,local_linear,0.846546,0.8618209534062206
T35_C2_D100_0,T35_C2_D100,2,400,450,ridge,0.846546,0.8492986007622659
T35_C2_D100_0,T35_C2_D100,2,400,450,random_forest,0.846546,0.8524885634962438
T35_C2_D100_0,T35_C2_D100,2,450,500,persistence,0.838246,0.8595990710151455
T35_C2_D100_0,T35_C2_D100,2,450,500,local_linear,0.838246,0.8496675003291214
T35_C2_D100_0,T35_C2_D100,2,450,500,ridge,0.838246,0.8379506693249722
T35_C2_D100_0,T35_C2_D100,2,450,500,random_forest,0.838246,0.8373956633560533
T35_C2_D100_0,T35_C2_D100,2,500,550,persistence,0.830351,0.8513034520745948
T35_C2_D100_0,T35_C2_D100,2,500,550,local_linear,0.830351,0.8416774726824061
T35_C2_D100_0,T35_C2_D100,2,500,550,ridge,0.830351,0.8296130424746018
T35_C2_D100_0,T35_C2_D100,2,500,550,random_forest,0.830351,0.8298341406685157
T35_C2_D100_0,T35_C2_D100,2,550,600,persistence,0.822807,0.8459578995707648
T35_C2_D100_0,T35_C2_D100,2,550,600,local_linear,0.822807,0.8375681758946523
T35_C2_D100_0,T35_C2_D100,2,550,600,ridge,0.822807,0.8248461536546793
T35_C2_D100_0,T35_C2_D100,2,550,600,random_forest,0.822807,0.8251424405349166
T35_C2_D100_0,T35_C2_D100,2,600,650,persistence,0.815572,0.8412141044091649
T35_C2_D100_0,T35_C2_D100,2,600,650,local_linear,0.815572,0.8345640067150383
T35_C2_D100_0,T35_C2_D100,2,600,650,ridge,0.815572,0.8198617391271564
T35_C2_D100_0,T35_C2_D100,2,600,650,random_forest,0.815572,0.8214411969483815
T35_C2_D100_0,T35_C2_D100,2,650,700,persistence,0.80861,0.8326635290633991
T35_C2_D100_0,T35_C2_D100,2,650,700,local_linear,0.80861,0.8245445378942957
T35_C2_D100_0,T35_C2_D100,2,650,700,ridge,0.80861,0.8107328668604489
T35_C2_D100_0,T35_C2_D100,2,650,700,random_forest,0.80861,0.8121685073708061
T35_C2_D100_0,T35_C2_D100,2,700,750,persistence,0.795175,0.8253927545705829
T35_C2_D100_0,T35_C2_D100,2,700,750,local_linear,0.795175,0.8182559003881251
T35_C2_D100_0,T35_C2_D100,2,700,750,ridge,0.795175,0.8035799116555672
T35_C2_D100_0,T35_C2_D100,2,700,750,random_forest,0.795175,0.8029593258820347
T35_C2_D100_0,T35_C2_D100,2,750,800,persistence,0.782181,0.8058875858062556
T35_C2_D100_0,T35_C2_D100,2,750,800,local_linear,0.782181,0.7958068115559747
T35_C2_D100_0,T35_C2_D100,2,750,800,ridge,0.782181,0.783729643595279
T35_C2_D100_0,T35_C2_D100,2,750,800,random_forest,0.782181,0.7814209821724284
T35_C2_D100_0,T35_C2_D100,2,800,850,persistence,0.769587,0.7946860661054782
T35_C2_D100_0,T35_C2_D100,2,800,850,local_linear,0.769587,0.7816787097035197
T35_C2_D100_0,T35_C2_D100,2,800,850,ridge,0.769587,0.7708845558362298
T35_C2_D100_0,T35_C2_D100,2,800,850,random_forest,0.769587,0.7693584291625735
T35_C2_D100_0,T35_C2_D100,2,850,900,persistence,0.757358,0.774461699450062
T35_C2_D100_0,T35_C2_D100,2,850,900,local_linear,0.757358,0.7606106729802364
T35_C2_D100_0,T35_C2_D100,2,850,900,ridge,0.757358,0.7522779284548627
T35_C2_D100_0,T35_C2_D100,2,850,900,random_forest,0.757358,0.747731067196519
T35_C2_D100_0,T35_C2_D100,2,900,950,persistence,0.745464,0.7708857853021145
T35_C2_D100_0,T35_C2_D100,2,900,950,local_linear,0.745464,0.7576886636378753
T35_C2_D100_0,T35_C2_D100,2,900,950,ridge,0.745464,0.7468957469908813
T35_C2_D100_0,T35_C2_D100,2,900,950,random_forest,0.745464,0.7462854580165501
T35_C2_D100_0,T35_C2_D100,2,950,1000,persistence,0.73388,0.758615757359796
T35_C2_D100_0,T35_C2_D100,2,950,1000,local_linear,0.73388,0.7464419951246706
T35_C2_D100_0,T35_C2_D100,2,950,1000,ridge,0.73388,0.735389377043219
T35_C2_D100_0,T35_C2_D100,2,950,1000,random_forest,0.73388,0.7347082106378517
T35_C2_D50_1,T35_C2_D50,2,100,150,persistence,0.954247,0.9710151886653722
T35_C2_D50_1,T35_C2_D50,2,100,150,local_linear,0.954247,0.955644084706542
T35_C2_D50_1,T35_C2_D50,2,100,150,ridge,0.954247,0.9505688651486953
T35_C2_D50_1,T35_C2_D50,2,100,150,random_forest,0.954247,0.9503573151449766
T35_C2_D50_1,T35_C2_D50,2,150,200,persistence,0.947169,0.9617577356353919
T35_C2_D50_1,T35_C2_D50,2,150,200,local_linear,0.947169,0.9522448085257013
T35_C2_D50_1,T35_C2_D50,2,150,200,ridge,0.947169,0.9441424183643663
T35_C2_D50_1,T35_C2_D50,2,150,200,random_forest,0.947169,0.9438075851535441
T35_C2_D50_1,T35_C2_D50,2,200,250,persistence,0.940933,0.9494891594564772
T35_C2_D50_1,T35_C2_D50,2,200,250,local_linear,0.940933,0.9407486656789409
T35_C2_D50_1,T35_C2_D50,2,200,250,ridge,0.940933,0.9338559215643929
T35_C2_D50_1,T35_C2_D50,2,200,250,random_forest,0.940933,0.9361547251109308
T35_C2_D50_1,T35_C2_D50,2,250,300,persistence,0.935295,0.953527165632781
T35_C2_D50_1,T35_C2_D50,2,250,300,local_linear,0.935295,0.9482454018055003
T35_C2_D50_1,T35_C2_D50,2,250,300,ridge,0.935295,0.9371595566354378
T35_C2_D50_1,T35_C2_D50,2,250,300,random_forest,0.935295,0.9375547433107864
T35_C2_D50_1,T35_C2_D50,2,300,350,persistence,0.930111,0.9443332362971387
T35_C2_D50_1,T35_C2_D50,2,300,350,local_linear,0.930111,0.9392156181546445
T35_C2_D50_1,T35_C2_D50,2,300,350,ridge,0.930111,0.9291168194996225
T35_C2_D50_1,T35_C2_D50,2,300,350,random_forest,0.930111,0.9294189390525794
T35_C2_D50_1,T35_C2_D50,2,350,400,persistence,0.925286,0.9366248610731803
T35_C2_D50_1,T35_C2_D50,2,350,400,local_linear,0.925286,0.9325505786895837
T35_C2_D50_1,T35_C2_D50,2,350,400,ridge,0.925286,0.9209496050878017
T35_C2_D50_1,T35_C2_D50,2,350,400,random_forest,0.925286,0.917720341460137
T35_C2_D50_1,T35_C2_D50,2,400,450,persistence,0.920753,0.9372851073450397
T35_C2_D50_1,T35_C2_D50,2,400,450,local_linear,0.920753,0.9315549465927387
T35_C2_D50_1,T35_C2_D50,2,400,450,ridge,0.920753,0.9214801397259874
T35_C2_D50_1,T35_C2_D50,2,400,450,random_forest,0.920753,0.920045482300911
T35_C2_D50_1,T35_C2_D50,2,450,500,persistence,0.916467,0.9261424511342731
T35_C2_D50_1,T35_C2_D50,2,450,500,local_linear,0.916467,0.921012982937145
T35_C2_D50_1,T35_C2_D50,2,450,500,ridge,0.916467,0.9121018950791545
T35_C2_D50_1,T35_C2_D50,2,450,500,random_forest,0.916467,0.9126938157686233
T35_C2_D50_1,T35_C2_D50,2,500,550,persistence,0.91239,0.917330664337798
T35_C2_D50_1,T35_C2_D50,2,500,550,local_linear,0.91239,0.9122945356367701
T35_C2_D50_1,T35_C2_D50,2,500,550,ridge,0.91239,0.9043005618136014
T35_C2_D50_1,T35_C2_D50,2,500,550,random_forest,0.91239,0.9061741905023448
T35_C2_D50_1,T35_C2_D50,2,550,600,persistence,0.908494,0.9114729794213241
T35_C2_D50_1,T35_C2_D50,2,550,600,local_linear,0.908494,0.9055713023982246
T35_C2_D50_1,T35_C2_D50,2,550,600,ridge,0.908494,0.8977046823612329
T35_C2_D50_1,T35_C2_D50,2,550,600,random_forest,0.908494,0.8971029149553577
T35_C2_D50_1,T35_C2_D50,2,600,650,persistence,0.904757,0.9128024753232955
T35_C2_D50_1,T35_C2_D50,2,600,650,local_linear,0.904757,0.910562962667343
T35_C2_D50_1,T35_C2_D50,2,600,650,ridge,0.904757,0.9001536021000534
T35_C2_D50_1,T35_C2_D50,2,600,650,random_forest,0.904757,0.8997512392771467
T35_C2_D50_1,T35_C2_D50,2,650,700,persistence,0.901162,0.9073104267891924
T35_C2_D50_1,T35_C2_D50,2,650,700,local_linear,0.901162,0.9039373648567135
T35_C2_D50_1,T35_C2_D50,2,650,700,ridge,0.901162,0.893433559428604
T35_C2_D50_1,T35_C2_D50,2,650,700,random_forest,0.901162,0.8932370631274804
T35_C2_D50_1,T35_C2_D50,2,700,750,persistence,0.897693,0.9094087094486243
T35_C2_D50_1,T35_C2_D50,2,700,750,local_linear,0.897693,0.9055721291392423
T35_C2_D50_1,T35_C2_D50,2,700,750,ridge,0.897693,0.895828533739259
T35_C2_D50_1,T35_C2_D50,2,700,750,random_forest,0.897693,0.8982354647846769
T35_C2_D50_1,T35_C2_D50,2,750,800,persistence,0.894338,0.9112013781140365
T35_C2_D50_1,T35_C2_D50,2,750,800,local_linear,0.894338,0.9081717085933597
T35_C2_D50_1,T35_C2_D50,2,750,800,ridge,0.894338,0.8979598434574196
T35_C2_D50_1,T35_C2_D50,2,750,800,random_forest,0.894338,0.8990011991919193
T35_C2_D50_1,T35_C2_D50,2,800,850,persistence,0.891086,0.9031903900154757
T35_C2_D50_1,T35_C2_D50,2,800,850,local_linear,0.891086,0.8997748426889902
T35_C2_D50_1,T35_C2_D50,2,800,850,ridge,0.891086,0.8894572260147543
T35_C2_D50_1,T35_C2_D50,2,800,850,random_forest,0.891086,0.8909824758245403
T35_C2_D50_1,T35_C2_D50,2,850,900,persistence,0.887928,0.8951934071408635
T35_C2_D50_1,T35_C2_D50,2,850,900,local_linear,0.887928,0.8911516046190299
T35_C2_D50_1,T35_C2_D50,2,850,900,ridge,0.887928,0.8817496403056532
T35_C2_D50_1,T35_C2_D50,2,850,900,random_forest,0.887928,0.8810971973029054
T35_C2_D50_1,T35_C2_D50,2,900,950,persistence,0.884857,0.8912884505920707
T35_C2_D50_1,T35_C2_D50,2,900,950,local_linear,0.884857,0.8877664844834706
T35_C2_D50_1,T35_C2_D50,2,900,950,ridge,0.884857,0.8778612560570196
T35_C2_D50_1,T35_C2_D50,2,900,950,random_forest,0.884857,0.8761666977504957
T35_C2_D50_1,T35_C2_D50,2,950,1000,persistence,0.881866,0.8927775060097416
T35_C2_D50_1,T35_C2_D50,2,950,1000,local_linear,0.881866,0.8903566712952187
T35_C2_D50_1,T35_C2_D50,2,950,1000,ridge,0.881866,0.8797864701809048
T35_C2_D50_1,T35_C2_D50,2,950,1000,random_forest,0.881866,0.8797804725369767
T35_C2_D80_2,T35_C2_D80,2,100,150,persistence,0.928938,0.9528591458562282
T35_C2_D80_2,T35_C2_D80,2,100,150,local_linear,0.928938,0.9286486811027306
T35_C2_D80_2,T35_C2_D80,2,100,150,ridge,0.928938,0.925154316143922
T35_C2_D80_2,T35_C2_D80,2,100,150,random_forest,0.928938,0.9262838975112736
T35_C2_D80_2,T35_C2_D80,2,150,200,persistence,0.917945,0.9464374724899945
T35_C2_D80_2,T35_C2_D80,2,150,200,local_linear,0.917945,0.9308673757041271
T35_C2_D80_2,T35_C2_D80,2,150,200,ridge,0.917945,0.9224360816620382
T35_C2_D80_2,T35_C2_D80,2,150,200,random_forest,0.917945,0.9242162281337926
T35_C2_D80_2,T35_C2_D80,2,200,250,persistence,0.90826,0.9308268499598222
T35_C2_D80_2,T35_C2_D80,2,200,250,local_linear,0.90826,0.9201840397007228
T35_C2_D80_2,T35_C2_D80,2,200,250,ridge,0.90826,0.9091992263732798
T35_C2_D80_2,T35_C2_D80,2,200,250,random_forest,0.90826,0.9105992868630501
T35_C2_D80_2,T35_C2_D80,2,250,300,persistence,0.899503,0.9180641506610663
T35_C2_D80_2,T35_C2_D80,2,250,300,local_linear,0.899503,0.9070632200733667
T35_C2_D80_2,T35_C2_D80,2,250,300,ridge,0.899503,0.8961522090900339
T35_C2_D80_2,T35_C2_D80,2,250,300,random_forest,0.899503,0.8945585000818455
T35_C2_D80_2,T35_C2_D80,2,300,350,persistence,0.891451,0.9172212392304099
T35_C2_D80_2,T35_C2_D80,2,300,350,local_linear,0.891451,0.909087604353296
T35_C2_D80_2,T35_C2_D80,2,300,350,ridge,0.891451,0.8958489791054159
T35_C2_D80_2,T35_C2_D80,2,300,350,random_forest,0.891451,0.895612164083694
T35_C2_D80_2,T35_C2_D80,2,350,400,persistence,0.883957,0.9022407355045956
T35_C2_D80_2,T35_C2_D80,2,350,400,local_linear,0.883957,0.8940964912711318
T35_C2_D80_2,T35_C2_D80,2,350,400,ridge,0.883957,0.88293009329826
T35_C2_D80_2,T35_C2_D80,2,350,400,random_forest,0.883957,0.8832679775357283
T35_C2_D80_2,T35_C2_D80,2,400,450,persistence,0.876917,0.8950189035641308
T35_C2_D80_2,T35_C2_D80,2,400,450,local_linear,0.876917,0.8873605988990099
T35_C2_D80_2,T35_C2_D80,2,400,450,ridge,0.876917,0.8759412680069305
T35_C2_D80_2,T35_C2_D80,2,400,450,random_forest,0.876917,0.8757600937928389
T35_C2_D80_2,T35_C2_D80,2,450,500,persistence,0.87026,0.8907329297075026
T35_C2_D80_2,T35_C2_D80,2,450,500,local_linear,0.87026,0.8819429028372601
T35_C2_D80_2,T35_C2_D80,2,450,500,ridge,0.87026,0.8706560676319344
T35_C2_D80_2,T35_C2_D80,2,450,500,random_forest,0.87026,0.8719302505179021
T35_C2_D80_2,T35_C2_D80,2,500,550,persistence,0.863927,0.8777248873122155
T35_C2_D80_2,T35_C2_D80,2,500,550,local_linear,0.863927,0.870872349742371
T35_C2_D80_2,T35_C2_D80,2,500,550,ridge,0.863927,0.8582830616077816
T35_C2_D80_2,T35_C2_D80,2,500,550,random_forest,0.863927,0.8607466307932
T35_C2_D80_2,T35_C2_D80,2,550,600,persistence,0.857876,0.87634707934833
T35_C2_D80_2,T35_C2_D80,2,550,600,local_linear,0.857876,0.8690895467087468
T35_C2_D80_2,T35_C2_D80,2,550,600,ridge,0.857876,0.8561912950812186
T35_C2_D80_2,T35_C2_D80,2,550,600,random_forest,0.857876,0.8568169454484575
T35_C2_D80_2,T35_C2_D80,2,600,650,persistence,0.852073,0.8637879419455077
T35_C2_D80_2,T35_C2_D80,2,600,650,local_linear,0.852073,0.8560734876427096
T35_C2_D80_2,T35_C2_D80,2,600,650,ridge,0.852073,0.8447300547415829
T35_C2_D80_2,T35_C2_D80,2,600,650,random_forest,0.852073,0.845524656991117
T35_C2_D80_2,T35_C2_D80,2,650,700,persistence,0.846489,0.8679058193439186
T35_C2_D80_2,T35_C2_D80,2,650,700,local_linear,0.846489,0.8613650357827067
T35_C2_D80_2,T35_C2_D80,2,650,700,ridge,0.846489,0.848170838879457
T35_C2_D80_2,T35_C2_D80,2,650,700,random_forest,0.846489,0.8508983749878242
T35_C2_D80_2,T35_C2_D80,2,700,750,persistence,0.841101,0.8561706460831098
T35_C2_D80_2,T35_C2_D80,2,700,750,local_linear,0.841101,0.8497662964977768
T35_C2_D80_2,T35_C2_D80,2,700,750,ridge,0.841101,0.8372336458677874
T35_C2_D80_2,T35_C2_D80,2,700,750,random_forest,0.841101,0.8386485562203416
T35_C2_D80_2,T35_C2_D80,2,750,800,persistence,0.83589,0.8506030581895526
T35_C2_D80_2,T35_C2_D80,2,750,800,local_linear,0.83589,0.8438143115885379
T35_C2_D80_2,T35_C2_D80,2,750,800,ridge,0.83589,0.8321310056365524
T35_C2_D80_2,T35_C2_D80,2,750,800,random_forest,0.83589,0.8325655465665583
T35_C2_D80_2,T35_C2_D80,2,800,850,persistence,0.830839,0.8456140913414779
T35_C2_D80_2,T35_C2_D80,2,800,850,local_linear,0.830839,0.8399063077675792
T35_C2_D80_2,T35_C2_D80,2,800,850,ridge,0.830839,0.8264987290225966
T35_C2_D80_2,T35_C2_D80,2,800,850,random_forest,0.830839,0.8271865875583965
T35_C2_D80_2,T35_C2_D80,2,850,900,persistence,0.8235,0.8379433544085484
T35_C2_D80_2,T35_C2_D80,2,850,900,local_linear,0.8235,0.8324401937390999
T35_C2_D80_2,T35_C2_D80,2,850,900,ridge,0.8235,0.820832169350448
T35_C2_D80_2,T35_C2_D80,2,850,900,random_forest,0.8235,0.8190764300773358
T35_C2_D80_2,T35_C2_D80,2,900,950,persistence,0.813961,0.8371582564996488
T35_C2_D80_2,T35_C2_D80,2,900,950,local_linear,0.813961,0.8322918312521691
T35_C2_D80_2,T35_C2_D80,2,900,950,ridge,0.813961,0.8190215094115036
T35_C2_D80_2,T35_C2_D80,2,900,950,random_forest,0.813961,0.8189413183966204
T35_C2_D80_2,T35_C2_D80,2,950,1000,persistence,0.804669,0.8305859764800991
T35_C2_D80_2,T35_C2_D80,2,950,1000,local_linear,0.804669,0.8216861699928639
T35_C2_D80_2,T35_C2_D80,2,950,1000,ridge,0.804669,0.8093681528266745
T35_C2_D80_2,T35_C2_D80,2,950,1000,random_forest,0.804669,0.8094582338112408
T45_C0p5_D100_3,T45_C0p5_D100,2,100,150,persistence,0.908242,0.943293610209553
T45_C0p5_D100_3,T45_C0p5_D100,2,100,150,local_linear,0.908242,0.9132638943812565
T45_C0p5_D100_3,T45_C0p5_D100,2,100,150,ridge,0.908242,0.9094475582091195
T45_C0p5_D100_3,T45_C0p5_D100,2,100,150,random_forest,0.908242,0.9121653718197076
T45_C0p5_D100_3,T45_C0p5_D100,2,150,200,persistence,0.894047,0.9269332708030155
T45_C0p5_D100_3,T45_C0p5_D100,2,150,200,local_linear,0.894047,0.9082578779084479
T45_C0p5_D100_3,T45_C0p5_D100,2,150,200,ridge,0.894047,0.8977081271370492
T45_C0p5_D100_3,T45_C0p5_D100,2,150,200,random_forest,0.894047,0.8973132542044416
T45_C0p5_D100_3,T45_C0p5_D100,2,200,250,persistence,0.881541,0.9066415489139978
T45_C0p5_D100_3,T45_C0p5_D100,2,200,250,local_linear,0.881541,0.8891435307303653
T45_C0p5_D100_3,T45_C0p5_D100,2,200,250,ridge,0.881541,0.8788094277516686
T45_C0p5_D100_3,T45_C0p5_D100,2,200,250,random_forest,0.881541,0.8783409291774893
T45_C0p5_D100_3,T45_C0p5_D100,2,250,300,persistence,0.870234,0.899337014911421
T45_C0p5_D100_3,T45_C0p5_D100,2,250,300,local_linear,0.870234,0.8866259316396267
T45_C0p5_D100_3,T45_C0p5_D100,2,250,300,ridge,0.870234,0.8741598096534341
T45_C0p5_D100_3,T45_C0p5_D100,2,250,300,random_forest,0.870234,0.8735765178720243
T45_C0p5_D100_3,T45_C0p5_D100,2,300,350,persistence,0.859837,0.888232074092089
T45_C0p5_D100_3,T45_C0p5_D100,2,300,350,local_linear,0.859837,0.8751730530763198
T45_C0p5_D100_3,T45_C0p5_D100,2,300,350,ridge,0.859837,0.8628456298212376
T45_C0p5_D100_3,T45_C0p5_D100,2,300,350,random_forest,0.859837,0.8647130009262265
T45_C0p5_D100_3,T45_C0p5_D100,2,350,400,persistence,0.850159,0.8753050927616667
T45_C0p5_D100_3,T45_C0p5_D100,2,350,400,local_linear,0.850159,0.8648649292186628
T45_C0p5_D100_3,T45_C0p5_D100,2,350,400,ridge,0.850159,0.850477306050386
T45_C0p5_D100_3,T45_C0p5_D100,2,350,400,random_forest,0.850159,0.8517501605968685
T45_C0p5_D100_3,T45_C0p5_D100,2,400,450,persistence,0.84107,0.8633820821592394
T45_C0p5_D100_3,T45_C0p5_D100,2,400,450,local_linear,0.84107,0.8514348088987985
T45_C0p5_D100_3,T45_C0p5_D100,2,400,450,ridge,0.84107,0.8394475454435905
T45_C0p5_D100_3,T45_C0p5_D100,2,400,450,random_forest,0.84107,0.8393941923565498
T45_C0p5_D100_3,T45_C0p5_D100,2,450,500,persistence,0.832473,0.8638452501384355
T45_C0p5_D100_3,T45_C0p5_D100,2,450,500,local_linear,0.832473,0.8568506681416421
T45_C0p5_D100_3,T45_C0p5_D100,2,450,500,ridge,0.832473,0.8405455454205173
T45_C0p5_D100_3,T45_C0p5_D100,2,450,500,random_forest,0.832473,0.8433286638674696
T45_C0p5_D100_3,T45_C0p5_D100,2,500,550,persistence,0.824296,0.8478804783674939
T45_C0p5_D100_3,T45_C0p5_D100,2,500,550,local_linear,0.824296,0.8384312298811899
T45_C0p5_D100_3,T45_C0p5_D100,2,500,550,ridge,0.824296,0.8245897265272059
T45_C0p5_D100_3,T45_C0p5_D100,2,500,550,random_forest,0.824296,0.8277241913888889
T45_C0p5_D100_3,T45_C0p5_D100,2,550,600,persistence,0.816484,0.8411938537556347
T45_C0p5_D100_3,T45_C0p5_D100,2,550,600,local_linear,0.816484,0.8331704286412609
T45_C0p5_D100_3,T45_C0p5_D100,2,550,600,ridge,0.816484,0.8185559809642143
T45_C0p5_D100_3,T45_C0p5_D100,2,550,600,random_forest,0.816484,0.8181398010829277
T45_C0p5_D100_3,T45_C0p5_D100,2,600,650,persistence,0.80899,0.8311435839219976
T45_C0p5_D100_3,T45_C0p5_D100,2,600,650,local_linear,0.80899,0.8224080553962816
T45_C0p5_D100_3,T45_C0p5_D100,2,600,650,ridge,0.80899,0.8073380771851135
T45_C0p5_D100_3,T45_C0p5_D100,2,600,650,random_forest,0.80899,0.810871937719624
T45_C0p5_D100_3,T45_C0p5_D100,2,650,700,persistence,0.80178,0.8304300834204084
T45_C0p5_D100_3,T45_C0p5_D100,2,650,700,local_linear,0.80178,0.8232064689419791
T45_C0p5_D100_3,T45_C0p5_D100,2,650,700,ridge,0.80178,0.8072385685655641
T45_C0p5_D100_3,T45_C0p5_D100,2,650,700,random_forest,0.80178,0.80922902131301
T45_C0p5_D100_3,T45_C0p5_D100,2,700,750,persistence,0.787865,0.8146226936994103
T45_C0p5_D100_3,T45_C0p5_D100,2,700,750,local_linear,0.787865,0.8066651137320088
T45_C0p5_D100_3,T45_C0p5_D100,2,700,750,ridge,0.787865,0.7926197056735963
T45_C0p5_D100_3,T45_C0p5_D100,2,700,750,random_forest,0.787865,0.7938018852563584
T45_C0p5_D100_3,T45_C0p5_D100,2,750,800,persistence,0.774407,0.7983172795720476
T45_C0p5_D100_3,T45_C0p5_D100,2,750,800,local_linear,0.774407,0.7856744497918624
T45_C0p5_D100_3,T45_C0p5_D100,2,750,800,ridge,0.774407,0.7751336206477628
T45_C0p5_D100_3,T45_C0p5_D100,2,750,800,random_forest,0.774407,0.7711672764231257
T45_C0p5_D100_3,T45_C0p5_D100,2,800,850,persistence,0.761364,0.7881819811812262
T45_C0p5_D100_3,T45_C0p5_D100,2,800,850,local_linear,0.761364,0.7744673741805961
T45_C0p5_D100_3,T45_C0p5_D100,2,800,850,ridge,0.761364,0.7633854602126688
T45_C0p5_D100_3,T45_C0p5_D100,2,800,850,random_forest,0.761364,0.7629245979117063
T45_C0p5_D100_3,T45_C0p5_D100,2,850,900,persistence,0.748699,0.7763587867111456
T45_C0p5_D100_3,T45_C0p5_D100,2,850,900,local_linear,0.748699,0.7631757349166238
T45_C0p5_D100_3,T45_C0p5_D100,2,850,900,ridge,0.748699,0.7522761484508325
T45_C0p5_D100_3,T45_C0p5_D100,2,850,900,random_forest,0.748699,0.7483044521652309
T45_C0p5_D100_3,T45_C0p5_D100,2,900,950,persistence,0.736381,0.7615490301859299
T45_C0p5_D100_3,T45_C0p5_D100,2,900,950,local_linear,0.736381,0.7478733323942817
T45_C0p5_D100_3,T45_C0p5_D100,2,900,950,ridge,0.736381,0.7375364847876347
T45_C0p5_D100_3,T45_C0p5_D100,2,900,950,random_forest,0.736381,0.7347760776567009
T45_C0p5_D100_3,T45_C0p5_D100,2,950,1000,persistence,0.724383,0.7527630980286842
T45_C0p5_D100_3,T45_C0p5_D100,2,950,1000,local_linear,0.724383,0.7401859883751465
T45_C0p5_D100_3,T45_C0p5_D100,2,950,1000,ridge,0.724383,0.7291150886350781
T45_C0p5_D100_3,T45_C0p5_D100,2,950,1000,random_forest,0.724383,0.7219025589567554
T45_C0p5_D80_0,T45_C0p5_D80,2,100,150,persistence,0.923834,0.9464385118883797
T45_C0p5_D80_0,T45_C0p5_D80,2,100,150,local_linear,0.923834,0.9206646719548766
T45_C0p5_D80_0,T45_C0p5_D80,2,100,150,ridge,0.923834,0.919156668124715
T45_C0p5_D80_0,T45_C0p5_D80,2,100,150,random_forest,0.923834,0.9185488633394817
T45_C0p5_D80_0,T45_C0p5_D80,2,150,200,persistence,0.912051,0.9355153226674964
T45_C0p5_D80_0,T45_C0p5_D80,2,150,200,local_linear,0.912051,0.9194329470640468
T45_C0p5_D80_0,T45_C0p5_D80,2,150,200,ridge,0.912051,0.9123796534587817
T45_C0p5_D80_0,T45_C0p5_D80,2,150,200,random_forest,0.912051,0.9134150029182798
T45_C0p5_D80_0,T45_C0p5_D80,2,200,250,persistence,0.90167,0.9248008232717875
T45_C0p5_D80_0,T45_C0p5_D80,2,200,250,local_linear,0.90167,0.9132644739542463
T45_C0p5_D80_0,T45_C0p5_D80,2,200,250,ridge,0.90167,0.9032868686944493
T45_C0p5_D80_0,T45_C0p5_D80,2,200,250,random_forest,0.90167,0.9015868964967847
T45_C0p5_D80_0,T45_C0p5_D80,2,250,300,persistence,0.892285,0.9126652227500629
T45_C0p5_D80_0,T45_C0p5_D80,2,250,300,local_linear,0.892285,0.901946687100114
T45_C0p5_D80_0,T45_C0p5_D80,2,250,300,ridge,0.892285,0.8927727961634012
T45_C0p5_D80_0,T45_C0p5_D80,2,250,300,random_forest,0.892285,0.8887135600020291
T45_C0p5_D80_0,T45_C0p5_D80,2,300,350,persistence,0.883655,0.896218932857878
T45_C0p5_D80_0,T45_C0p5_D80,2,300,350,local_linear,0.883655,0.8854303346068911
T45_C0p5_D80_0,T45_C0p5_D80,2,300,350,ridge,0.883655,0.8774838510176067
T45_C0p5_D80_0,T45_C0p5_D80,2,300,350,random_forest,0.883655,0.8753927569256617
T45_C0p5_D80_0,T45_C0p5_D80,2,350,400,persistence,0.875622,0.8935954720051694
T45_C0p5_D80_0,T45_C0p5_D80,2,350,400,local_linear,0.875622,0.8839896646989784
T45_C0p5_D80_0,T45_C0p5_D80,2,350,400,ridge,0.875622,0.87444250726534
T45_C0p5_D80_0,T45_C0p5_D80,2,350,400,random_forest,0.875622,0.8749976205627702
T45_C0p5_D80_0,T45_C0p5_D80,2,400,450,persistence,0.868077,0.8864057246108007
T45_C0p5_D80_0,T45_C0p5_D80,2,400,450,local_linear,0.868077,0.8792416371434078
T45_C0p5_D80_0,T45_C0p5_D80,2,400,450,ridge,0.868077,0.8678431997495035
T45_C0p5_D80_0,T45_C0p5_D80,2,400,450,random_forest,0.868077,0.8669740599615837
T45_C0p5_D80_0,T45_C0p5_D80,2,450,500,persistence,0.860941,0.8840742380547811
T45_C0p5_D80_0,T45_C0p5_D80,2,450,500,local_linear,0.860941,0.8787536743120159
T45_C0p5_D80_0,T45_C0p5_D80,2,450,500,ridge,0.860941,0.865608225082745
T45_C0p5_D80_0,T45_C0p5_D80,2,450,500,random_forest,0.860941,0.8682602889184252
T45_C0p5_D80_0,T45_C0p5_D80,2,500,550,persistence,0.854154,0.8626409314458712
T45_C0p5_D80_0,T45_C0p5_D80,2,500,550,local_linear,0.854154,0.8535198895327795
T45_C0p5_D80_0,T45_C0p5_D80,2,500,550,ridge,0.854154,0.8460351844577544
T45_C0p5_D80_0,T45_C0p5_D80,2,500,550,random_forest,0.854154,0.8444039914583683
T45_C0p5_D80_0,T45_C0p5_D80,2,550,600,persistence,0.847668,0.8651763213631849
T45_C0p5_D80_0,T45_C0p5_D80,2,550,600,local_linear,0.847668,0.8578903193721351
T45_C0p5_D80_0,T45_C0p5_D80,2,550,600,ridge,0.847668,0.8474943990180289
T45_C0p5_D80_0,T45_C0p5_D80,2,550,600,random_forest,0.847668,0.8469327989170725
T45_C0p5_D80_0,T45_C0p5_D80,2,600,650,persistence,0.841448,0.8624207541073843
T45_C0p5_D80_0,T45_C0p5_D80,2,600,650,local_linear,0.841448,0.8571673006666939
T45_C0p5_D80_0,T45_C0p5_D80,2,600,650,ridge,0.841448,0.8443770311220717
T45_C0p5_D80_0,T45_C0p5_D80,2,600,650,random_forest,0.841448,0.8450476834877794
T45_C0p5_D80_0,T45_C0p5_D80,2,650,700,persistence,0.835463,0.846676159820029
T45_C0p5_D80_0,T45_C0p5_D80,2,650,700,local_linear,0.835463,0.838458100904683
T45_C0p5_D80_0,T45_C0p5_D80,2,650,700,ridge,0.835463,0.8290743346240299
T45_C0p5_D80_0,T45_C0p5_D80,2,650,700,random_forest,0.835463,0.8275210249024756
T45_C0p5_D80_0,T45_C0p5_D80,2,700,750,persistence,0.829688,0.8471892687479807
T45_C0p5_D80_0,T45_C0p5_D80,2,700,750,local_linear,0.829688,0.8436977077788909
T45_C0p5_D80_0,T45_C0p5_D80,2,700,750,ridge,0.829688,0.8308324347518768
T45_C0p5_D80_0,T45_C0p5_D80,2,700,750,random_forest,0.829688,0.8312043244766867
T45_C0p5_D80_0,T45_C0p5_D80,2,750,800,persistence,0.824103,0.8424516267994113
T45_C0p5_D80_0,T45_C0p5_D80,2,750,800,local_linear,0.824103,0.8358469571903043
T45_C0p5_D80_0,T45_C0p5_D80,2,750,800,ridge,0.824103,0.8229299501718083
T45_C0p5_D80_0,T45_C0p5_D80,2,750,800,random_forest,0.824103,0.8225472217434302
T45_C0p5_D80_0,T45_C0p5_D80,2,800,850,persistence,0.818689,0.8347569074656871
T45_C0p5_D80_0,T45_C0p5_D80,2,800,850,local_linear,0.818689,0.83095512059313
T45_C0p5_D80_0,T45_C0p5_D80,2,800,850,ridge,0.818689,0.817508951141465
T45_C0p5_D80_0,T45_C0p5_D80,2,800,850,random_forest,0.818689,0.8175513943894301
T45_C0p5_D80_0,T45_C0p5_D80,2,850,900,persistence,0.810823,0.8267280929531285
T45_C0p5_D80_0,T45_C0p5_D80,2,850,900,local_linear,0.810823,0.8195166564006494
T45_C0p5_D80_0,T45_C0p5_D80,2,850,900,ridge,0.810823,0.8087739942012928
T45_C0p5_D80_0,T45_C0p5_D80,2,850,900,random_forest,0.810823,0.8073451704297444
T45_C0p5_D80_0,T45_C0p5_D80,2,900,950,persistence,0.800598,0.8270947360863479
T45_C0p5_D80_0,T45_C0p5_D80,2,900,950,local_linear,0.800598,0.8223503083594625
T45_C0p5_D80_0,T45_C0p5_D80,2,900,950,ridge,0.800598,0.8088507575389072
T45_C0p5_D80_0,T45_C0p5_D80,2,900,950,random_forest,0.800598,0.8079192169985573
T45_C0p5_D80_0,T45_C0p5_D80,2,950,1000,persistence,0.790639,0.806836985006402
T45_C0p5_D80_0,T45_C0p5_D80,2,950,1000,local_linear,0.790639,0.7957801435829304
T45_C0p5_D80_0,T45_C0p5_D80,2,950,1000,ridge,0.790639,0.7876026205084058
T45_C0p5_D80_0,T45_C0p5_D80,2,950,1000,random_forest,0.790639,0.7836870925780297
T45_C1_D100_1,T45_C1_D100,2,100,150,persistence,0.901109,0.9379186463528053
T45_C1_D100_1,T45_C1_D100,2,100,150,local_linear,0.901109,0.9046596988972001
T45_C1_D100_1,T45_C1_D100,2,100,150,ridge,0.901109,0.9014117258040104
T45_C1_D100_1,T45_C1_D100,2,100,150,random_forest,0.901109,0.9033349381432629
T45_C1_D100_1,T45_C1_D100,2,150,200,persistence,0.885811,0.9134048187085442
T45_C1_D100_1,T45_C1_D100,2,150,200,local_linear,0.885811,0.8921411853899698
T45_C1_D100_1,T45_C1_D100,2,150,200,ridge,0.885811,0.8838691676123869
T45_C1_D100_1,T45_C1_D100,2,150,200,random_forest,0.885811,0.8845107921692368
T45_C1_D100_1,T45_C1_D100,2,200,250,persistence,0.872332,0.9048537097644755
T45_C1_D100_1,T45_C1_D100,2,200,250,local_linear,0.872332,0.8890212880957798
T45_C1_D100_1,T45_C1_D100,2,200,250,ridge,0.872332,0.876680590561146
T45_C1_D100_1,T45_C1_D100,2,200,250,random_forest,0.872332,0.8775214674607685
T45_C1_D100_1,T45_C1_D100,2,250,300,persistence,0.860147,0.8915148663291235
T45_C1_D100_1,T45_C1_D100,2,250,300,local_linear,0.860147,0.8776291597376468
T45_C1_D100_1,T45_C1_D100,2,250,300,ridge,0.860147,0.8644227626893435
T45_C1_D100_1,T45_C1_D100,2,250,300,random_forest,0.860147,0.8667306509913869
T45_C1_D100_1,T45_C1_D100,2,300,350,persistence,0.848942,0.8822226504653812
T45_C1_D100_1,T45_C1_D100,2,300,350,local_linear,0.848942,0.8705514429567356
T45_C1_D100_1,T45_C1_D100,2,300,350,ridge,0.848942,0.8561403829184857
T45_C1_D100_1,T45_C1_D100,2,300,350,random_forest,0.848942,0.8579103852060788
T45_C1_D100_1,T45_C1_D100,2,350,400,persistence,0.838512,0.8672853729224613
T45_C1_D100_1,T45_C1_D100,2,350,400,local_linear,0.838512,0.8540463912248709
T45_C1_D100_1,T45_C1_D100,2,350,400,ridge,0.838512,0.8408266930629928
T45_C1_D100_1,T45_C1_D100,2,350,400,random_forest,0.838512,0.844961676123096
T45_C1_D100_1,T45_C1_D100,2,400,450,persistence,0.828716,0.8612857042853657
T45_C1_D100_1,T45_C1_D100,2,400,450,local_linear,0.828716,0.8516610197466018
T45_C1_D100_1,T45_C1_D100,2,400,450,ridge,0.828716,0.8353350426294383
T45_C1_D100_1,T45_C1_D100,2,400,450,random_forest,0.828716,0.8374064240847693
T45_C1_D100_1,T45_C1_D100,2,450,500,persistence,0.819451,0.8511404857088261
T45_C1_D100_1,T45_C1_D100,2,450,500,local_linear,0.819451,0.8412808845699667
T45_C1_D100_1,T45_C1_D100,2,450,500,ridge,0.819451,0.8264756172888387
T45_C1_D100_1,T45_C1_D100,2,450,500,random_forest,0.819451,0.8282490064353354
T45_C1_D100_1,T45_C1_D100,2,500,550,persistence,0.810638,0.8412763580135633
T45_C1_D100_1,T45_C1_D100,2,500,550,local_linear,0.810638,0.8312608114112513
T45_C1_D100_1,T45_C1_D100,2,500,550,ridge,0.810638,0.8156710604264288
T45_C1_D100_1,T45_C1_D100,2,500,550,random_forest,0.810638,0.8179462088162881
T45_C1_D100_1,T45_C1_D100,2,550,600,persistence,0.802218,0.8265342224093759
T45_C1_D100_1,T45_C1_D100,2,550,600,local_linear,0.802218,0.8164906925737472
T45_C1_D100_1,T45_C1_D100,2,550,600,ridge,0.802218,0.8022098510140419
T45_C1_D100_1,T45_C1_D100,2,550,600,random_forest,0.802218,0.8022925271701389
T45_C1_D100_1,T45_C1_D100,2,600,650,persistence,0.794142,0.8228805815121663
T45_C1_D100_1,T45_C1_D100,2,600,650,local_linear,0.794142,0.8156196525635502
T45_C1_D100_1,T45_C1_D100,2,600,650,ridge,0.794142,0.7980917305639376
T45_C1_D100_1,T45_C1_D100,2,600,650,random_forest,0.794142,0.7979888333259622
T45_C1_D100_1,T45_C1_D100,2,650,700,persistence,0.786371,0.8129613167594222
T45_C1_D100_1,T45_C1_D100,2,650,700,local_linear,0.786371,0.8044694038526669
T45_C1_D100_1,T45_C1_D100,2,650,700,ridge,0.786371,0.7889725709759878
T45_C1_D100_1,T45_C1_D100,2,650,700,random_forest,0.786371,0.789788871568588
T45_C1_D100_1,T45_C1_D100,2,700,750,persistence,0.771375,0.8034588232941096
T45_C1_D100_1,T45_C1_D100,2,700,750,local_linear,0.771375,0.7941562472764259
T45_C1_D100_1,T45_C1_D100,2,700,750,ridge,0.771375,0.7803887572730196
T45_C1_D100_1,T45_C1_D100,2,700,750,random_forest,0.771375,0.7779483339768392
T45_C1_D100_1,T45_C1_D100,2,750,800,persistence,0.756871,0.7888929100501072
T45_C1_D100_1,T45_C1_D100,2,750,800,local_linear,0.756871,0.7766516921555618
T45_C1_D100_1,T45_C1_D100,2,750,800,ridge,0.756871,0.764248252322398
T45_C1_D100_1,T45_C1_D100,2,750,800,random_forest,0.756871,0.762373829168921
T45_C1_D100_1,T45_C1_D100,2,800,850,persistence,0.742814,0.7696414280389775
T45_C1_D100_1,T45_C1_D100,2,800,850,local_linear,0.742814,0.7544082655115197
T45_C1_D100_1,T45_C1_D100,2,800,850,ridge,0.742814,0.7444466082857322
T45_C1_D100_1,T45_C1_D100,2,800,850,random_forest,0.742814,0.743332399504194
T45_C1_D100_1,T45_C1_D100,2,850,900,persistence,0.729164,0.7601075821292148
T45_C1_D100_1,T45_C1_D100,2,850,900,local_linear,0.729164,0.7446965971338875
T45_C1_D100_1,T45_C1_D100,2,850,900,ridge,0.729164,0.7334501638511215
T45_C1_D100_1,T45_C1_D100,2,850,900,random_forest,0.729164,0.7306298429042657
T45_C1_D100_1,T45_C1_D100,2,900,950,persistence,0.715889,0.7436421431990468
T45_C1_D100_1,T45_C1_D100,2,900,950,local_linear,0.715889,0.730128371145553
T45_C1_D100_1,T45_C1_D100,2,900,950,ridge,0.715889,0.7187502009973223
T45_C1_D100_1,T45_C1_D100,2,900,950,random_forest,0.715889,0.7175994361462844
T45_C1_D100_1,T45_C1_D100,2,950,1000,persistence,0.702958,0.7323622904690461
T45_C1_D100_1,T45_C1_D100,2,950,1000,local_linear,0.702958,0.7184901914424341
T45_C1_D100_1,T45_C1_D100,2,950,1000,ridge,0.702958,0.7075012664551092
T45_C1_D100_1,T45_C1_D100,2,950,1000,random_forest,0.702958,0.6995646899133503
T45_C1_D50_2,T45_C1_D50,2,100,150,persistence,0.948854,0.9726556063578212
T45_C1_D50_2,T45_C1_D50,2,100,150,local_linear,0.948854,0.9567635339992536
T45_C1_D50_2,T45_C1_D50,2,100,150,ridge,0.948854,0.9508727797322221
T45_C1_D50_2,T45_C1_D50,2,100,150,random_forest,0.948854,0.951098329136229
T45_C1_D50_2,T45_C1_D50,2,150,200,persistence,0.940942,0.9620158199912183
T45_C1_D50_2,T45_C1_D50,2,150,200,local_linear,0.940942,0.9499746841615263
T45_C1_D50_2,T45_C1_D50,2,150,200,ridge,0.940942,0.9422171066622711
T45_C1_D50_2,T45_C1_D50,2,150,200,random_forest,0.940942,0.9410960858272455
T45_C1_D50_2,T45_C1_D50,2,200,250,persistence,0.933971,0.9537992924912574
T45_C1_D50_2,T45_C1_D50,2,200,250,local_linear,0.933971,0.9446462501042359
T45_C1_D50_2,T45_C1_D50,2,200,250,ridge,0.933971,0.9363799850234182
T45_C1_D50_2,T45_C1_D50,2,200,250,random_forest,0.933971,0.9376473006831716
T45_C1_D50_2,T45_C1_D50,2,250,300,persistence,0.927669,0.94115278083338
T45_C1_D50_2,T45_C1_D50,2,250,300,local_linear,0.927669,0.9329088118427186
T45_C1_D50_2,T45_C1_D50,2,250,300,ridge,0.927669,0.9249400154484368
T45_C1_D50_2,T45_C1_D50,2,250,300,random_forest,0.927669,0.9251404376163421
T45_C1_D50_2,T45_C1_D50,2,300,350,persistence,0.921874,0.938842745457943
T45_C1_D50_2,T45_C1_D50,2,300,350,local_linear,0.921874,0.9313250841776357
T45_C1_D50_2,T45_C1_D50,2,300,350,ridge,0.921874,0.9221227069205487
T45_C1_D50_2,T45_C1_D50,2,300,350,random_forest,0.921874,0.9211059097567185
T45_C1_D50_2,T45_C1_D50,2,350,400,persistence,0.916479,0.9307132067378104
T45_C1_D50_2,T45_C1_D50,2,350,400,local_linear,0.916479,0.9252381516854532
T45_C1_D50_2,T45_C1_D50,2,350,400,ridge,0.916479,0.9155615282807488
T45_C1_D50_2,T45_C1_D50,2,350,400,random_forest,0.916479,0.9163863292327289
T45_C1_D50_2,T45_C1_D50,2,400,450,persistence,0.911413,0.9268336912607115
T45_C1_D50_2,T45_C1_D50,2,400,450,local_linear,0.911413,0.9206661761792959
T45_C1_D50_2,T45_C1_D50,2,400,450,ridge,0.911413,0.911371458086655
T45_C1_D50_2,T45_C1_D50,2,400,450,random_forest,0.911413,0.9123862147321429
T45_C1_D50_2,T45_C1_D50,2,450,500,persistence,0.906621,0.9223710287780977
T45_C1_D50_2,T45_C1_D50,2,450,500,local_linear,0.906621,0.9170186262247279
T45_C1_D50_2,T45_C1_D50,2,450,500,ridge,0.906621,0.9070412625908238
T45_C1_D50_2,T45_C1_D50,2,450,500,random_forest,0.906621,0.9069947498119584
T45_C1_D50_2,T45_C1_D50,2,500,550,persistence,0.902063,0.91949211439807
T45_C1_D50_2,T45_C1_D50,2,500,550,local_linear,0.902063,0.9145001146462454
T45_C1_D50_2,T45_C1_D50,2,500,550,ridge,0.902063,0.9039907735011308
T45_C1_D50_2,T45_C1_D50,2,500,550,random_forest,0.902063,0.9046768514889967
T45_C1_D50_2,T45_C1_D50,2,550,600,persistence,0.897709,0.9142875158673979
T45_C1_D50_2,T45_C1_D50,2,550,600,local_linear,0.897709,0.9115567588855444
T45_C1_D50_2,T45_C1_D50,2,550,600,ridge,0.897709,0.8993610666204729
T45_C1_D50_2,T45_C1_D50,2,550,600,random_forest,0.897709,0.9009861643060066
T45_C1_D50_2,T45_C1_D50,2,600,650,persistence,0.893532,0.9062132081185845
T45_C1_D50_2,T45_C1_D50,2,600,650,local_linear,0.893532,0.9004621289820317
T45_C1_D50_2,T45_C1_D50,2,600,650,ridge,0.893532,0.8907719182738888
T45_C1_D50_2,T45_C1_D50,2,600,650,random_forest,0.893532,0.891177443788781
T45_C1_D50_2,T45_C1_D50,2,650,700,persistence,0.889513,0.9053111022536998
T45_C1_D50_2,T45_C1_D50,2,650,700,local_linear,0.889513,0.901200819471737
T45_C1_D50_2,T45_C1_D50,2,650,700,ridge,0.889513,0.8900501265442257
T45_C1_D50_2,T45_C1_D50,2,650,700,random_forest,0.889513,0.8902588140133479
T45_C1_D50_2,T45_C1_D50,2,700,750,persistence,0.885635,0.9043307525127791
T45_C1_D50_2,T45_C1_D50,2,700,750,local_linear,0.885635,0.9011319988036515
T45_C1_D50_2,T45_C1_D50,2,700,750,ridge,0.885635,0.8912152620492797
T45_C1_D50_2,T45_C1_D50,2,700,750,random_forest,0.885635,0.8914940858915049
T45_C1_D50_2,T45_C1_D50,2,750,800,persistence,0.881884,0.8927129176957271
T45_C1_D50_2,T45_C1_D50,2,750,800,local_linear,0.881884,0.8886115372415672
T45_C1_D50_2,T45_C1_D50,2,750,800,ridge,0.881884,0.8790125013379707
T45_C1_D50_2,T45_C1_D50,2,750,800,random_forest,0.881884,0.8796529910935588
T45_C1_D50_2,T45_C1_D50,2,800,850,persistence,0.878249,0.8949382655818077
T45_C1_D50_2,T45_C1_D50,2,800,850,local_linear,0.878249,0.8912476583651376
T45_C1_D50_2,T45_C1_D50,2,800,850,ridge,0.878249,0.8801411368638146
T45_C1_D50_2,T45_C1_D50,2,800,850,random_forest,0.878249,0.8776851683703446
T45_C1_D50_2,T45_C1_D50,2,850,900,persistence,0.874719,0.9000204354593881
T45_C1_D50_2,T45_C1_D50,2,850,900,local_linear,0.874719,0.8958484286561222
T45_C1_D50_2,T45_C1_D50,2,850,900,ridge,0.874719,0.8837425128313984
T45_C1_D50_2,T45_C1_D50,2,850,900,random_forest,0.874719,0.8825027535265597
T45_C1_D50_2,T45_C1_D50,2,900,950,persistence,0.871286,0.8840573039737765
T45_C1_D50_2,T45_C1_D50,2,900,950,local_linear,0.871286,0.8821441708472125
T45_C1_D50_2,T45_C1_D50,2,900,950,ridge,0.871286,0.8717737858251358
T45_C1_D50_2,T45_C1_D50,2,900,950,random_forest,0.871286,0.8715014373103804
T45_C1_D50_2,T45_C1_D50,2,950,1000,persistence,0.867942,0.8830875401690252
T45_C1_D50_2,T45_C1_D50,2,950,1000,local_linear,0.867942,0.8794207396055044
T45_C1_D50_2,T45_C1_D50,2,950,1000,ridge,0.867942,0.8685879908838583
T45_C1_D50_2,T45_C1_D50,2,950,1000,random_forest,0.867942,0.8674252576154394
T45_C1_D80_3,T45_C1_D80,2,100,150,persistence,0.919045,0.9426255724723136
T45_C1_D80_3,T45_C1_D80,2,100,150,local_linear,0.919045,0.9153760253316269
T45_C1_D80_3,T45_C1_D80,2,100,150,ridge,0.919045,0.9149014956637495
T45_C1_D80_3,T45_C1_D80,2,100,150,random_forest,0.919045,0.9136032755534134
T45_C1_D80_3,T45_C1_D80,2,150,200,persistence,0.906521,0.9264285443002144
T45_C1_D80_3,T45_C1_D80,2,150,200,local_linear,0.906521,0.9070386771730045
T45_C1_D80_3,T45_C1_D80,2,150,200,ridge,0.906521,0.90261346565086
T45_C1_D80_3,T45_C1_D80,2,150,200,random_forest,0.906521,0.9005107781001982
T45_C1_D80_3,T45_C1_D80,2,200,250,persistence,0.895488,0.9171409550867358
T45_C1_D80_3,T45_C1_D80,2,200,250,local_linear,0.895488,0.9039733218741678
T45_C1_D80_3,T45_C1_D80,2,200,250,ridge,0.895488,0.896096462603708
T45_C1_D80_3,T45_C1_D80,2,200,250,random_forest,0.895488,0.8948323174848938
T45_C1_D80_3,T45_C1_D80,2,250,300,persistence,0.885512,0.9129526780107331
T45_C1_D80_3,T45_C1_D80,2,250,300,local_linear,0.885512,0.9011066955206202
T45_C1_D80_3,T45_C1_D80,2,250,300,ridge,0.885512,0.8914725567339628
T45_C1_D80_3,T45_C1_D80,2,250,300,random_forest,0.885512,0.887664647330898
T45_C1_D80_3,T45_C1_D80,2,300,350,persistence,0.876339,0.9009238621676089
T45_C1_D80_3,T45_C1_D80,2,300,350,local_linear,0.876339,0.8915706341727656
T45_C1_D80_3,T45_C1_D80,2,300,350,ridge,0.876339,0.8804968056057476
T45_C1_D80_3,T45_C1_D80,2,300,350,random_forest,0.876339,0.8802521437233951
T45_C1_D80_3,T45_C1_D80,2,350,400,persistence,0.867801,0.8836720015803377
T45_C1_D80_3,T45_C1_D80,2,350,400,local_linear,0.867801,0.8720952729280715
T45_C1_D80_3,T45_C1_D80,2,350,400,ridge,0.867801,0.8641217730323788
T45_C1_D80_3,T45_C1_D80,2,350,400,random_forest,0.867801,0.8633686567436906
T45_C1_D80_3,T45_C1_D80,2,400,450,persistence,0.859782,0.8763951866582809
T45_C1_D80_3,T45_C1_D80,2,400,450,local_linear,0.859782,0.8667192484270652
T45_C1_D80_3,T45_C1_D80,2,400,450,ridge,0.859782,0.8580316421980744
T45_C1_D80_3,T45_C1_D80,2,400,450,random_forest,0.859782,0.8578017373750901
T45_C1_D80_3,T45_C1_D80,2,450,500,persistence,0.852197,0.8777634113127433
T45_C1_D80_3,T45_C1_D80,2,450,500,local_linear,0.852197,0.8722569739827581
T45_C1_D80_3,T45_C1_D80,2,450,500,ridge,0.852197,0.8592619124957938
T45_C1_D80_3,T45_C1_D80,2,450,500,random_forest,0.852197,0.8617816798493868
T45_C1_D80_3,T45_C1_D80,2,500,550,persistence,0.844983,0.8613131851424369
T45_C1_D80_3,T45_C1_D80,2,500,550,local_linear,0.844983,0.8522574589546282
T45_C1_D80_3,T45_C1_D80,2,500,550,ridge,0.844983,0.8439758679494545
T45_C1_D80_3,T45_C1_D80,2,500,550,random_forest,0.844983,0.8432527763415752
T45_C1_D80_3,T45_C1_D80,2,550,600,persistence,0.83809,0.85209916666806
T45_C1_D80_3,T45_C1_D80,2,550,600,local_linear,0.83809,0.8456647926232931
T45_C1_D80_3,T45_C1_D80,2,550,600,ridge,0.83809,0.8343266938919939
T45_C1_D80_3,T45_C1_D80,2,550,600,random_forest,0.83809,0.8330840235475288
T45_C1_D80_3,T45_C1_D80,2,600,650,persistence,0.831479,0.8463735477840756
T45_C1_D80_3,T45_C1_D80,2,600,650,local_linear,0.831479,0.8375932817943661
T45_C1_D80_3,T45_C1_D80,2,600,650,ridge,0.831479,0.8298356777559662
T45_C1_D80_3,T45_C1_D80,2,600,650,random_forest,0.831479,0.8276790411883255
T45_C1_D80_3,T45_C1_D80,2,650,700,persistence,0.825117,0.8390040528400335
T45_C1_D80_3,T45_C1_D80,2,650,700,local_linear,0.825117,0.8325310947279144
T45_C1_D80_3,T45_C1_D80,2,650,700,ridge,0.825117,0.8213310062955197
T45_C1_D80_3,T45_C1_D80,2,650,700,random_forest,0.825117,0.8194648184785874
T45_C1_D80_3,T45_C1_D80,2,700,750,persistence,0.818979,0.8331207823722597
T45_C1_D80_3,T45_C1_D80,2,700,750,local_linear,0.818979,0.8257397847349932
T45_C1_D80_3,T45_C1_D80,2,700,750,ridge,0.818979,0.8153224827868102
T45_C1_D80_3,T45_C1_D80,2,700,750,random_forest,0.818979,0.8120290361217078
T45_C1_D80_3,T45_C1_D80,2,750,800,persistence,0.813042,0.8297202854831316
T45_C1_D80_3,T45_C1_D80,2,750,800,local_linear,0.813042,0.8231626845138871
T45_C1_D80_3,T45_C1_D80,2,750,800,ridge,0.813042,0.8125342348013769
T45_C1_D80_3,T45_C1_D80,2,750,800,random_forest,0.813042,0.8071552505282739
T45_C1_D80_3,T45_C1_D80,2,800,850,persistence,0.807289,0.8221119245030452
T45_C1_D80_3,T45_C1_D80,2,800,850,local_linear,0.807289,0.8157984728594272
T45_C1_D80_3,T45_C1_D80,2,800,850,ridge,0.807289,0.8062571389551629
T45_C1_D80_3,T45_C1_D80,2,800,850,random_forest,0.807289,0.8038308232589287
T45_C1_D80_3,T45_C1_D80,2,850,900,persistence,0.798928,0.8145164622889051
T45_C1_D80_3,T45_C1_D80,2,850,900,local_linear,0.798928,0.8086336817365896
T45_C1_D80_3,T45_C1_D80,2,850,900,ridge,0.798928,0.7975232981651458
T45_C1_D80_3,T45_C1_D80,2,850,900,random_forest,0.798928,0.7966890892297982
T45_C1_D80_3,T45_C1_D80,2,900,950,persistence,0.78806,0.8056836740080551
T45_C1_D80_3,T45_C1_D80,2,900,950,local_linear,0.78806,0.7985690021826022
T45_C1_D80_3,T45_C1_D80,2,900,950,ridge,0.78806,0.7888982775449175
T45_C1_D80_3,T45_C1_D80,2,900,950,random_forest,0.78806,0.7827177799713833
T45_C1_D80_3,T45_C1_D80,2,950,1000,persistence,0.777475,0.7996183876208154
T45_C1_D80_3,T45_C1_D80,2,950,1000,local_linear,0.777475,0.790515798826414
T45_C1_D80_3,T45_C1_D80,2,950,1000,ridge,0.777475,0.7806699495126417
T45_C1_D80_3,T45_C1_D80,2,950,1000,random_forest,0.777475,0.7722103800949229
T45_C2_D50_0,T45_C2_D50,2,100,150,persistence,0.938432,0.9562769383490661
T45_C2_D50_0,T45_C2_D50,2,100,150,local_linear,0.938432,0.9365614133733576
T45_C2_D50_0,T45_C2_D50,2,100,150,ridge,0.938432,0.9315649180182671
T45_C2_D50_0,T45_C2_D50,2,100,150,random_forest,0.938432,0.9393255911562048
T45_C2_D50_0,T45_C2_D50,2,150,200,persistence,0.928908,0.951356349474847
T45_C2_D50_0,T45_C2_D50,2,150,200,local_linear,0.928908,0.9395502660635381
T45_C2_D50_0,T45_C2_D50,2,150,200,ridge,0.928908,0.9294455141345443
T45_C2_D50_0,T45_C2_D50,2,150,200,random_forest,0.928908,0.9360496012596956
T45_C2_D50_0,T45_C2_D50,2,200,250,persistence,0.920516,0.9408326643528917
T45_C2_D50_0,T45_C2_D50,2,200,250,local_linear,0.920516,0.9290455510256583
T45_C2_D50_0,T45_C2_D50,2,200,250,ridge,0.920516,0.9203479718391251
T45_C2_D50_0,T45_C2_D50,2,200,250,random_forest,0.920516,0.9262127467228082
T45_C2_D50_0,T45_C2_D50,2,250,300,persistence,0.91293,0.9270598369857389
T45_C2_D50_0,T45_C2_D50,2,250,300,local_linear,0.91293,0.9179259257827671
T45_C2_D50_0,T45_C2_D50,2,250,300,ridge,0.91293,0.9079704989017254
T45_C2_D50_0,T45_C2_D50,2,250,300,random_forest,0.91293,0.9106515151510637
T45_C2_D50_0,T45_C2_D50,2,300,350,persistence,0.905954,0.9249480284563789
T45_C2_D50_0,T45_C2_D50,2,300,350,local_linear,0.905954,0.9184111332235317
T45_C2_D50_0,T45_C2_D50,2,300,350,ridge,0.905954,0.9067771364133443
T45_C2_D50_0,T45_C2_D50,2,300,350,random_forest,0.905954,0.9119957115459882
T45_C2_D50_0,T45_C2_D50,2,350,400,persistence,0.89946,0.9108810907689271
T45_C2_D50_0,T45_C2_D50,2,350,400,local_linear,0.89946,0.9031429272539904
T45_C2_D50_0,T45_C2_D50,2,350,400,ridge,0.89946,0.8935453992205342
T45_C2_D50_0,T45_C2_D50,2,350,400,random_forest,0.89946,0.8960539377496636
T45_C2_D50_0,T45_C2_D50,2,400,450,persistence,0.893362,0.9026535018815829
T45_C2_D50_0,T45_C2_D50,2,400,450,local_linear,0.893362,0.8951061296139345
T45_C2_D50_0,T45_C2_D50,2,400,450,ridge,0.893362,0.8864399892098991
T45_C2_D50_0,T45_C2_D50,2,400,450,random_forest,0.893362,0.8890489274666307
T45_C2_D50_0,T45_C2_D50,2,450,500,persistence,0.887593,0.9017304561951072
T45_C2_D50_0,T45_C2_D50,2,450,500,local_linear,0.887593,0.8938672435922772
T45_C2_D50_0,T45_C2_D50,2,450,500,ridge,0.887593,0.8847960741340334
T45_C2_D50_0,T45_C2_D50,2,450,500,random_forest,0.887593,0.8856923688902418
T45_C2_D50_0,T45_C2_D50,2,500,550,persistence,0.882107,0.8928278600152734
T45_C2_D50_0,T45_C2_D50,2,500,550,local_linear,0.882107,0.8872041474653424
T45_C2_D50_0,T45_C2_D50,2,500,550,ridge,0.882107,0.8776724739554849
T45_C2_D50_0,T45_C2_D50,2,500,550,random_forest,0.882107,0.8803163174120675
T45_C2_D50_0,T45_C2_D50,2,550,600,persistence,0.876865,0.8878692350158426
T45_C2_D50_0,T45_C2_D50,2,550,600,local_linear,0.876865,0.8821488133395851
T45_C2_D50_0,T45_C2_D50,2,550,600,ridge,0.876865,0.8721460108837824
T45_C2_D50_0,T45_C2_D50,2,550,600,random_forest,0.876865,0.8742801331534092
T45_C2_D50_0,T45_C2_D50,2,600,650,persistence,0.871837,0.8809118384225401
T45_C2_D50_0,T45_C2_D50,2,600,650,local_linear,0.871837,0.876013920488889
T45_C2_D50_0,T45_C2_D50,2,600,650,ridge,0.871837,0.8660920146023714
T45_C2_D50_0,T45_C2_D50,2,600,650,random_forest,0.871837,0.8670142566170634
T45_C2_D50_0,T45_C2_D50,2,650,700,persistence,0.866999,0.8772346558386925
T45_C2_D50_0,T45_C2_D50,2,650,700,local_linear,0.866999,0.8728736613796428
T45_C2_D50_0,T45_C2_D50,2,650,700,ridge,0.866999,0.8619973593060485
T45_C2_D50_0,T45_C2_D50,2,650,700,random_forest,0.866999,0.8652593537811673
T45_C2_D50_0,T45_C2_D50,2,700,750,persistence,0.86233,0.8786478853923333
T45_C2_D50_0,T45_C2_D50,2,700,750,local_linear,0.86233,0.8744783704354038
T45_C2_D50_0,T45_C2_D50,2,700,750,ridge,0.86233,0.8638912170829371
T45_C2_D50_0,T45_C2_D50,2,700,750,random_forest,0.86233,0.8665284651817284
T45_C2_D50_0,T45_C2_D50,2,750,800,persistence,0.857816,0.8699354698385581
T45_C2_D50_0,T45_C2_D50,2,750,800,local_linear,0.857816,0.864451245101367
T45_C2_D50_0,T45_C2_D50,2,750,800,ridge,0.857816,0.8554841699742813
T45_C2_D50_0,T45_C2_D50,2,750,800,random_forest,0.857816,0.8586074782651718
T45_C2_D50_0,T45_C2_D50,2,800,850,persistence,0.85344,0.8594921427276134
T45_C2_D50_0,T45_C2_D50,2,800,850,local_linear,0.85344,0.854815218244873
T45_C2_D50_0,T45_C2_D50,2,800,850,ridge,0.85344,0.8462681364621311
T45_C2_D50_0,T45_C2_D50,2,800,850,random_forest,0.85344,0.8452638783450576
T45_C2_D50_0,T45_C2_D50,2,850,900,persistence,0.849191,0.8626480696800386
T45_C2_D50_0,T45_C2_D50,2,850,900,local_linear,0.849191,0.8577038494909823
T45_C2_D50_0,T45_C2_D50,2,850,900,ridge,0.849191,0.8488661772575381
T45_C2_D50_0,T45_C2_D50,2,850,900,random_forest,0.849191,0.8479366308996212
T45_C2_D50_0,T45_C2_D50,2,900,950,persistence,0.845058,0.8545742324537614
T45_C2_D50_0,T45_C2_D50,2,900,950,local_linear,0.845058,0.851130108836285
T45_C2_D50_0,T45_C2_D50,2,900,950,ridge,0.845058,0.8413860573958246
T45_C2_D50_0,T45_C2_D50,2,900,950,random_forest,0.845058,0.8377303374235661
T45_C2_D50_0,T45_C2_D50,2,950,1000,persistence,0.841033,0.8562756794068936
T45_C2_D50_0,T45_C2_D50,2,950,1000,local_linear,0.841033,0.8515453812602183
T45_C2_D50_0,T45_C2_D50,2,950,1000,ridge,0.841033,0.8421356605602484
T45_C2_D50_0,T45_C2_D50,2,950,1000,random_forest,0.841033,0.8430532998359628
T45_C2_D80_1,T45_C2_D80,2,100,150,persistence,0.911577,0.9456656934374984
T45_C2_D80_1,T45_C2_D80,2,100,150,local_linear,0.911577,0.9168912794343935
T45_C2_D80_1,T45_C2_D80,2,100,150,ridge,0.911577,0.9143168796266481
T45_C2_D80_1,T45_C2_D80,2,100,150,random_forest,0.911577,0.9165947290286276
T45_C2_D80_1,T45_C2_D80,2,150,200,persistence,0.897898,0.930424737204692
T45_C2_D80_1,T45_C2_D80,2,150,200,local_linear,0.897898,0.9121719308996872
T45_C2_D80_1,T45_C2_D80,2,150,200,ridge,0.897898,0.9031926321620826
T45_C2_D80_1,T45_C2_D80,2,150,200,random_forest,0.897898,0.9007636033199266
T45_C2_D80_1,T45_C2_D80,2,200,250,persistence,0.885846,0.9139502950149733
T45_C2_D80_1,T45_C2_D80,2,200,250,local_linear,0.885846,0.8983359183518164
T45_C2_D80_1,T45_C2_D80,2,200,250,ridge,0.885846,0.8885804459071099
T45_C2_D80_1,T45_C2_D80,2,200,250,random_forest,0.885846,0.8865958649337126
T45_C2_D80_1,T45_C2_D80,2,250,300,persistence,0.874951,0.9073559253722249
T45_C2_D80_1,T45_C2_D80,2,250,300,local_linear,0.874951,0.8953075433516383
T45_C2_D80_1,T45_C2_D80,2,250,300,ridge,0.874951,0.8826870898613212
T45_C2_D80_1,T45_C2_D80,2,250,300,random_forest,0.874951,0.8804822539648717
T45_C2_D80_1,T45_C2_D80,2,300,350,persistence,0.864931,0.8980372951415087
T45_C2_D80_1,T45_C2_D80,2,300,350,local_linear,0.864931,0.8863943675074604
T45_C2_D80_1,T45_C2_D80,2,300,350,ridge,0.864931,0.8737979863246986
T45_C2_D80_1,T45_C2_D80,2,300,350,random_forest,0.864931,0.8726710516109065
T45_C2_D80_1,T45_C2_D80,2,350,400,persistence,0.855605,0.882104143331818
T45_C2_D80_1,T45_C2_D80,2,350,400,local_linear,0.855605,0.8707237956278674
T45_C2_D80_1,T45_C2_D80,2,350,400,ridge,0.855605,0.8596818384982311
T45_C2_D80_1,T45_C2_D80,2,350,400,random_forest,0.855605,0.8606198825468109
T45_C2_D80_1,T45_C2_D80,2,400,450,persistence,0.846846,0.8758884426302493
T45_C2_D80_1,T45_C2_D80,2,400,450,local_linear,0.846846,0.8664269138989593
T45_C2_D80_1,T45_C2_D80,2,400,450,ridge,0.846846,0.8537836223662537
T45_C2_D80_1,T45_C2_D80,2,400,450,random_forest,0.846846,0.8545849210443718
T45_C2_D80_1,T45_C2_D80,2,450,500,persistence,0.838562,0.8663411113558502
T45_C2_D80_1,T45_C2_D80,2,450,500,local_linear,0.838562,0.8575946700439588
T45_C2_D80_1,T45_C2_D80,2,450,500,ridge,0.838562,0.8441468752681104
T45_C2_D80_1,T45_C2_D80,2,450,500,random_forest,0.838562,0.8469326101639156
T45_C2_D80_1,T45_C2_D80,2,500,550,persistence,0.830682,0.8572493075700982
T45_C2_D80_1,T45_C2_D80,2,500,550,local_linear,0.830682,0.8486795511244964
T45_C2_D80_1,T45_C2_D80,2,500,550,ridge,0.830682,0.8341691256933145
T45_C2_D80_1,T45_C2_D80,2,500,550,random_forest,0.830682,0.8365797444295631
T45_C2_D80_1,T45_C2_D80,2,550,600,persistence,0.823153,0.8450180195801835
T45_C2_D80_1,T45_C2_D80,2,550,600,local_linear,0.823153,0.8355640733279294
T45_C2_D80_1,T45_C2_D80,2,550,600,ridge,0.823153,0.8218419529933189
T45_C2_D80_1,T45_C2_D80,2,550,600,random_forest,0.823153,0.8252662471432386
T45_C2_D80_1,T45_C2_D80,2,600,650,persistence,0.815932,0.8449828708542076
T45_C2_D80_1,T45_C2_D80,2,600,650,local_linear,0.815932,0.838066756122371
T45_C2_D80_1,T45_C2_D80,2,600,650,ridge,0.815932,0.8238129095308147
T45_C2_D80_1,T45_C2_D80,2,600,650,random_forest,0.815932,0.8259810602745514
T45_C2_D80_1,T45_C2_D80,2,650,700,persistence,0.808984,0.8290623725858682
T45_C2_D80_1,T45_C2_D80,2,650,700,local_linear,0.808984,0.8218051167425122
T45_C2_D80_1,T45_C2_D80,2,650,700,ridge,0.808984,0.8089785098171551
T45_C2_D80_1,T45_C2_D80,2,650,700,random_forest,0.808984,0.8075966920652962
T45_C2_D80_1,T45_C2_D80,2,700,750,persistence,0.802279,0.8269272046452555
T45_C2_D80_1,T45_C2_D80,2,700,750,local_linear,0.802279,0.8188075445264263
T45_C2_D80_1,T45_C2_D80,2,700,750,ridge,0.802279,0.8055363556065814
T45_C2_D80_1,T45_C2_D80,2,700,750,random_forest,0.802279,0.8051507253929924
T45_C2_D80_1,T45_C2_D80,2,750,800,persistence,0.795795,0.8186588183466975
T45_C2_D80_1,T45_C2_D80,2,750,800,local_linear,0.795795,0.8091048719829405
T45_C2_D80_1,T45_C2_D80,2,750,800,ridge,0.795795,0.7958225106017507
T45_C2_D80_1,T45_C2_D80,2,750,800,random_forest,0.795795,0.7994151085531656
T45_C2_D80_1,T45_C2_D80,2,800,850,persistence,0.78951,0.814772775202808
T45_C2_D80_1,T45_C2_D80,2,800,850,local_linear,0.78951,0.8085092626725027
T45_C2_D80_1,T45_C2_D80,2,800,850,ridge,0.78951,0.7945858558307114
T45_C2_D80_1,T45_C2_D80,2,800,850,random_forest,0.78951,0.7959957273897456
T45_C2_D80_1,T45_C2_D80,2,850,900,persistence,0.780379,0.813708940429939
T45_C2_D80_1,T45_C2_D80,2,850,900,local_linear,0.780379,0.8079379924926537
T45_C2_D80_1,T45_C2_D80,2,850,900,ridge,0.780379,0.7918818629739937
T45_C2_D80_1,T45_C2_D80,2,850,900,random_forest,0.780379,0.7926618145546989
T45_C2_D80_1,T45_C2_D80,2,900,950,persistence,0.768508,0.7966641515800522
T45_C2_D80_1,T45_C2_D80,2,900,950,local_linear,0.768508,0.7887507735303402
T45_C2_D80_1,T45_C2_D80,2,900,950,ridge,0.768508,0.7765770118268639
T45_C2_D80_1,T45_C2_D80,2,900,950,random_forest,0.768508,0.7717073356631042
T45_C2_D80_1,T45_C2_D80,2,950,1000,persistence,0.756947,0.7868717165231817
T45_C2_D80_1,T45_C2_D80,2,950,1000,local_linear,0.756947,0.7762973502323541
T45_C2_D80_1,T45_C2_D80,2,950,1000,ridge,0.756947,0.7639963973504593
T45_C2_D80_1,T45_C2_D80,2,950,1000,random_forest,0.756947,0.7651528986819078
baseline_2,baseline,2,100,150,persistence,0.947065,0.9722704475666593
baseline_2,baseline,2,100,150,local_linear,0.947065,0.9553889509460455
baseline_2,baseline,2,100,150,ridge,0.947065,0.9520237297202594
baseline_2,baseline,2,100,150,random_forest,0.947065,0.9514293294115259
baseline_2,baseline,2,150,200,persistence,0.938876,0.9586833949026038
baseline_2,baseline,2,150,200,local_linear,0.938876,0.9475901582066245
baseline_2,baseline,2,150,200,ridge,0.938876,0.9420315586853726
baseline_2,baseline,2,150,200,random_forest,0.938876,0.9403736972262798
baseline_2,baseline,2,200,250,persistence,0.931661,0.9529295072058438
baseline_2,baseline,2,200,250,local_linear,0.931661,0.9434754173105885
baseline_2,baseline,2,200,250,ridge,0.931661,0.9364125080151017
baseline_2,baseline,2,200,250,random_forest,0.931661,0.933697967750722
baseline_2,baseline,2,250,300,persistence,0.925138,0.9458346291703996
baseline_2,baseline,2,250,300,local_linear,0.925138,0.937962250120057
baseline_2,baseline,2,250,300,ridge,0.925138,0.9295844157465114
baseline_2,baseline,2,250,300,random_forest,0.925138,0.9264838261828106
baseline_2,baseline,2,300,350,persistence,0.91914,0.9402618493939194
baseline_2,baseline,2,300,350,local_linear,0.91914,0.9354507451163743
baseline_2,baseline,2,300,350,ridge,0.91914,0.9266793054156638
baseline_2,baseline,2,300,350,random_forest,0.91914,0.9285496114337566
baseline_2,baseline,2,350,400,persistence,0.913557,0.930095559169467
baseline_2,baseline,2,350,400,local_linear,0.913557,0.9228049040835749
baseline_2,baseline,2,350,400,ridge,0.913557,0.9148666483580918
baseline_2,baseline,2,350,400,random_forest,0.913557,0.914163695340233
baseline_2,baseline,2,400,450,persistence,0.908314,0.9303315932622905
baseline_2,baseline,2,400,450,local_linear,0.908314,0.924448654454813
baseline_2,baseline,2,400,450,ridge,0.908314,0.9153511075441063
baseline_2,baseline,2,400,450,random_forest,0.908314,0.9172090298224866
baseline_2,baseline,2,450,500,persistence,0.903354,0.9142654403780109
baseline_2,baseline,2,450,500,local_linear,0.903354,0.9098125616751356
baseline_2,baseline,2,450,500,ridge,0.903354,0.9019484674220943
baseline_2,baseline,2,450,500,random_forest,0.903354,0.9024234107375092
baseline_2,baseline,2,500,550,persistence,0.898637,0.9098005858296908
baseline_2,baseline,2,500,550,local_linear,0.898637,0.9038728088273812
baseline_2,baseline,2,500,550,ridge,0.898637,0.8960635653143545
baseline_2,baseline,2,500,550,random_forest,0.898637,0.8965894852712392
baseline_2,baseline,2,550,600,persistence,0.89413,0.9087738127843884
baseline_2,baseline,2,550,600,local_linear,0.89413,0.9049871579426862
baseline_2,baseline,2,550,600,ridge,0.89413,0.8958625696120575
baseline_2,baseline,2,550,600,random_forest,0.89413,0.8977645240320621
baseline_2,baseline,2,600,650,persistence,0.889807,0.905690029835798
baseline_2,baseline,2,600,650,local_linear,0.889807,0.8993526876786537
baseline_2,baseline,2,600,650,ridge,0.889807,0.8917462561512772
baseline_2,baseline,2,600,650,random_forest,0.889807,0.8939533519196432
baseline_2,baseline,2,650,700,persistence,0.885647,0.8978311336885721
baseline_2,baseline,2,650,700,local_linear,0.885647,0.8933418161394797
baseline_2,baseline,2,650,700,ridge,0.885647,0.8843554235295885
baseline_2,baseline,2,650,700,random_forest,0.885647,0.885383494009931
baseline_2,baseline,2,700,750,persistence,0.881633,0.8949249948475787
baseline_2,baseline,2,700,750,local_linear,0.881633,0.8900204454227097
baseline_2,baseline,2,700,750,ridge,0.881633,0.8810916044173752
baseline_2,baseline,2,700,750,random_forest,0.881633,0.8814879219050743
baseline_2,baseline,2,750,800,persistence,0.877751,0.8937581848038085
baseline_2,baseline,2,750,800,local_linear,0.877751,0.8893186683028492
baseline_2,baseline,2,750,800,ridge,0.877751,0.880476719271768
baseline_2,baseline,2,750,800,random_forest,0.877751,0.8826502772346407
baseline_2,baseline,2,800,850,persistence,0.873989,0.8986352330613994
baseline_2,baseline,2,800,850,local_linear,0.873989,0.8943360013452593
baseline_2,baseline,2,800,850,ridge,0.873989,0.8835608808621369
baseline_2,baseline,2,800,850,random_forest,0.873989,0.8858199742083087
baseline_2,baseline,2,850,900,persistence,0.868522,0.8850031508324656
baseline_2,baseline,2,850,900,local_linear,0.868522,0.8813929627791466
baseline_2,baseline,2,850,900,ridge,0.868522,0.8710409570129559
baseline_2,baseline,2,850,900,random_forest,0.868522,0.8696521747154575
baseline_2,baseline,2,900,950,persistence,0.861416,0.8780250527674751
baseline_2,baseline,2,900,950,local_linear,0.861416,0.8738632795277216
baseline_2,baseline,2,900,950,ridge,0.861416,0.8651582651720323
baseline_2,baseline,2,900,950,random_forest,0.861416,0.8654705971376717
baseline_2,baseline,2,950,1000,persistence,0.854494,0.8756216615958924
baseline_2,baseline,2,950,1000,local_linear,0.854494,0.8677056800162682
baseline_2,baseline,2,950,1000,ridge,0.854494,0.8591226303930506
baseline_2,baseline,2,950,1000,random_forest,0.854494,0.8599755886311776
T25_C0p5_D100_0,T25_C0p5_D100,3,100,150,persistence,0.935366,0.9561926134553914
T25_C0p5_D100_0,T25_C0p5_D100,3,100,150,local_linear,0.935366,0.9370718484388071
T25_C0p5_D100_0,T25_C0p5_D100,3,100,150,ridge,0.935366,0.9343912707379052
T25_C0p5_D100_0,T25_C0p5_D100,3,100,150,random_forest,0.935366,0.9380568410392213
T25_C0p5_D100_0,T25_C0p5_D100,3,150,200,persistence,0.925367,0.9451805407572801
T25_C0p5_D100_0,T25_C0p5_D100,3,150,200,local_linear,0.925367,0.9331094990686387
T25_C0p5_D100_0,T25_C0p5_D100,3,150,200,ridge,0.925367,0.925332130849763
T25_C0p5_D100_0,T25_C0p5_D100,3,150,200,random_forest,0.925367,0.9260185422517584
T25_C0p5_D100_0,T25_C0p5_D100,3,200,250,persistence,0.916558,0.9360660605796037
T25_C0p5_D100_0,T25_C0p5_D100,3,200,250,local_linear,0.916558,0.9239148689849866
T25_C0p5_D100_0,T25_C0p5_D100,3,200,250,ridge,0.916558,0.9169567156704344
T25_C0p5_D100_0,T25_C0p5_D100,3,200,250,random_forest,0.916558,0.9183017064308607
T25_C0p5_D100_0,T25_C0p5_D100,3,250,300,persistence,0.908593,0.9301690263965305
T25_C0p5_D100_0,T25_C0p5_D100,3,250,300,local_linear,0.908593,0.9218617936024446
T25_C0p5_D100_0,T25_C0p5_D100,3,250,300,ridge,0.908593,0.9107482318798499
T25_C0p5_D100_0,T25_C0p5_D100,3,250,300,random_forest,0.908593,0.9101139573214281
T25_C0p5_D100_0,T25_C0p5_D100,3,300,350,persistence,0.90127,0.9169095919232942
T25_C0p5_D100_0,T25_C0p5_D100,3,300,350,local_linear,0.90127,0.9073156619222291
T25_C0p5_D100_0,T25_C0p5_D100,3,300,350,ridge,0.90127,0.8993059654789257
T25_C0p5_D100_0,T25_C0p5_D100,3,300,350,random_forest,0.90127,0.8994804536864178
T25_C0p5_D100_0,T25_C0p5_D100,3,350,400,persistence,0.894453,0.913881851287167
T25_C0p5_D100_0,T25_C0p5_D100,3,350,400,local_linear,0.894453,0.9068757274189512
T25_C0p5_D100_0,T25_C0p5_D100,3,350,400,ridge,0.894453,0.8953738967740522
T25_C0p5_D100_0,T25_C0p5_D100,3,350,400,random_forest,0.894453,0.8983706052297531
T25_C0p5_D100_0,T25_C0p5_D100,3,400,450,persistence,0.88805,0.9064159753469264
T25_C0p5_D100_0,T25_C0p5_D100,3,400,450,local_linear,0.88805,0.9001589065831853
T25_C0p5_D100_0,T25_C0p5_D100,3,400,450,ridge,0.88805,0.8890754073887573
T25_C0p5_D100_0,T25_C0p5_D100,3,400,450,random_forest,0.88805,0.8901424449042276
T25_C0p5_D100_0,T25_C0p5_D100,3,450,500,persistence,0.881995,0.8999638374160406
T25_C0p5_D100_0,T25_C0p5_D100,3,450,500,local_linear,0.881995,0.8930976109334401
T25_C0p5_D100_0,T25_C0p5_D100,3,450,500,ridge,0.881995,0.8819853471630792
T25_C0p5_D100_0,T25_C0p5_D100,3,450,500,random_forest,0.881995,0.884721625554931
T25_C0p5_D100_0,T25_C0p5_D100,3,500,550,persistence,0.876235,0.8953041995484797
T25_C0p5_D100_0,T25_C0p5_D100,3,500,550,local_linear,0.876235,0.8891688298340927
T25_C0p5_D100_0,T25_C0p5_D100,3,500,550,ridge,0.876235,0.8772931430564415
T25_C0p5_D100_0,T25_C0p5_D100,3,500,550,random_forest,0.876235,0.8791318345940345
T25_C0p5_D100_0,T25_C0p5_D100,3,550,600,persistence,0.870731,0.8965200384368924
T25_C0p5_D100_0,T25_C0p5_D100,3,550,600,local_linear,0.870731,0.8895508579383264
T25_C0p5_D100_0,T25_C0p5_D100,3,550,600,ridge,0.870731,0.8767773432169652
T25_C0p5_D100_0,T25_C0p5_D100,3,550,600,random_forest,0.870731,0.8793301872056585
T25_C0p5_D100_0,T25_C0p5_D100,3,600,650,persistence,0.865453,0.8801590291397131
T25_C0p5_D100_0,T25_C0p5_D100,3,600,650,local_linear,0.865453,0.8736641618399733
T25_C0p5_D100_0,T25_C0p5_D100,3,600,650,ridge,0.865453,0.8614750298167353
T25_C0p5_D100_0,T25_C0p5_D100,3,600,650,random_forest,0.865453,0.862577547715097
T25_C0p5_D100_0,T25_C0p5_D100,3,650,700,persistence,0.860374,0.8756502932618488
T25_C0p5_D100_0,T25_C0p5_D100,3,650,700,local_linear,0.860374,0.8709309691977632
T25_C0p5_D100_0,T25_C0p5_D100,3,650,700,ridge,0.860374,0.8589370097590069
T25_C0p5_D100_0,T25_C0p5_D100,3,650,700,random_forest,0.860374,0.8627960952611451
T25_C0p5_D100_0,T25_C0p5_D100,3,700,750,persistence,0.850573,0.8745616431933232
T25_C0p5_D100_0,T25_C0p5_D100,3,700,750,local_linear,0.850573,0.8685433507465714
T25_C0p5_D100_0,T25_C0p5_D100,3,700,750,ridge,0.850573,0.8557420612373271
T25_C0p5_D100_0,T25_C0p5_D100,3,700,750,random_forest,0.850573,0.8602741825304907
T25_C0p5_D100_0,T25_C0p5_D100,3,750,800,persistence,0.841093,0.8633711827859633
T25_C0p5_D100_0,T25_C0p5_D100,3,750,800,local_linear,0.841093,0.8566648908420784
T25_C0p5_D100_0,T25_C0p5_D100,3,750,800,ridge,0.841093,0.8441760056683767
T25_C0p5_D100_0,T25_C0p5_D100,3,750,800,random_forest,0.841093,0.8432930897188399
T25_C0p5_D100_0,T25_C0p5_D100,3,800,850,persistence,0.831905,0.8472553892220409
T25_C0p5_D100_0,T25_C0p5_D100,3,800,850,local_linear,0.831905,0.8361215912796819
T25_C0p5_D100_0,T25_C0p5_D100,3,800,850,ridge,0.831905,0.8269373096131118
T25_C0p5_D100_0,T25_C0p5_D100,3,800,850,random_forest,0.831905,0.8246815698148898
T25_C0p5_D100_0,T25_C0p5_D100,3,850,900,persistence,0.822984,0.8425332348158915
T25_C0p5_D100_0,T25_C0p5_D100,3,850,900,local_linear,0.822984,0.8327991149195679
T25_C0p5_D100_0,T25_C0p5_D100,3,850,900,ridge,0.822984,0.8226352978028775
T25_C0p5_D100_0,T25_C0p5_D100,3,850,900,random_forest,0.822984,0.8193540205358707
T25_C0p5_D100_0,T25_C0p5_D100,3,900,950,persistence,0.814307,0.8326933472163163
T25_C0p5_D100_0,T25_C0p5_D100,3,900,950,local_linear,0.814307,0.8249586528119733
T25_C0p5_D100_0,T25_C0p5_D100,3,900,950,ridge,0.814307,0.8141980550715111
T25_C0p5_D100_0,T25_C0p5_D100,3,900,950,random_forest,0.814307,0.8135705510075167
T25_C0p5_D100_0,T25_C0p5_D100,3,950,1000,persistence,0.805856,0.8247257221603345
T25_C0p5_D100_0,T25_C0p5_D100,3,950,1000,local_linear,0.805856,0.8142504614129819
T25_C0p5_D100_0,T25_C0p5_D100,3,950,1000,ridge,0.805856,0.8050030463615576
T25_C0p5_D100_0,T25_C0p5_D100,3,950,1000,random_forest,0.805856,0.8026378556094429
T25_C0p5_D50_1,T25_C0p5_D50,3,100,150,persistence,0.968015,0.9820913961414401
T25_C0p5_D50_1,T25_C0p5_D50,3,100,150,local_linear,0.968015,0.9708098426813038
T25_C0p5_D50_1,T25_C0p5_D50,3,100,150,ridge,0.968015,0.9692843913074871
T25_C0p5_D50_1,T25_C0p5_D50,3,100,150,random_forest,0.968015,0.9632798325353852
T25_C0p5_D50_1,T25_C0p5_D50,3,150,200,persistence,0.963066,0.9786164238474331
T25_C0p5_D50_1,T25_C0p5_D50,3,150,200,local_linear,0.963066,0.9746100935672496
T25_C0p5_D50_1,T25_C0p5_D50,3,150,200,ridge,0.963066,0.9692693952007109
T25_C0p5_D50_1,T25_C0p5_D50,3,150,200,random_forest,0.963066,0.9613309088814483
T25_C0p5_D50_1,T25_C0p5_D50,3,200,250,persistence,0.958707,0.9708862431459276
T25_C0p5_D50_1,T25_C0p5_D50,3,200,250,local_linear,0.958707,0.9649007513722343
T25_C0p5_D50_1,T25_C0p5_D50,3,200,250,ridge,0.958707,0.9618320975865635
T25_C0p5_D50_1,T25_C0p5_D50,3,200,250,random_forest,0.958707,0.9573171155877972
T25_C0p5_D50_1,T25_C0p5_D50,3,250,300,persistence,0.954766,0.9636141872360442
T25_C0p5_D50_1,T25_C0p5_D50,3,250,300,local_linear,0.954766,0.9593283714113466
T25_C0p5_D50_1,T25_C0p5_D50,3,250,300,ridge,0.954766,0.9551395849860866
T25_C0p5_D50_1,T25_C0p5_D50,3,250,300,random_forest,0.954766,0.9515336079563493
T25_C0p5_D50_1,T25_C0p5_D50,3,300,350,persistence,0.951141,0.9595386933770278
T25_C0p5_D50_1,T25_C0p5_D50,3,300,350,local_linear,0.951141,0.9543787291337287
T25_C0p5_D50_1,T25_C0p5_D50,3,300,350,ridge,0.951141,0.9506190238812646
T25_C0p5_D50_1,T25_C0p5_D50,3,300,350,random_forest,0.951141,0.9457974423401421
T25_C0p5_D50_1,T25_C0p5_D50,3,350,400,persistence,0.947768,0.9563018674109272
T25_C0p5_D50_1,T25_C0p5_D50,3,350,400,local_linear,0.947768,0.9513026161581974
T25_C0p5_D50_1,T25_C0p5_D50,3,350,400,ridge,0.947768,0.9471110654144316
T25_C0p5_D50_1,T25_C0p5_D50,3,350,400,random_forest,0.947768,0.9421756606876805
T25_C0p5_D50_1,T25_C0p5_D50,3,400,450,persistence,0.9446,0.9510891634582381
T25_C0p5_D50_1,T25_C0p5_D50,3,400,450,local_linear,0.9446,0.949117315310502
T25_C0p5_D50_1,T25_C0p5_D50,3,400,450,ridge,0.9446,0.9440307111929435
T25_C0p5_D50_1,T25_C0p5_D50,3,400,450,random_forest,0.9446,0.939520083951795
T25_C0p5_D50_1,T25_C0p5_D50,3,450,500,persistence,0.941603,0.9522072236410069
T25_C0p5_D50_1,T25_C0p5_D50,3,450,500,local_linear,0.941603,0.9480286895692455
T25_C0p5_D50_1,T25_C0p5_D50,3,450,500,ridge,0.941603,0.9438899852226406
T25_C0p5_D50_1,T25_C0p5_D50,3,450,500,random_forest,0.941603,0.9386790160119048
T25_C0p5_D50_1,T25_C0p5_D50,3,500,550,persistence,0.938753,0.9466341085446411
T25_C0p5_D50_1,T25_C0p5_D50,3,500,550,local_linear,0.938753,0.943687573141367
T25_C0p5_D50_1,T25_C0p5_D50,3,500,550,ridge,0.938753,0.9390961264194821
T25_C0p5_D50_1,T25_C0p5_D50,3,500,550,random_forest,0.938753,0.9349082083428029
T25_C0p5_D50_1,T25_C0p5_D50,3,550,600,persistence,0.936029,0.9421044180808548
T25_C0p5_D50_1,T25_C0p5_D50,3,550,600,local_linear,0.936029,0.9378793397681208
T25_C0p5_D50_1,T25_C0p5_D50,3,550,600,ridge,0.936029,0.9345747735116585
T25_C0p5_D50_1,T25_C0p5_D50,3,550,600,random_forest,0.936029,0.9302451168287785
T25_C0p5_D50_1,T25_C0p5_D50,3,600,650,persistence,0.933417,0.9485780700130563
T25_C0p5_D50_1,T25_C0p5_D50,3,600,650,local_linear,0.933417,0.9474193980884278
T25_C0p5_D50_1,T25_C0p5_D50,3,600,650,ridge,0.933417,0.9396221355314958
T25_C0p5_D50_1,T25_C0p5_D50,3,600,650,random_forest,0.933417,0.9317703124609944
T25_C0p5_D50_1,T25_C0p5_D50,3,650,700,persistence,0.930904,0.9424849611821485
T25_C0p5_D50_1,T25_C0p5_D50,3,650,700,local_linear,0.930904,0.9397732019746766
T25_C0p5_D50_1,T25_C0p5_D50,3,650,700,ridge,0.930904,0.9348490951209689
T25_C0p5_D50_1,T25_C0p5_D50,3,650,700,random_forest,0.930904,0.9295744949857954
T25_C0p5_D50_1,T25_C0p5_D50,3,700,750,persistence,0.928478,0.9318248441123599
T25_C0p5_D50_1,T25_C0p5_D50,3,700,750,local_linear,0.928478,0.9302688578323338
T25_C0p5_D50_1,T25_C0p5_D50,3,700,750,ridge,0.928478,0.9251994388673035
T25_C0p5_D50_1,T25_C0p5_D50,3,700,750,random_forest,0.928478,0.9208653634124732
T25_C0p5_D50_1,T25_C0p5_D50,3,750,800,persistence,0.926133,0.9377696638896021
T25_C0p5_D50_1,T25_C0p5_D50,3,750,800,local_linear,0.926133,0.9354720604167794
T25_C0p5_D50_1,T25_C0p5_D50,3,750,800,ridge,0.926133,0.9284072879758535
T25_C0p5_D50_1,T25_C0p5_D50,3,750,800,random_forest,0.926133,0.9221979495364355
T25_C0p5_D50_1,T25_C0p5_D50,3,800,850,persistence,0.923859,0.9284299086254635
T25_C0p5_D50_1,T25_C0p5_D50,3,800,850,local_linear,0.923859,0.9240773952405243
T25_C0p5_D50_1,T25_C0p5_D50,3,800,850,ridge,0.923859,0.9204949795131141
T25_C0p5_D50_1,T25_C0p5_D50,3,800,850,random_forest,0.923859,0.9151607182853084
T25_C0p5_D50_1,T25_C0p5_D50,3,850,900,persistence,0.921652,0.9316107579289223
T25_C0p5_D50_1,T25_C0p5_D50,3,850,900,local_linear,0.921652,0.9298237938494941
T25_C0p5_D50_1,T25_C0p5_D50,3,850,900,ridge,0.921652,0.9242035627898034
T25_C0p5_D50_1,T25_C0p5_D50,3,850,900,random_forest,0.921652,0.9200815533058264
T25_C0p5_D50_1,T25_C0p5_D50,3,900,950,persistence,0.919505,0.9279698197404156
T25_C0p5_D50_1,T25_C0p5_D50,3,900,950,local_linear,0.919505,0.9267606636022233
T25_C0p5_D50_1,T25_C0p5_D50,3,900,950,ridge,0.919505,0.9202539546177412
T25_C0p5_D50_1,T25_C0p5_D50,3,900,950,random_forest,0.919505,0.9159452391808716
T25_C0p5_D50_1,T25_C0p5_D50,3,950,1000,persistence,0.917414,0.9266597694252522
T25_C0p5_D50_1,T25_C0p5_D50,3,950,1000,local_linear,0.917414,0.9245641453826673
T25_C0p5_D50_1,T25_C0p5_D50,3,950,1000,ridge,0.917414,0.9189124327719393
T25_C0p5_D50_1,T25_C0p5_D50,3,950,1000,random_forest,0.917414,0.9156310808554293
T25_C0p5_D80_2,T25_C0p5_D80,3,100,150,persistence,0.950812,0.9661835964540118
T25_C0p5_D80_2,T25_C0p5_D80,3,100,150,local_linear,0.950812,0.9487613774142679
T25_C0p5_D80_2,T25_C0p5_D80,3,100,150,ridge,0.950812,0.948084841154833
T25_C0p5_D80_2,T25_C0p5_D80,3,100,150,random_forest,0.950812,0.9472685480674015
T25_C0p5_D80_2,T25_C0p5_D80,3,150,200,persistence,0.943202,0.9600736390545025
T25_C0p5_D80_2,T25_C0p5_D80,3,150,200,local_linear,0.943202,0.9508425344019341
T25_C0p5_D80_2,T25_C0p5_D80,3,150,200,ridge,0.943202,0.945126759378861
T25_C0p5_D80_2,T25_C0p5_D80,3,150,200,random_forest,0.943202,0.942996178937365
T25_C0p5_D80_2,T25_C0p5_D80,3,200,250,persistence,0.936498,0.9543155016660589
T25_C0p5_D80_2,T25_C0p5_D80,3,200,250,local_linear,0.936498,0.9486761581352816
T25_C0p5_D80_2,T25_C0p5_D80,3,200,250,ridge,0.936498,0.939992091024452
T25_C0p5_D80_2,T25_C0p5_D80,3,200,250,random_forest,0.936498,0.9366833250396821
T25_C0p5_D80_2,T25_C0p5_D80,3,250,300,persistence,0.930437,0.9411904815071197
T25_C0p5_D80_2,T25_C0p5_D80,3,250,300,local_linear,0.930437,0.9327672314232147
T25_C0p5_D80_2,T25_C0p5_D80,3,250,300,ridge,0.930437,0.9270708227383201
T25_C0p5_D80_2,T25_C0p5_D80,3,250,300,random_forest,0.930437,0.9244153722267315
T25_C0p5_D80_2,T25_C0p5_D80,3,300,350,persistence,0.924864,0.9302790989636446
T25_C0p5_D80_2,T25_C0p5_D80,3,300,350,local_linear,0.924864,0.924513823778153
T25_C0p5_D80_2,T25_C0p5_D80,3,300,350,ridge,0.924864,0.9177879967604428
T25_C0p5_D80_2,T25_C0p5_D80,3,300,350,random_forest,0.924864,0.9153967513918202
T25_C0p5_D80_2,T25_C0p5_D80,3,350,400,persistence,0.919676,0.9289328539847711
T25_C0p5_D80_2,T25_C0p5_D80,3,350,400,local_linear,0.919676,0.9218981365642835
T25_C0p5_D80_2,T25_C0p5_D80,3,350,400,ridge,0.919676,0.9152247894973198
T25_C0p5_D80_2,T25_C0p5_D80,3,350,400,random_forest,0.919676,0.9137177156355965
T25_C0p5_D80_2,T25_C0p5_D80,3,400,450,persistence,0.914803,0.9319409398903852
T25_C0p5_D80_2,T25_C0p5_D80,3,400,450,local_linear,0.914803,0.928191442133592
T25_C0p5_D80_2,T25_C0p5_D80,3,400,450,ridge,0.914803,0.9173125865951968
T25_C0p5_D80_2,T25_C0p5_D80,3,400,450,random_forest,0.914803,0.9152398633101961
T25_C0p5_D80_2,T25_C0p5_D80,3,450,500,persistence,0.910195,0.9257456326433394
T25_C0p5_D80_2,T25_C0p5_D80,3,450,500,local_linear,0.910195,0.9217928850622745
T25_C0p5_D80_2,T25_C0p5_D80,3,450,500,ridge,0.910195,0.911927703464977
T25_C0p5_D80_2,T25_C0p5_D80,3,450,500,random_forest,0.910195,0.9116332092386955
T25_C0p5_D80_2,T25_C0p5_D80,3,500,550,persistence,0.905812,0.9203765317692479
T25_C0p5_D80_2,T25_C0p5_D80,3,500,550,local_linear,0.905812,0.9150546766114733
T25_C0p5_D80_2,T25_C0p5_D80,3,500,550,ridge,0.905812,0.9069974087105703
T25_C0p5_D80_2,T25_C0p5_D80,3,500,550,random_forest,0.905812,0.9076984836389481
T25_C0p5_D80_2,T25_C0p5_D80,3,550,600,persistence,0.901623,0.9092924646505248
T25_C0p5_D80_2,T25_C0p5_D80,3,550,600,local_linear,0.901623,0.9037824063167619
T25_C0p5_D80_2,T25_C0p5_D80,3,550,600,ridge,0.901623,0.8947952034994971
T25_C0p5_D80_2,T25_C0p5_D80,3,550,600,random_forest,0.901623,0.8952961402723666
T25_C0p5_D80_2,T25_C0p5_D80,3,600,650,persistence,0.897606,0.906135512731766
T25_C0p5_D80_2,T25_C0p5_D80,3,600,650,local_linear,0.897606,0.9030384533663603
T25_C0p5_D80_2,T25_C0p5_D80,3,600,650,ridge,0.897606,0.8928051153378391
T25_C0p5_D80_2,T25_C0p5_D80,3,600,650,random_forest,0.897606,0.8952136188741988
T25_C0p5_D80_2,T25_C0p5_D80,3,650,700,persistence,0.893741,0.9029348934491512
T25_C0p5_D80_2,T25_C0p5_D80,3,650,700,local_linear,0.893741,0.8979682014230795
T25_C0p5_D80_2,T25_C0p5_D80,3,650,700,ridge,0.893741,0.8887026823603225
T25_C0p5_D80_2,T25_C0p5_D80,3,650,700,random_forest,0.893741,0.8890109970776269
T25_C0p5_D80_2,T25_C0p5_D80,3,700,750,persistence,0.890012,0.8989487578371754
T25_C0p5_D80_2,T25_C0p5_D80,3,700,750,local_linear,0.890012,0.8940421294286126
T25_C0p5_D80_2,T25_C0p5_D80,3,700,750,ridge,0.890012,0.8857107160264629
T25_C0p5_D80_2,T25_C0p5_D80,3,700,750,random_forest,0.890012,0.8843645298317311
T25_C0p5_D80_2,T25_C0p5_D80,3,750,800,persistence,0.886405,0.894472853041953
T25_C0p5_D80_2,T25_C0p5_D80,3,750,800,local_linear,0.886405,0.889593200215004
T25_C0p5_D80_2,T25_C0p5_D80,3,750,800,ridge,0.886405,0.8803154328727263
T25_C0p5_D80_2,T25_C0p5_D80,3,750,800,random_forest,0.886405,0.8793003604251304
T25_C0p5_D80_2,T25_C0p5_D80,3,800,850,persistence,0.882908,0.8915535905241821
T25_C0p5_D80_2,T25_C0p5_D80,3,800,850,local_linear,0.882908,0.8895703864501033
T25_C0p5_D80_2,T25_C0p5_D80,3,800,850,ridge,0.882908,0.878265033721284
T25_C0p5_D80_2,T25_C0p5_D80,3,800,850,random_forest,0.882908,0.8780714934217173
T25_C0p5_D80_2,T25_C0p5_D80,3,850,900,persistence,0.877829,0.8954548725086654
T25_C0p5_D80_2,T25_C0p5_D80,3,850,900,local_linear,0.877829,0.8917118635770716
T25_C0p5_D80_2,T25_C0p5_D80,3,850,900,ridge,0.877829,0.8800143949267946
T25_C0p5_D80_2,T25_C0p5_D80,3,850,900,random_forest,0.877829,0.8828584405200702
T25_C0p5_D80_2,T25_C0p5_D80,3,900,950,persistence,0.871225,0.8843678280696793
T25_C0p5_D80_2,T25_C0p5_D80,3,900,950,local_linear,0.871225,0.881172741796878
T25_C0p5_D80_2,T25_C0p5_D80,3,900,950,ridge,0.871225,0.8703701677676301
T25_C0p5_D80_2,T25_C0p5_D80,3,900,950,random_forest,0.871225,0.8706993036979165
T25_C0p5_D80_2,T25_C0p5_D80,3,950,1000,persistence,0.864794,0.8778807434368698
T25_C0p5_D80_2,T25_C0p5_D80,3,950,1000,local_linear,0.864794,0.8735083728024606
T25_C0p5_D80_2,T25_C0p5_D80,3,950,1000,ridge,0.864794,0.863574002580232
T25_C0p5_D80_2,T25_C0p5_D80,3,950,1000,random_forest,0.864794,0.8650037123027147
T25_C1_D100_3,T25_C1_D100,3,100,150,persistence,0.934262,0.9522123162635393
T25_C1_D100_3,T25_C1_D100,3,100,150,local_linear,0.934262,0.929688419492635
T25_C1_D100_3,T25_C1_D100,3,100,150,ridge,0.934262,0.9315678176007828
T25_C1_D100_3,T25_C1_D100,3,100,150,random_forest,0.934262,0.934230343457567
T25_C1_D100_3,T25_C1_D100,3,150,200,persistence,0.924092,0.9432421094017654
T25_C1_D100_3,T25_C1_D100,3,150,200,local_linear,0.924092,0.9280409343031696
T25_C1_D100_3,T25_C1_D100,3,150,200,ridge,0.924092,0.9247471270831465
T25_C1_D100_3,T25_C1_D100,3,150,200,random_forest,0.924092,0.925902566082702
T25_C1_D100_3,T25_C1_D100,3,200,250,persistence,0.915132,0.9335900319638704
T25_C1_D100_3,T25_C1_D100,3,200,250,local_linear,0.915132,0.9244422462518608
T25_C1_D100_3,T25_C1_D100,3,200,250,ridge,0.915132,0.9182726898645442
T25_C1_D100_3,T25_C1_D100,3,200,250,random_forest,0.915132,0.9204226558730506
T25_C1_D100_3,T25_C1_D100,3,250,300,persistence,0.907032,0.9261037008335583
T25_C1_D100_3,T25_C1_D100,3,250,300,local_linear,0.907032,0.9171816145346949
T25_C1_D100_3,T25_C1_D100,3,250,300,ridge,0.907032,0.9088933634383582
T25_C1_D100_3,T25_C1_D100,3,250,300,random_forest,0.907032,0.9100489840685875
T25_C1_D100_3,T25_C1_D100,3,300,350,persistence,0.899583,0.9139644102496164
T25_C1_D100_3,T25_C1_D100,3,300,350,local_linear,0.899583,0.9056121313768364
T25_C1_D100_3,T25_C1_D100,3,300,350,ridge,0.899583,0.8982968965564843
T25_C1_D100_3,T25_C1_D100,3,300,350,random_forest,0.899583,0.8984452057557724
T25_C1_D100_3,T25_C1_D100,3,350,400,persistence,0.89265,0.912643879558674
T25_C1_D100_3,T25_C1_D100,3,350,400,local_linear,0.89265,0.9055521704383325
T25_C1_D100_3,T25_C1_D100,3,350,400,ridge,0.89265,0.8973317926831652
T25_C1_D100_3,T25_C1_D100,3,350,400,random_forest,0.89265,0.899826690178398
T25_C1_D100_3,T25_C1_D100,3,400,450,persistence,0.886138,0.9032078544272799
T25_C1_D100_3,T25_C1_D100,3,400,450,local_linear,0.886138,0.8955454137018576
T25_C1_D100_3,T25_C1_D100,3,400,450,ridge,0.886138,0.8875965154023386
T25_C1_D100_3,T25_C1_D100,3,400,450,random_forest,0.886138,0.8892474341946075
T25_C1_D100_3,T25_C1_D100,3,450,500,persistence,0.879979,0.8976047396652804
T25_C1_D100_3,T25_C1_D100,3,450,500,local_linear,0.879979,0.8903979126321351
T25_C1_D100_3,T25_C1_D100,3,450,500,ridge,0.879979,0.8809900774078331
T25_C1_D100_3,T25_C1_D100,3,450,500,random_forest,0.879979,0.8831520724876343
T25_C1_D100_3,T25_C1_D100,3,500,550,persistence,0.874121,0.8872470496395607
T25_C1_D100_3,T25_C1_D100,3,500,550,local_linear,0.874121,0.8819307781270406
T25_C1_D100_3,T25_C1_D100,3,500,550,ridge,0.874121,0.8730148648626164
T25_C1_D100_3,T25_C1_D100,3,500,550,random_forest,0.874121,0.8738159048115076
T25_C1_D100_3,T25_C1_D100,3,550,600,persistence,0.868524,0.8844578381046467
T25_C1_D100_3,T25_C1_D100,3,550,600,local_linear,0.868524,0.8803310693018644
T25_C1_D100_3,T25_C1_D100,3,550,600,ridge,0.868524,0.8691044726874809
T25_C1_D100_3,T25_C1_D100,3,550,600,random_forest,0.868524,0.8726159524607683
T25_C1_D100_3,T25_C1_D100,3,600,650,persistence,0.863155,0.8762516491794881
T25_C1_D100_3,T25_C1_D100,3,600,650,local_linear,0.863155,0.8703910242703176
T25_C1_D100_3,T25_C1_D100,3,600,650,ridge,0.863155,0.86086513693817
T25_C1_D100_3,T25_C1_D100,3,600,650,random_forest,0.863155,0.8621997313223752
T25_C1_D100_3,T25_C1_D100,3,650,700,persistence,0.857989,0.8729491353515468
T25_C1_D100_3,T25_C1_D100,3,650,700,local_linear,0.857989,0.8657372144352423
T25_C1_D100_3,T25_C1_D100,3,650,700,ridge,0.857989,0.8575996761384845
T25_C1_D100_3,T25_C1_D100,3,650,700,random_forest,0.857989,0.8586804633987883
T25_C1_D100_3,T25_C1_D100,3,700,750,persistence,0.848021,0.8676746100315224
T25_C1_D100_3,T25_C1_D100,3,700,750,local_linear,0.848021,0.8636718255327732
T25_C1_D100_3,T25_C1_D100,3,700,750,ridge,0.848021,0.8524761483219437
T25_C1_D100_3,T25_C1_D100,3,700,750,random_forest,0.848021,0.8520010501501624
T25_C1_D100_3,T25_C1_D100,3,750,800,persistence,0.838379,0.8590339422921915
T25_C1_D100_3,T25_C1_D100,3,750,800,local_linear,0.838379,0.8525445853184224
T25_C1_D100_3,T25_C1_D100,3,750,800,ridge,0.838379,0.8419713774552114
T25_C1_D100_3,T25_C1_D100,3,750,800,random_forest,0.838379,0.8435301041326211
T25_C1_D100_3,T25_C1_D100,3,800,850,persistence,0.829034,0.844044185783141
T25_C1_D100_3,T25_C1_D100,3,800,850,local_linear,0.829034,0.8331827959790825
T25_C1_D100_3,T25_C1_D100,3,800,850,ridge,0.829034,0.8268436159230228
T25_C1_D100_3,T25_C1_D100,3,800,850,random_forest,0.829034,0.8233523207492333
T25_C1_D100_3,T25_C1_D100,3,850,900,persistence,0.819961,0.8390597878461319
T25_C1_D100_3,T25_C1_D100,3,850,900,local_linear,0.819961,0.8299222154019109
T25_C1_D100_3,T25_C1_D100,3,850,900,ridge,0.819961,0.821159658194615
T25_C1_D100_3,T25_C1_D100,3,850,900,random_forest,0.819961,0.820476005002931
T25_C1_D100_3,T25_C1_D100,3,900,950,persistence,0.811136,0.8326674886151119
T25_C1_D100_3,T25_C1_D100,3,900,950,local_linear,0.811136,0.8236871217679518
T25_C1_D100_3,T25_C1_D100,3,900,950,ridge,0.811136,0.8146166071849766
T25_C1_D100_3,T25_C1_D100,3,900,950,random_forest,0.811136,0.8144599260946341
T25_C1_D100_3,T25_C1_D100,3,950,1000,persistence,0.80254,0.8201307567552553
T25_C1_D100_3,T25_C1_D100,3,950,1000,local_linear,0.80254,0.8120015670277644
T25_C1_D100_3,T25_C1_D100,3,950,1000,ridge,0.80254,0.803510839351901
T25_C1_D100_3,T25_C1_D100,3,950,1000,random_forest,0.80254,0.8006942446660812
T25_C2_D100_0,T25_C2_D100,3,100,150,persistence,0.922824,0.9469680852173297
T25_C2_D100_0,T25_C2_D100,3,100,150,local_linear,0.922824,0.9224965295523366
T25_C2_D100_0,T25_C2_D100,3,100,150,ridge,0.922824,0.9224509387027179
T25_C2_D100_0,T25_C2_D100,3,100,150,random_forest,0.922824,0.9265101903837483
T25_C2_D100_0,T25_C2_D100,3,150,200,persistence,0.910884,0.9348798476533738
T25_C2_D100_0,T25_C2_D100,3,150,200,local_linear,0.910884,0.917316376530683
T25_C2_D100_0,T25_C2_D100,3,150,200,ridge,0.910884,0.913503650982768
T25_C2_D100_0,T25_C2_D100,3,150,200,random_forest,0.910884,0.9135718955847798
T25_C2_D100_0,T25_C2_D100,3,200,250,persistence,0.900366,0.9246020820427463
T25_C2_D100_0,T25_C2_D100,3,200,250,local_linear,0.900366,0.9110634474226406
T25_C2_D100_0,T25_C2_D100,3,200,250,ridge,0.900366,0.9039547967033095
T25_C2_D100_0,T25_C2_D100,3,200,250,random_forest,0.900366,0.9052879164339827
T25_C2_D100_0,T25_C2_D100,3,250,300,persistence,0.890856,0.9164017704246474
T25_C2_D100_0,T25_C2_D100,3,250,300,local_linear,0.890856,0.9060851229700001
T25_C2_D100_0,T25_C2_D100,3,250,300,ridge,0.890856,0.8974057578590028
T25_C2_D100_0,T25_C2_D100,3,250,300,random_forest,0.890856,0.8973016367397184
T25_C2_D100_0,T25_C2_D100,3,300,350,persistence,0.882111,0.905257356085209
T25_C2_D100_0,T25_C2_D100,3,300,350,local_linear,0.882111,0.8947709467682287
T25_C2_D100_0,T25_C2_D100,3,300,350,ridge,0.882111,0.8860473208945238
T25_C2_D100_0,T25_C2_D100,3,300,350,random_forest,0.882111,0.8863790198333783
T25_C2_D100_0,T25_C2_D100,3,350,400,persistence,0.873971,0.9011634576677032
T25_C2_D100_0,T25_C2_D100,3,350,400,local_linear,0.873971,0.8935869381783338
T25_C2_D100_0,T25_C2_D100,3,350,400,ridge,0.873971,0.8835302300303096
T25_C2_D100_0,T25_C2_D100,3,350,400,random_forest,0.873971,0.8853026082841634
T25_C2_D100_0,T25_C2_D100,3,400,450,persistence,0.866327,0.8819073780903692
T25_C2_D100_0,T25_C2_D100,3,400,450,local_linear,0.866327,0.8722811354478334
T25_C2_D100_0,T25_C2_D100,3,400,450,ridge,0.866327,0.86614059853712
T25_C2_D100_0,T25_C2_D100,3,400,450,random_forest,0.866327,0.8659786974066563
T25_C2_D100_0,T25_C2_D100,3,450,500,persistence,0.859096,0.8796766180050185
T25_C2_D100_0,T25_C2_D100,3,450,500,local_linear,0.859096,0.8706400980625311
T25_C2_D100_0,T25_C2_D100,3,450,500,ridge,0.859096,0.8624765313178274
T25_C2_D100_0,T25_C2_D100,3,450,500,random_forest,0.859096,0.8633152117591087
T25_C2_D100_0,T25_C2_D100,3,500,550,persistence,0.852218,0.8765041204923316
T25_C2_D100_0,T25_C2_D100,3,500,550,local_linear,0.852218,0.8694120960800488
T25_C2_D100_0,T25_C2_D100,3,500,550,ridge,0.852218,0.8585903320698507
T25_C2_D100_0,T25_C2_D100,3,500,550,random_forest,0.852218,0.8575199198552491
T25_C2_D100_0,T25_C2_D100,3,550,600,persistence,0.845647,0.8608064109062162
T25_C2_D100_0,T25_C2_D100,3,550,600,local_linear,0.845647,0.8533305617951273
T25_C2_D100_0,T25_C2_D100,3,550,600,ridge,0.845647,0.8455003881430813
T25_C2_D100_0,T25_C2_D100,3,550,600,random_forest,0.845647,0.8448401697826476
T25_C2_D100_0,T25_C2_D100,3,600,650,persistence,0.839345,0.8622654260345033
T25_C2_D100_0,T25_C2_D100,3,600,650,local_linear,0.839345,0.8557812561452753
T25_C2_D100_0,T25_C2_D100,3,600,650,ridge,0.839345,0.844392595673788
T25_C2_D100_0,T25_C2_D100,3,600,650,random_forest,0.839345,0.8443312954712299
T25_C2_D100_0,T25_C2_D100,3,650,700,persistence,0.83328,0.8507132383461297
T25_C2_D100_0,T25_C2_D100,3,650,700,local_linear,0.83328,0.8451806060958511
T25_C2_D100_0,T25_C2_D100,3,650,700,ridge,0.83328,0.8347963202618586
T25_C2_D100_0,T25_C2_D100,3,650,700,random_forest,0.83328,0.834046427229749
T25_C2_D100_0,T25_C2_D100,3,700,750,persistence,0.821577,0.8452776508917826
T25_C2_D100_0,T25_C2_D100,3,700,750,local_linear,0.821577,0.8369132221429963
T25_C2_D100_0,T25_C2_D100,3,700,750,ridge,0.821577,0.8284152139311124
T25_C2_D100_0,T25_C2_D100,3,700,750,random_forest,0.821577,0.8257626399198191
T25_C2_D100_0,T25_C2_D100,3,750,800,persistence,0.810258,0.8334032075389053
T25_C2_D100_0,T25_C2_D100,3,750,800,local_linear,0.810258,0.8236205021031477
T25_C2_D100_0,T25_C2_D100,3,750,800,ridge,0.810258,0.8171869339012491
T25_C2_D100_0,T25_C2_D100,3,750,800,random_forest,0.810258,0.8158855490934064
T25_C2_D100_0,T25_C2_D100,3,800,850,persistence,0.799287,0.8195274417906152
T25_C2_D100_0,T25_C2_D100,3,800,850,local_linear,0.799287,0.8102261113409462
T25_C2_D100_0,T25_C2_D100,3,800,850,ridge,0.799287,0.8026732060756738
T25_C2_D100_0,T25_C2_D100,3,800,850,random_forest,0.799287,0.7992382189482572
T25_C2_D100_0,T25_C2_D100,3,850,900,persistence,0.788635,0.8086646100706459
T25_C2_D100_0,T25_C2_D100,3,850,900,local_linear,0.788635,0.7969969552348792
T25_C2_D100_0,T25_C2_D100,3,850,900,ridge,0.788635,0.7916409146690149
T25_C2_D100_0,T25_C2_D100,3,850,900,random_forest,0.788635,0.7867834986399714
T25_C2_D100_0,T25_C2_D100,3,900,950,persistence,0.778274,0.8019551219878481
T25_C2_D100_0,T25_C2_D100,3,900,950,local_linear,0.778274,0.7913535942514914
T25_C2_D100_0,T25_C2_D100,3,900,950,ridge,0.778274,0.7866831600620701
T25_C2_D100_0,T25_C2_D100,3,900,950,random_forest,0.778274,0.7800618405877978
T25_C2_D100_0,T25_C2_D100,3,950,1000,persistence,0.768183,0.788917846706422
T25_C2_D100_0,T25_C2_D100,3,950,1000,local_linear,0.768183,0.7768275555740743
T25_C2_D100_0,T25_C2_D100,3,950,1000,ridge,0.768183,0.7720969787274437
T25_C2_D100_0,T25_C2_D100,3,950,1000,random_forest,0.768183,0.7671778434457381
T25_C2_D50_1,T25_C2_D50,3,100,150,persistence,0.961512,0.9806868893041316
T25_C2_D50_1,T25_C2_D50,3,100,150,local_linear,0.961512,0.9678445422481646
T25_C2_D50_1,T25_C2_D50,3,100,150,ridge,0.961512,0.9627952520835258
T25_C2_D50_1,T25_C2_D50,3,100,150,random_forest,0.961512,0.9567308219884643
T25_C2_D50_1,T25_C2_D50,3,150,200,persistence,0.955558,0.9701373487615126
T25_C2_D50_1,T25_C2_D50,3,150,200,local_linear,0.955558,0.9614751001841416
T25_C2_D50_1,T25_C2_D50,3,150,200,ridge,0.955558,0.9547869534388864
T25_C2_D50_1,T25_C2_D50,3,150,200,random_forest,0.955558,0.94965720238045
T25_C2_D50_1,T25_C2_D50,3,200,250,persistence,0.950312,0.9585604985128172
T25_C2_D50_1,T25_C2_D50,3,200,250,local_linear,0.950312,0.951781168460031
T25_C2_D50_1,T25_C2_D50,3,200,250,ridge,0.950312,0.946174844833349
T25_C2_D50_1,T25_C2_D50,3,200,250,random_forest,0.950312,0.9461659428469966
T25_C2_D50_1,T25_C2_D50,3,250,300,persistence,0.94557,0.9655323823400421
T25_C2_D50_1,T25_C2_D50,3,250,300,local_linear,0.94557,0.9623070881824574
T25_C2_D50_1,T25_C2_D50,3,250,300,ridge,0.94557,0.9524247849578859
T25_C2_D50_1,T25_C2_D50,3,250,300,random_forest,0.94557,0.9479926506130502
T25_C2_D50_1,T25_C2_D50,3,300,350,persistence,0.941208,0.9522022984300921
T25_C2_D50_1,T25_C2_D50,3,300,350,local_linear,0.941208,0.947363733964389
T25_C2_D50_1,T25_C2_D50,3,300,350,ridge,0.941208,0.9399080932035437
T25_C2_D50_1,T25_C2_D50,3,300,350,random_forest,0.941208,0.9377927228091174
T25_C2_D50_1,T25_C2_D50,3,350,400,persistence,0.937149,0.9496036257745095
T25_C2_D50_1,T25_C2_D50,3,350,400,local_linear,0.937149,0.9444831730086923
T25_C2_D50_1,T25_C2_D50,3,350,400,ridge,0.937149,0.9370367816268833
T25_C2_D50_1,T25_C2_D50,3,350,400,random_forest,0.937149,0.9341882485315207
T25_C2_D50_1,T25_C2_D50,3,400,450,persistence,0.933337,0.9404123996333488
T25_C2_D50_1,T25_C2_D50,3,400,450,local_linear,0.933337,0.9350265522009591
T25_C2_D50_1,T25_C2_D50,3,400,450,ridge,0.933337,0.9283688029553412
T25_C2_D50_1,T25_C2_D50,3,400,450,random_forest,0.933337,0.9240173859190112
T25_C2_D50_1,T25_C2_D50,3,450,500,persistence,0.929731,0.9424223308134714
T25_C2_D50_1,T25_C2_D50,3,450,500,local_linear,0.929731,0.9382756475605575
T25_C2_D50_1,T25_C2_D50,3,450,500,ridge,0.929731,0.9305682082667841
T25_C2_D50_1,T25_C2_D50,3,450,500,random_forest,0.929731,0.926782749624594
T25_C2_D50_1,T25_C2_D50,3,500,550,persistence,0.926301,0.9326865317982753
T25_C2_D50_1,T25_C2_D50,3,500,550,local_linear,0.926301,0.9278081285184748
T25_C2_D50_1,T25_C2_D50,3,500,550,ridge,0.926301,0.9220436320072295
T25_C2_D50_1,T25_C2_D50,3,500,550,random_forest,0.926301,0.9213392947265058
T25_C2_D50_1,T25_C2_D50,3,550,600,persistence,0.923024,0.9358063939506684
T25_C2_D50_1,T25_C2_D50,3,550,600,local_linear,0.923024,0.9319543250366907
T25_C2_D50_1,T25_C2_D50,3,550,600,ridge,0.923024,0.9238993359188699
T25_C2_D50_1,T25_C2_D50,3,550,600,random_forest,0.923024,0.9238688238791928
T25_C2_D50_1,T25_C2_D50,3,600,650,persistence,0.919881,0.9326226172338609
T25_C2_D50_1,T25_C2_D50,3,600,650,local_linear,0.919881,0.9298110600420502
T25_C2_D50_1,T25_C2_D50,3,600,650,ridge,0.919881,0.9206481999721607
T25_C2_D50_1,T25_C2_D50,3,600,650,random_forest,0.919881,0.9184228039612641
T25_C2_D50_1,T25_C2_D50,3,650,700,persistence,0.916856,0.9276352026871139
T25_C2_D50_1,T25_C2_D50,3,650,700,local_linear,0.916856,0.9237644353343092
T25_C2_D50_1,T25_C2_D50,3,650,700,ridge,0.916856,0.9161192537330075
T25_C2_D50_1,T25_C2_D50,3,650,700,random_forest,0.916856,0.9114082266523926
T25_C2_D50_1,T25_C2_D50,3,700,750,persistence,0.913938,0.9267367613710766
T25_C2_D50_1,T25_C2_D50,3,700,750,local_linear,0.913938,0.9242436864474582
T25_C2_D50_1,T25_C2_D50,3,700,750,ridge,0.913938,0.9156511034994
T25_C2_D50_1,T25_C2_D50,3,700,750,random_forest,0.913938,0.9130906947913717
T25_C2_D50_1,T25_C2_D50,3,750,800,persistence,0.911115,0.9228488851845001
T25_C2_D50_1,T25_C2_D50,3,750,800,local_linear,0.911115,0.9191784196055869
T25_C2_D50_1,T25_C2_D50,3,750,800,ridge,0.911115,0.9115099775462939
T25_C2_D50_1,T25_C2_D50,3,750,800,random_forest,0.911115,0.9086323787875317
T25_C2_D50_1,T25_C2_D50,3,800,850,persistence,0.90838,0.9147291373508402
T25_C2_D50_1,T25_C2_D50,3,800,850,local_linear,0.90838,0.9115552208313362
T25_C2_D50_1,T25_C2_D50,3,800,850,ridge,0.90838,0.9042378644456247
T25_C2_D50_1,T25_C2_D50,3,800,850,random_forest,0.90838,0.9009882566172891
T25_C2_D50_1,T25_C2_D50,3,850,900,persistence,0.905724,0.9141216891736004
T25_C2_D50_1,T25_C2_D50,3,850,900,local_linear,0.905724,0.909899209074076
T25_C2_D50_1,T25_C2_D50,3,850,900,ridge,0.905724,0.9020406208275047
T25_C2_D50_1,T25_C2_D50,3,850,900,random_forest,0.905724,0.900092975888348
T25_C2_D50_1,T25_C2_D50,3,900,950,persistence,0.90314,0.9083501520439151
T25_C2_D50_1,T25_C2_D50,3,900,950,local_linear,0.90314,0.9068554317244072
T25_C2_D50_1,T25_C2_D50,3,900,950,ridge,0.90314,0.8992497813205369
T25_C2_D50_1,T25_C2_D50,3,900,950,random_forest,0.90314,0.8982499231988326
T25_C2_D50_1,T25_C2_D50,3,950,1000,persistence,0.900624,0.9050463406573536
T25_C2_D50_1,T25_C2_D50,3,950,1000,local_linear,0.900624,0.9005590534963421
T25_C2_D50_1,T25_C2_D50,3,950,1000,ridge,0.900624,0.89456090958631
T25_C2_D50_1,T25_C2_D50,3,950,1000,random_forest,0.900624,0.8914534003848749
T25_C2_D80_2,T25_C2_D80,3,100,150,persistence,0.944855,0.9659658592563368
T25_C2_D80_2,T25_C2_D80,3,100,150,local_linear,0.944855,0.9499354492710443
T25_C2_D80_2,T25_C2_D80,3,100,150,ridge,0.944855,0.9443586086490795
T25_C2_D80_2,T25_C2_D80,3,100,150,random_forest,0.944855,0.9459464418286577
T25_C2_D80_2,T25_C2_D80,3,150,200,persistence,0.936324,0.950308044267203
T25_C2_D80_2,T25_C2_D80,3,150,200,local_linear,0.936324,0.9384910370768262
T25_C2_D80_2,T25_C2_D80,3,150,200,ridge,0.936324,0.9311493156479447
T25_C2_D80_2,T25_C2_D80,3,150,200,random_forest,0.936324,0.9316008251393744
T25_C2_D80_2,T25_C2_D80,3,200,250,persistence,0.928808,0.9421969525742423
T25_C2_D80_2,T25_C2_D80,3,200,250,local_linear,0.928808,0.9324846677769559
T25_C2_D80_2,T25_C2_D80,3,200,250,ridge,0.928808,0.924946783512832
T25_C2_D80_2,T25_C2_D80,3,200,250,random_forest,0.928808,0.9246658807442729
T25_C2_D80_2,T25_C2_D80,3,250,300,persistence,0.922013,0.9411396479159129
T25_C2_D80_2,T25_C2_D80,3,250,300,local_linear,0.922013,0.9335651505004097
T25_C2_D80_2,T25_C2_D80,3,250,300,ridge,0.922013,0.9224546870354655
T25_C2_D80_2,T25_C2_D80,3,250,300,random_forest,0.922013,0.9232631051717037
T25_C2_D80_2,T25_C2_D80,3,300,350,persistence,0.915765,0.9312422075583378
T25_C2_D80_2,T25_C2_D80,3,300,350,local_linear,0.915765,0.9230340635868692
T25_C2_D80_2,T25_C2_D80,3,300,350,ridge,0.915765,0.9129553936875504
T25_C2_D80_2,T25_C2_D80,3,300,350,random_forest,0.915765,0.9151056676529539
T25_C2_D80_2,T25_C2_D80,3,350,400,persistence,0.909949,0.9239773958188208
T25_C2_D80_2,T25_C2_D80,3,350,400,local_linear,0.909949,0.9173597190801165
T25_C2_D80_2,T25_C2_D80,3,350,400,ridge,0.909949,0.9062350303674982
T25_C2_D80_2,T25_C2_D80,3,350,400,random_forest,0.909949,0.9084976111731151
T25_C2_D80_2,T25_C2_D80,3,400,450,persistence,0.904486,0.9191412766776531
T25_C2_D80_2,T25_C2_D80,3,400,450,local_linear,0.904486,0.9140305972452577
T25_C2_D80_2,T25_C2_D80,3,400,450,ridge,0.904486,0.9021264131510409
T25_C2_D80_2,T25_C2_D80,3,400,450,random_forest,0.904486,0.9056345904777171
T25_C2_D80_2,T25_C2_D80,3,450,500,persistence,0.89932,0.9190224048800689
T25_C2_D80_2,T25_C2_D80,3,450,500,local_linear,0.89932,0.9135673071938967
T25_C2_D80_2,T25_C2_D80,3,450,500,ridge,0.89932,0.8993942169166761
T25_C2_D80_2,T25_C2_D80,3,450,500,random_forest,0.89932,0.9038014432464763
T25_C2_D80_2,T25_C2_D80,3,500,550,persistence,0.894405,0.9175735866865767
T25_C2_D80_2,T25_C2_D80,3,500,550,local_linear,0.894405,0.9128684411023515
T25_C2_D80_2,T25_C2_D80,3,500,550,ridge,0.894405,0.8991904129433334
T25_C2_D80_2,T25_C2_D80,3,500,550,random_forest,0.894405,0.90235468817776
T25_C2_D80_2,T25_C2_D80,3,550,600,persistence,0.88971,0.9026617194914577
T25_C2_D80_2,T25_C2_D80,3,550,600,local_linear,0.88971,0.8957916596132682
T25_C2_D80_2,T25_C2_D80,3,550,600,ridge,0.88971,0.8840637519161854
T25_C2_D80_2,T25_C2_D80,3,550,600,random_forest,0.88971,0.8876299547688943
T25_C2_D80_2,T25_C2_D80,3,600,650,persistence,0.885207,0.8979488344156755
T25_C2_D80_2,T25_C2_D80,3,600,650,local_linear,0.885207,0.8940675776425167
T25_C2_D80_2,T25_C2_D80,3,600,650,ridge,0.885207,0.8811960511213625
T25_C2_D80_2,T25_C2_D80,3,600,650,random_forest,0.885207,0.8836333415595172
T25_C2_D80_2,T25_C2_D80,3,650,700,persistence,0.880873,0.8881413658315014
T25_C2_D80_2,T25_C2_D80,3,650,700,local_linear,0.880873,0.8838126567679714
T25_C2_D80_2,T25_C2_D80,3,650,700,ridge,0.880873,0.8720918401088947
T25_C2_D80_2,T25_C2_D80,3,650,700,random_forest,0.880873,0.8751430298394661
T25_C2_D80_2,T25_C2_D80,3,700,750,persistence,0.876692,0.8931966889296821
T25_C2_D80_2,T25_C2_D80,3,700,750,local_linear,0.876692,0.8883266817211646
T25_C2_D80_2,T25_C2_D80,3,700,750,ridge,0.876692,0.8746926378652966
T25_C2_D80_2,T25_C2_D80,3,700,750,random_forest,0.876692,0.8786633417888711
T25_C2_D80_2,T25_C2_D80,3,750,800,persistence,0.872648,0.8896278085847794
T25_C2_D80_2,T25_C2_D80,3,750,800,local_linear,0.872648,0.8850299581992829
T25_C2_D80_2,T25_C2_D80,3,750,800,ridge,0.872648,0.8719158388611823
T25_C2_D80_2,T25_C2_D80,3,750,800,random_forest,0.872648,0.8756632765298065
T25_C2_D80_2,T25_C2_D80,3,800,850,persistence,0.868729,0.8816415868076296
T25_C2_D80_2,T25_C2_D80,3,800,850,local_linear,0.868729,0.8771153244695153
T25_C2_D80_2,T25_C2_D80,3,800,850,ridge,0.868729,0.8631925811775178
T25_C2_D80_2,T25_C2_D80,3,800,850,random_forest,0.868729,0.8649767614134651
T25_C2_D80_2,T25_C2_D80,3,850,900,persistence,0.863034,0.8800837119191061
T25_C2_D80_2,T25_C2_D80,3,850,900,local_linear,0.863034,0.8770294181909714
T25_C2_D80_2,T25_C2_D80,3,850,900,ridge,0.863034,0.8635337002088943
T25_C2_D80_2,T25_C2_D80,3,850,900,random_forest,0.863034,0.8661444586783006
T25_C2_D80_2,T25_C2_D80,3,900,950,persistence,0.855631,0.8709294929381699
T25_C2_D80_2,T25_C2_D80,3,900,950,local_linear,0.855631,0.8665232970150823
T25_C2_D80_2,T25_C2_D80,3,900,950,ridge,0.855631,0.8533122812451126
T25_C2_D80_2,T25_C2_D80,3,900,950,random_forest,0.855631,0.8557213312326393
T25_C2_D80_2,T25_C2_D80,3,950,1000,persistence,0.84842,0.8623320083853692
T25_C2_D80_2,T25_C2_D80,3,950,1000,local_linear,0.84842,0.8540001467427688
T25_C2_D80_2,T25_C2_D80,3,950,1000,ridge,0.84842,0.8430086853200442
T25_C2_D80_2,T25_C2_D80,3,950,1000,random_forest,0.84842,0.8434252871739721
T35_C0p5_D100_3,T35_C0p5_D100,3,100,150,persistence,0.930195,0.9615402799357976
T35_C0p5_D100_3,T35_C0p5_D100,3,100,150,local_linear,0.930195,0.9369310514805047
T35_C0p5_D100_3,T35_C0p5_D100,3,100,150,ridge,0.930195,0.9308694924671872
T35_C0p5_D100_3,T35_C0p5_D100,3,100,150,random_forest,0.930195,0.9313024835316069
T35_C0p5_D100_3,T35_C0p5_D100,3,150,200,persistence,0.919396,0.9476778459885671
T35_C0p5_D100_3,T35_C0p5_D100,3,150,200,local_linear,0.919396,0.9350081544535929
T35_C0p5_D100_3,T35_C0p5_D100,3,150,200,ridge,0.919396,0.9223120676290315
T35_C0p5_D100_3,T35_C0p5_D100,3,150,200,random_forest,0.919396,0.9217201983802301
T35_C0p5_D100_3,T35_C0p5_D100,3,200,250,persistence,0.909882,0.9358812346963115
T35_C0p5_D100_3,T35_C0p5_D100,3,200,250,local_linear,0.909882,0.92612007238359
T35_C0p5_D100_3,T35_C0p5_D100,3,200,250,ridge,0.909882,0.9118104733772819
T35_C0p5_D100_3,T35_C0p5_D100,3,200,250,random_forest,0.909882,0.9163785458729293
T35_C0p5_D100_3,T35_C0p5_D100,3,250,300,persistence,0.901281,0.922180668932287
T35_C0p5_D100_3,T35_C0p5_D100,3,250,300,local_linear,0.901281,0.9120050882380135
T35_C0p5_D100_3,T35_C0p5_D100,3,250,300,ridge,0.901281,0.8979590006625318
T35_C0p5_D100_3,T35_C0p5_D100,3,250,300,random_forest,0.901281,0.898191737302732
T35_C0p5_D100_3,T35_C0p5_D100,3,300,350,persistence,0.893371,0.9135525071271415
T35_C0p5_D100_3,T35_C0p5_D100,3,300,350,local_linear,0.893371,0.9070121494704166
T35_C0p5_D100_3,T35_C0p5_D100,3,300,350,ridge,0.893371,0.8916781793740757
T35_C0p5_D100_3,T35_C0p5_D100,3,300,350,random_forest,0.893371,0.8979452799866972
T35_C0p5_D100_3,T35_C0p5_D100,3,350,400,persistence,0.886009,0.9032933764661291
T35_C0p5_D100_3,T35_C0p5_D100,3,350,400,local_linear,0.886009,0.8948812544839512
T35_C0p5_D100_3,T35_C0p5_D100,3,350,400,ridge,0.886009,0.8808111693786438
T35_C0p5_D100_3,T35_C0p5_D100,3,350,400,random_forest,0.886009,0.8837234675991198
T35_C0p5_D100_3,T35_C0p5_D100,3,400,450,persistence,0.879094,0.896997612310743
T35_C0p5_D100_3,T35_C0p5_D100,3,400,450,local_linear,0.879094,0.8902959628432879
T35_C0p5_D100_3,T35_C0p5_D100,3,400,450,ridge,0.879094,0.8742781523860389
T35_C0p5_D100_3,T35_C0p5_D100,3,400,450,random_forest,0.879094,0.8755285601871392
T35_C0p5_D100_3,T35_C0p5_D100,3,450,500,persistence,0.872554,0.8987973941893596
T35_C0p5_D100_3,T35_C0p5_D100,3,450,500,local_linear,0.872554,0.8908489853415881
T35_C0p5_D100_3,T35_C0p5_D100,3,450,500,ridge,0.872554,0.8732318676802413
T35_C0p5_D100_3,T35_C0p5_D100,3,450,500,random_forest,0.872554,0.8749224490938398
T35_C0p5_D100_3,T35_C0p5_D100,3,500,550,persistence,0.866333,0.8770440198654464
T35_C0p5_D100_3,T35_C0p5_D100,3,500,550,local_linear,0.866333,0.8686554579897602
T35_C0p5_D100_3,T35_C0p5_D100,3,500,550,ridge,0.866333,0.8532728298278097
T35_C0p5_D100_3,T35_C0p5_D100,3,500,550,random_forest,0.866333,0.8548628813442457
T35_C0p5_D100_3,T35_C0p5_D100,3,550,600,persistence,0.86039,0.878739094932484
T35_C0p5_D100_3,T35_C0p5_D100,3,550,600,local_linear,0.86039,0.8728167710951773
T35_C0p5_D100_3,T35_C0p5_D100,3,550,600,ridge,0.86039,0.8555768350949402
T35_C0p5_D100_3,T35_C0p5_D100,3,550,600,random_forest,0.86039,0.8603639547858046
T35_C0p5_D100_3,T35_C0p5_D100,3,600,650,persistence,0.854689,0.8753265076244988
T35_C0p5_D100_3,T35_C0p5_D100,3,600,650,local_linear,0.854689,0.8693796514127812
T35_C0p5_D100_3,T35_C0p5_D100,3,600,650,ridge,0.854689,0.8524894038059201
T35_C0p5_D100_3,T35_C0p5_D100,3,600,650,random_forest,0.854689,0.856841577575306
T35_C0p5_D100_3,T35_C0p5_D100,3,650,700,persistence,0.849204,0.872835447102092
T35_C0p5_D100_3,T35_C0p5_D100,3,650,700,local_linear,0.849204,0.8693050756103673
T35_C0p5_D100_3,T35_C0p5_D100,3,650,700,ridge,0.849204,0.8493245432826575
T35_C0p5_D100_3,T35_C0p5_D100,3,650,700,random_forest,0.849204,0.8522206115597942
T35_C0p5_D100_3,T35_C0p5_D100,3,700,750,persistence,0.838618,0.862384532025994
T35_C0p5_D100_3,T35_C0p5_D100,3,700,750,local_linear,0.838618,0.8553759765569233
T35_C0p5_D100_3,T35_C0p5_D100,3,700,750,ridge,0.838618,0.8376841856888951
T35_C0p5_D100_3,T35_C0p5_D100,3,700,750,random_forest,0.838618,0.8426717030296267
T35_C0p5_D100_3,T35_C0p5_D100,3,750,800,persistence,0.82838,0.8516558233681563
T35_C0p5_D100_3,T35_C0p5_D100,3,750,800,local_linear,0.82838,0.842940374150947
T35_C0p5_D100_3,T35_C0p5_D100,3,750,800,ridge,0.82838,0.8267046220441817
T35_C0p5_D100_3,T35_C0p5_D100,3,750,800,random_forest,0.82838,0.8286764199833154
T35_C0p5_D100_3,T35_C0p5_D100,3,800,850,persistence,0.818457,0.842347067287749
T35_C0p5_D100_3,T35_C0p5_D100,3,800,850,local_linear,0.818457,0.8325349674965044
T35_C0p5_D100_3,T35_C0p5_D100,3,800,850,ridge,0.818457,0.8158820980597621
T35_C0p5_D100_3,T35_C0p5_D100,3,800,850,random_forest,0.818457,0.8182479709347072
T35_C0p5_D100_3,T35_C0p5_D100,3,850,900,persistence,0.808822,0.8289291030713017
T35_C0p5_D100_3,T35_C0p5_D100,3,850,900,local_linear,0.808822,0.8190657372243443
T35_C0p5_D100_3,T35_C0p5_D100,3,850,900,ridge,0.808822,0.8022707696731085
T35_C0p5_D100_3,T35_C0p5_D100,3,850,900,random_forest,0.808822,0.8024978071329365
T35_C0p5_D100_3,T35_C0p5_D100,3,900,950,persistence,0.799451,0.8220323431861908
T35_C0p5_D100_3,T35_C0p5_D100,3,900,950,local_linear,0.799451,0.8112913467031375
T35_C0p5_D100_3,T35_C0p5_D100,3,900,950,ridge,0.799451,0.7956452101422674
T35_C0p5_D100_3,T35_C0p5_D100,3,900,950,random_forest,0.799451,0.7999261129365077
T35_C0p5_D100_3,T35_C0p5_D100,3,950,1000,persistence,0.790324,0.8093809824116596
T35_C0p5_D100_3,T35_C0p5_D100,3,950,1000,local_linear,0.790324,0.7978515792263351
T35_C0p5_D100_3,T35_C0p5_D100,3,950,1000,ridge,0.790324,0.7826221611530546
T35_C0p5_D100_3,T35_C0p5_D100,3,950,1000,random_forest,0.790324,0.782979749433171
T35_C0p5_D80_0,T35_C0p5_D80,3,100,150,persistence,0.941918,0.9655869874156235
T35_C0p5_D80_0,T35_C0p5_D80,3,100,150,local_linear,0.941918,0.946907405335652
T35_C0p5_D80_0,T35_C0p5_D80,3,100,150,ridge,0.941918,0.9412594000759694
T35_C0p5_D80_0,T35_C0p5_D80,3,100,150,random_forest,0.941918,0.9430163364503377
T35_C0p5_D80_0,T35_C0p5_D80,3,150,200,persistence,0.932933,0.9535682631419197
T35_C0p5_D80_0,T35_C0p5_D80,3,150,200,local_linear,0.932933,0.9423837521332192
T35_C0p5_D80_0,T35_C0p5_D80,3,150,200,ridge,0.932933,0.9313603961996729
T35_C0p5_D80_0,T35_C0p5_D80,3,150,200,random_forest,0.932933,0.9286900459843981
T35_C0p5_D80_0,T35_C0p5_D80,3,200,250,persistence,0.925016,0.9426375952214127
T35_C0p5_D80_0,T35_C0p5_D80,3,200,250,local_linear,0.925016,0.9342747050954984
T35_C0p5_D80_0,T35_C0p5_D80,3,200,250,ridge,0.925016,0.9235148565360036
T35_C0p5_D80_0,T35_C0p5_D80,3,200,250,random_forest,0.925016,0.9237646559001069
T35_C0p5_D80_0,T35_C0p5_D80,3,250,300,persistence,0.91786,0.938439374876552
T35_C0p5_D80_0,T35_C0p5_D80,3,250,300,local_linear,0.91786,0.9302099992939171
T35_C0p5_D80_0,T35_C0p5_D80,3,250,300,ridge,0.91786,0.9198458331799984
T35_C0p5_D80_0,T35_C0p5_D80,3,250,300,random_forest,0.91786,0.9211607172867069
T35_C0p5_D80_0,T35_C0p5_D80,3,300,350,persistence,0.911278,0.9251179365008625
T35_C0p5_D80_0,T35_C0p5_D80,3,300,350,local_linear,0.911278,0.916102973919971
T35_C0p5_D80_0,T35_C0p5_D80,3,300,350,ridge,0.911278,0.9063027578355266
T35_C0p5_D80_0,T35_C0p5_D80,3,300,350,random_forest,0.911278,0.9080576168382487
T35_C0p5_D80_0,T35_C0p5_D80,3,350,400,persistence,0.905152,0.9253093880065388
T35_C0p5_D80_0,T35_C0p5_D80,3,350,400,local_linear,0.905152,0.9181799079930486
T35_C0p5_D80_0,T35_C0p5_D80,3,350,400,ridge,0.905152,0.9068407674136277
T35_C0p5_D80_0,T35_C0p5_D80,3,350,400,random_forest,0.905152,0.9089620795324814
T35_C0p5_D80_0,T35_C0p5_D80,3,400,450,persistence,0.899399,0.909127780167259
T35_C0p5_D80_0,T35_C0p5_D80,3,400,450,local_linear,0.899399,0.9010974839013294
T35_C0p5_D80_0,T35_C0p5_D80,3,400,450,ridge,0.899399,0.8914513510373697
T35_C0p5_D80_0,T35_C0p5_D80,3,400,450,random_forest,0.899399,0.8949492454583788
T35_C0p5_D80_0,T35_C0p5_D80,3,450,500,persistence,0.893957,0.9037972006414418
T35_C0p5_D80_0,T35_C0p5_D80,3,450,500,local_linear,0.893957,0.8983378357392274
T35_C0p5_D80_0,T35_C0p5_D80,3,450,500,ridge,0.893957,0.8868894371434844
T35_C0p5_D80_0,T35_C0p5_D80,3,450,500,random_forest,0.893957,0.890099032645358
T35_C0p5_D80_0,T35_C0p5_D80,3,500,550,persistence,0.888781,0.8984834983833424
T35_C0p5_D80_0,T35_C0p5_D80,3,500,550,local_linear,0.888781,0.8924132079111848
T35_C0p5_D80_0,T35_C0p5_D80,3,500,550,ridge,0.888781,0.8810079299028014
T35_C0p5_D80_0,T35_C0p5_D80,3,500,550,random_forest,0.888781,0.8836425448948099
T35_C0p5_D80_0,T35_C0p5_D80,3,550,600,persistence,0.883836,0.8944345363748631
T35_C0p5_D80_0,T35_C0p5_D80,3,550,600,local_linear,0.883836,0.8889612544045181
T35_C0p5_D80_0,T35_C0p5_D80,3,550,600,ridge,0.883836,0.8768851071918186
T35_C0p5_D80_0,T35_C0p5_D80,3,550,600,random_forest,0.883836,0.8789933842382093
T35_C0p5_D80_0,T35_C0p5_D80,3,600,650,persistence,0.879093,0.893628646841327
T35_C0p5_D80_0,T35_C0p5_D80,3,600,650,local_linear,0.879093,0.8885506742311914
T35_C0p5_D80_0,T35_C0p5_D80,3,600,650,ridge,0.879093,0.8755126099250922
T35_C0p5_D80_0,T35_C0p5_D80,3,600,650,random_forest,0.879093,0.8799437295268617
T35_C0p5_D80_0,T35_C0p5_D80,3,650,700,persistence,0.874528,0.8819638177750856
T35_C0p5_D80_0,T35_C0p5_D80,3,650,700,local_linear,0.874528,0.875305519978917
T35_C0p5_D80_0,T35_C0p5_D80,3,650,700,ridge,0.874528,0.863033833792696
T35_C0p5_D80_0,T35_C0p5_D80,3,650,700,random_forest,0.874528,0.8624827570790492
T35_C0p5_D80_0,T35_C0p5_D80,3,700,750,persistence,0.870125,0.8775641250468411
T35_C0p5_D80_0,T35_C0p5_D80,3,700,750,local_linear,0.870125,0.8726700066717135
T35_C0p5_D80_0,T35_C0p5_D80,3,700,750,ridge,0.870125,0.8608008394783445
T35_C0p5_D80_0,T35_C0p5_D80,3,700,750,random_forest,0.870125,0.8647066786011912
T35_C0p5_D80_0,T35_C0p5_D80,3,750,800,persistence,0.865865,0.870191923541758
T35_C0p5_D80_0,T35_C0p5_D80,3,750,800,local_linear,0.865865,0.8637901225220858
T35_C0p5_D80_0,T35_C0p5_D80,3,750,800,ridge,0.865865,0.8534206703167508
T35_C0p5_D80_0,T35_C0p5_D80,3,750,800,random_forest,0.865865,0.8570262463476803
T35_C0p5_D80_0,T35_C0p5_D80,3,800,850,persistence,0.861737,0.8727962969164968
T35_C0p5_D80_0,T35_C0p5_D80,3,800,850,local_linear,0.861737,0.8695766134521071
T35_C0p5_D80_0,T35_C0p5_D80,3,800,850,ridge,0.861737,0.8559805010125705
T35_C0p5_D80_0,T35_C0p5_D80,3,800,850,random_forest,0.861737,0.85964380499504
T35_C0p5_D80_0,T35_C0p5_D80,3,850,900,persistence,0.855739,0.8684978677945605
T35_C0p5_D80_0,T35_C0p5_D80,3,850,900,local_linear,0.855739,0.863919545923005
T35_C0p5_D80_0,T35_C0p5_D80,3,850,900,ridge,0.855739,0.8499341576316559
T35_C0p5_D80_0,T35_C0p5_D80,3,850,900,random_forest,0.855739,0.8508221883001899
T35_C0p5_D80_0,T35_C0p5_D80,3,900,950,persistence,0.847942,0.8653507847797636
T35_C0p5_D80_0,T35_C0p5_D80,3,900,950,local_linear,0.847942,0.8602817680907298
T35_C0p5_D80_0,T35_C0p5_D80,3,900,950,ridge,0.847942,0.8461935395191915
T35_C0p5_D80_0,T35_C0p5_D80,3,900,950,random_forest,0.847942,0.8484690561138167
T35_C0p5_D80_0,T35_C0p5_D80,3,950,1000,persistence,0.840347,0.848087449562681
T35_C0p5_D80_0,T35_C0p5_D80,3,950,1000,local_linear,0.840347,0.8392592028327348
T35_C0p5_D80_0,T35_C0p5_D80,3,950,1000,ridge,0.840347,0.8284818351715556
T35_C0p5_D80_0,T35_C0p5_D80,3,950,1000,random_forest,0.840347,0.826954415189394
T35_C1_D100_1,T35_C1_D100,3,100,150,persistence,0.917478,0.9503628429550074
T35_C1_D100_1,T35_C1_D100,3,100,150,local_linear,0.917478,0.9243384885541002
T35_C1_D100_1,T35_C1_D100,3,100,150,ridge,0.917478,0.918635544954513
T35_C1_D100_1,T35_C1_D100,3,100,150,random_forest,0.917478,0.9188177479299693
T35_C1_D100_1,T35_C1_D100,3,150,200,persistence,0.904712,0.9341921197699057
T35_C1_D100_1,T35_C1_D100,3,150,200,local_linear,0.904712,0.9161707414952577
T35_C1_D100_1,T35_C1_D100,3,150,200,ridge,0.904712,0.9085869320692529
T35_C1_D100_1,T35_C1_D100,3,150,200,random_forest,0.904712,0.9077644821445743
T35_C1_D100_1,T35_C1_D100,3,200,250,persistence,0.893464,0.9166307765975513
T35_C1_D100_1,T35_C1_D100,3,200,250,local_linear,0.893464,0.9024602652227972
T35_C1_D100_1,T35_C1_D100,3,200,250,ridge,0.893464,0.8939090817257889
T35_C1_D100_1,T35_C1_D100,3,200,250,random_forest,0.893464,0.8893872371509735
T35_C1_D100_1,T35_C1_D100,3,250,300,persistence,0.883296,0.907562148347347
T35_C1_D100_1,T35_C1_D100,3,250,300,local_linear,0.883296,0.8955830140347136
T35_C1_D100_1,T35_C1_D100,3,250,300,ridge,0.883296,0.8855919475829308
T35_C1_D100_1,T35_C1_D100,3,250,300,random_forest,0.883296,0.8807301916991342
T35_C1_D100_1,T35_C1_D100,3,300,350,persistence,0.873945,0.8920962668224509
T35_C1_D100_1,T35_C1_D100,3,300,350,local_linear,0.873945,0.8805426397606423
T35_C1_D100_1,T35_C1_D100,3,300,350,ridge,0.873945,0.8705034642290236
T35_C1_D100_1,T35_C1_D100,3,300,350,random_forest,0.873945,0.8678373370819801
T35_C1_D100_1,T35_C1_D100,3,350,400,persistence,0.865242,0.8876941418628038
T35_C1_D100_1,T35_C1_D100,3,350,400,local_linear,0.865242,0.8778944477152105
T35_C1_D100_1,T35_C1_D100,3,350,400,ridge,0.865242,0.8659402965799882
T35_C1_D100_1,T35_C1_D100,3,350,400,random_forest,0.865242,0.8644191193529039
T35_C1_D100_1,T35_C1_D100,3,400,450,persistence,0.857068,0.8786566169456477
T35_C1_D100_1,T35_C1_D100,3,400,450,local_linear,0.857068,0.8697545680663537
T35_C1_D100_1,T35_C1_D100,3,400,450,ridge,0.857068,0.8566403728910983
T35_C1_D100_1,T35_C1_D100,3,400,450,random_forest,0.857068,0.8601093406746034
T35_C1_D100_1,T35_C1_D100,3,450,500,persistence,0.849336,0.8761447719686729
T35_C1_D100_1,T35_C1_D100,3,450,500,local_linear,0.849336,0.8699485393702061
T35_C1_D100_1,T35_C1_D100,3,450,500,ridge,0.849336,0.8544119133349524
T35_C1_D100_1,T35_C1_D100,3,450,500,random_forest,0.849336,0.8573492677694355
T35_C1_D100_1,T35_C1_D100,3,500,550,persistence,0.841982,0.865713617064292
T35_C1_D100_1,T35_C1_D100,3,500,550,local_linear,0.841982,0.8578879192197358
T35_C1_D100_1,T35_C1_D100,3,500,550,ridge,0.841982,0.8437105587789157
T35_C1_D100_1,T35_C1_D100,3,500,550,random_forest,0.841982,0.8428441008881222
T35_C1_D100_1,T35_C1_D100,3,550,600,persistence,0.834956,0.8577657121371477
T35_C1_D100_1,T35_C1_D100,3,550,600,local_linear,0.834956,0.8500072748025261
T35_C1_D100_1,T35_C1_D100,3,550,600,ridge,0.834956,0.836353079246397
T35_C1_D100_1,T35_C1_D100,3,550,600,random_forest,0.834956,0.839100372832792
T35_C1_D100_1,T35_C1_D100,3,600,650,persistence,0.828217,0.8471369005679118
T35_C1_D100_1,T35_C1_D100,3,600,650,local_linear,0.828217,0.8396088417195272
T35_C1_D100_1,T35_C1_D100,3,600,650,ridge,0.828217,0.8254233659238129
T35_C1_D100_1,T35_C1_D100,3,600,650,random_forest,0.828217,0.8246542603228713
T35_C1_D100_1,T35_C1_D100,3,650,700,persistence,0.821732,0.8499186422090792
T35_C1_D100_1,T35_C1_D100,3,650,700,local_linear,0.821732,0.8440131575762441
T35_C1_D100_1,T35_C1_D100,3,650,700,ridge,0.821732,0.8284367056397874
T35_C1_D100_1,T35_C1_D100,3,650,700,random_forest,0.821732,0.8274619213610173
T35_C1_D100_1,T35_C1_D100,3,700,750,persistence,0.809218,0.8318420873747809
T35_C1_D100_1,T35_C1_D100,3,700,750,local_linear,0.809218,0.8244498063469339
T35_C1_D100_1,T35_C1_D100,3,700,750,ridge,0.809218,0.8100531640383667
T35_C1_D100_1,T35_C1_D100,3,700,750,random_forest,0.809218,0.8120345523462473
T35_C1_D100_1,T35_C1_D100,3,750,800,persistence,0.797115,0.817218002508835
T35_C1_D100_1,T35_C1_D100,3,750,800,local_linear,0.797115,0.8072690380705809
T35_C1_D100_1,T35_C1_D100,3,750,800,ridge,0.797115,0.7962045555540427
T35_C1_D100_1,T35_C1_D100,3,750,800,random_forest,0.797115,0.7964076863505593
T35_C1_D100_1,T35_C1_D100,3,800,850,persistence,0.785384,0.8099975142416895
T35_C1_D100_1,T35_C1_D100,3,800,850,local_linear,0.785384,0.7983993837929503
T35_C1_D100_1,T35_C1_D100,3,800,850,ridge,0.785384,0.7875723759591663
T35_C1_D100_1,T35_C1_D100,3,800,850,random_forest,0.785384,0.7853294065201288
T35_C1_D100_1,T35_C1_D100,3,850,900,persistence,0.773994,0.8025251893101858
T35_C1_D100_1,T35_C1_D100,3,850,900,local_linear,0.773994,0.7907486664673422
T35_C1_D100_1,T35_C1_D100,3,850,900,ridge,0.773994,0.7794655013187106
T35_C1_D100_1,T35_C1_D100,3,850,900,random_forest,0.773994,0.7775018045736384
T35_C1_D100_1,T35_C1_D100,3,900,950,persistence,0.762916,0.7870447594520897
T35_C1_D100_1,T35_C1_D100,3,900,950,local_linear,0.762916,0.7764215708240964
T35_C1_D100_1,T35_C1_D100,3,900,950,ridge,0.762916,0.7649457914292223
T35_C1_D100_1,T35_C1_D100,3,900,950,random_forest,0.762916,0.7633665416201162
T35_C1_D100_1,T35_C1_D100,3,950,1000,persistence,0.752126,0.7816608728347754
T35_C1_D100_1,T35_C1_D100,3,950,1000,local_linear,0.752126,0.7709824414205096
T35_C1_D100_1,T35_C1_D100,3,950,1000,ridge,0.752126,0.7585797967486029
T35_C1_D100_1,T35_C1_D100,3,950,1000,random_forest,0.752126,0.7591791912301592
T35_C1_D50_2,T35_C1_D50,3,100,150,persistence,0.95505,0.9699271193756699
T35_C1_D50_2,T35_C1_D50,3,100,150,local_linear,0.95505,0.9562741852666926
T35_C1_D50_2,T35_C1_D50,3,100,150,ridge,0.95505,0.9514057014382205
T35_C1_D50_2,T35_C1_D50,3,100,150,random_forest,0.95505,0.951787202177597
T35_C1_D50_2,T35_C1_D50,3,150,200,persistence,0.948097,0.9520470233199946
T35_C1_D50_2,T35_C1_D50,3,150,200,local_linear,0.948097,0.9415932438966015
T35_C1_D50_2,T35_C1_D50,3,150,200,ridge,0.948097,0.9366071534810949
T35_C1_D50_2,T35_C1_D50,3,150,200,random_forest,0.948097,0.9380561991291871
T35_C1_D50_2,T35_C1_D50,3,200,250,persistence,0.94197,0.9544420440554268
T35_C1_D50_2,T35_C1_D50,3,200,250,local_linear,0.94197,0.9463519707511074
T35_C1_D50_2,T35_C1_D50,3,200,250,ridge,0.94197,0.9397873980161324
T35_C1_D50_2,T35_C1_D50,3,200,250,random_forest,0.94197,0.9407787356380777
T35_C1_D50_2,T35_C1_D50,3,250,300,persistence,0.936432,0.9498638432570159
T35_C1_D50_2,T35_C1_D50,3,250,300,local_linear,0.936432,0.9435625704401752
T35_C1_D50_2,T35_C1_D50,3,250,300,ridge,0.936432,0.9350431328495128
T35_C1_D50_2,T35_C1_D50,3,250,300,random_forest,0.936432,0.9351832954686289
T35_C1_D50_2,T35_C1_D50,3,300,350,persistence,0.931338,0.9423867700987156
T35_C1_D50_2,T35_C1_D50,3,300,350,local_linear,0.931338,0.9375387022134839
T35_C1_D50_2,T35_C1_D50,3,300,350,ridge,0.931338,0.9285658855550476
T35_C1_D50_2,T35_C1_D50,3,300,350,random_forest,0.931338,0.927666968527688
T35_C1_D50_2,T35_C1_D50,3,350,400,persistence,0.926597,0.9407515087674961
T35_C1_D50_2,T35_C1_D50,3,350,400,local_linear,0.926597,0.9350158215720059
T35_C1_D50_2,T35_C1_D50,3,350,400,ridge,0.926597,0.9271190518967423
T35_C1_D50_2,T35_C1_D50,3,350,400,random_forest,0.926597,0.9271266224808352
T35_C1_D50_2,T35_C1_D50,3,400,450,persistence,0.922145,0.9324042429722256
T35_C1_D50_2,T35_C1_D50,3,400,450,local_linear,0.922145,0.926687565520062
T35_C1_D50_2,T35_C1_D50,3,400,450,ridge,0.922145,0.9184828761593861
T35_C1_D50_2,T35_C1_D50,3,400,450,random_forest,0.922145,0.9190938689076026
T35_C1_D50_2,T35_C1_D50,3,450,500,persistence,0.917933,0.9258095738179795
T35_C1_D50_2,T35_C1_D50,3,450,500,local_linear,0.917933,0.9211116312457795
T35_C1_D50_2,T35_C1_D50,3,450,500,ridge,0.917933,0.9121786301080557
T35_C1_D50_2,T35_C1_D50,3,450,500,random_forest,0.917933,0.9124303874503973
T35_C1_D50_2,T35_C1_D50,3,500,550,persistence,0.913928,0.9249250460979108
T35_C1_D50_2,T35_C1_D50,3,500,550,local_linear,0.913928,0.9215548640950517
T35_C1_D50_2,T35_C1_D50,3,500,550,ridge,0.913928,0.9110384658124252
T35_C1_D50_2,T35_C1_D50,3,500,550,random_forest,0.913928,0.9104708319216723
T35_C1_D50_2,T35_C1_D50,3,550,600,persistence,0.910101,0.914778461909295
T35_C1_D50_2,T35_C1_D50,3,550,600,local_linear,0.910101,0.910254082784183
T35_C1_D50_2,T35_C1_D50,3,550,600,ridge,0.910101,0.9034793251441324
T35_C1_D50_2,T35_C1_D50,3,550,600,random_forest,0.910101,0.9041136765316106
T35_C1_D50_2,T35_C1_D50,3,600,650,persistence,0.90643,0.9172711735813975
T35_C1_D50_2,T35_C1_D50,3,600,650,local_linear,0.90643,0.9144675254808244
T35_C1_D50_2,T35_C1_D50,3,600,650,ridge,0.90643,0.9040434117089339
T35_C1_D50_2,T35_C1_D50,3,600,650,random_forest,0.90643,0.9025704550845507
T35_C1_D50_2,T35_C1_D50,3,650,700,persistence,0.902898,0.910510854578015
T35_C1_D50_2,T35_C1_D50,3,650,700,local_linear,0.902898,0.9069049682926881
T35_C1_D50_2,T35_C1_D50,3,650,700,ridge,0.902898,0.8974202060816366
T35_C1_D50_2,T35_C1_D50,3,650,700,random_forest,0.902898,0.8970329477987985
T35_C1_D50_2,T35_C1_D50,3,700,750,persistence,0.899489,0.9128984423073961
T35_C1_D50_2,T35_C1_D50,3,700,750,local_linear,0.899489,0.9078377790117514
T35_C1_D50_2,T35_C1_D50,3,700,750,ridge,0.899489,0.8996631126760068
T35_C1_D50_2,T35_C1_D50,3,700,750,random_forest,0.899489,0.9000734348629145
T35_C1_D50_2,T35_C1_D50,3,750,800,persistence,0.896193,0.9094797904529409
T35_C1_D50_2,T35_C1_D50,3,750,800,local_linear,0.896193,0.9084983813315143
T35_C1_D50_2,T35_C1_D50,3,750,800,ridge,0.896193,0.8979117689707673
T35_C1_D50_2,T35_C1_D50,3,750,800,random_forest,0.896193,0.898565264052805
T35_C1_D50_2,T35_C1_D50,3,800,850,persistence,0.892998,0.9036167414657145
T35_C1_D50_2,T35_C1_D50,3,800,850,local_linear,0.892998,0.8995976433157794
T35_C1_D50_2,T35_C1_D50,3,800,850,ridge,0.892998,0.890511143047619
T35_C1_D50_2,T35_C1_D50,3,800,850,random_forest,0.892998,0.8893986864067012
T35_C1_D50_2,T35_C1_D50,3,850,900,persistence,0.889896,0.8998099805095963
T35_C1_D50_2,T35_C1_D50,3,850,900,local_linear,0.889896,0.8980566291306121
T35_C1_D50_2,T35_C1_D50,3,850,900,ridge,0.889896,0.8876051101314798
T35_C1_D50_2,T35_C1_D50,3,850,900,random_forest,0.889896,0.8862664562759293
T35_C1_D50_2,T35_C1_D50,3,900,950,persistence,0.886879,0.8987146739750813
T35_C1_D50_2,T35_C1_D50,3,900,950,local_linear,0.886879,0.8951959068789732
T35_C1_D50_2,T35_C1_D50,3,900,950,ridge,0.886879,0.8856243283412097
T35_C1_D50_2,T35_C1_D50,3,900,950,random_forest,0.886879,0.8839917828758571
T35_C1_D50_2,T35_C1_D50,3,950,1000,persistence,0.88394,0.8988872259012652
T35_C1_D50_2,T35_C1_D50,3,950,1000,local_linear,0.88394,0.8985534083920617
T35_C1_D50_2,T35_C1_D50,3,950,1000,ridge,0.88394,0.8874527061043449
T35_C1_D50_2,T35_C1_D50,3,950,1000,random_forest,0.88394,0.8859634257100024
T35_C1_D80_3,T35_C1_D80,3,100,150,persistence,0.939577,0.9625533944093984
T35_C1_D80_3,T35_C1_D80,3,100,150,local_linear,0.939577,0.9439336279587364
T35_C1_D80_3,T35_C1_D80,3,100,150,ridge,0.939577,0.9374642491665635
T35_C1_D80_3,T35_C1_D80,3,100,150,random_forest,0.939577,0.94184197723216
T35_C1_D80_3,T35_C1_D80,3,150,200,persistence,0.930229,0.9492017948334552
T35_C1_D80_3,T35_C1_D80,3,150,200,local_linear,0.930229,0.9364263308824791
T35_C1_D80_3,T35_C1_D80,3,150,200,ridge,0.930229,0.9276069371772289
T35_C1_D80_3,T35_C1_D80,3,150,200,random_forest,0.930229,0.9300934290769648
T35_C1_D80_3,T35_C1_D80,3,200,250,persistence,0.921994,0.9433819220775023
T35_C1_D80_3,T35_C1_D80,3,200,250,local_linear,0.921994,0.9327496921184657
T35_C1_D80_3,T35_C1_D80,3,200,250,ridge,0.921994,0.9213024589456186
T35_C1_D80_3,T35_C1_D80,3,200,250,random_forest,0.921994,0.924125782550731
T35_C1_D80_3,T35_C1_D80,3,250,300,persistence,0.914548,0.9295324461543228
T35_C1_D80_3,T35_C1_D80,3,250,300,local_linear,0.914548,0.9196342256078015
T35_C1_D80_3,T35_C1_D80,3,250,300,ridge,0.914548,0.9097037219305071
T35_C1_D80_3,T35_C1_D80,3,250,300,random_forest,0.914548,0.9130368220247111
T35_C1_D80_3,T35_C1_D80,3,300,350,persistence,0.907702,0.936370702347805
T35_C1_D80_3,T35_C1_D80,3,300,350,local_linear,0.907702,0.9289187819331941
T35_C1_D80_3,T35_C1_D80,3,300,350,ridge,0.907702,0.9145634091257452
T35_C1_D80_3,T35_C1_D80,3,300,350,random_forest,0.907702,0.919452663838609
T35_C1_D80_3,T35_C1_D80,3,350,400,persistence,0.901329,0.9203292773114679
T35_C1_D80_3,T35_C1_D80,3,350,400,local_linear,0.901329,0.9115662604647864
T35_C1_D80_3,T35_C1_D80,3,350,400,ridge,0.901329,0.9001193148343294
T35_C1_D80_3,T35_C1_D80,3,350,400,random_forest,0.901329,0.9040186376097514
T35_C1_D80_3,T35_C1_D80,3,400,450,persistence,0.895344,0.9108847138760132
T35_C1_D80_3,T35_C1_D80,3,400,450,local_linear,0.895344,0.9043283467651112
T35_C1_D80_3,T35_C1_D80,3,400,450,ridge,0.895344,0.89176290133447
T35_C1_D80_3,T35_C1_D80,3,400,450,random_forest,0.895344,0.8974352118382487
T35_C1_D80_3,T35_C1_D80,3,450,500,persistence,0.889683,0.9096944445567001
T35_C1_D80_3,T35_C1_D80,3,450,500,local_linear,0.889683,0.9010256843199707
T35_C1_D80_3,T35_C1_D80,3,450,500,ridge,0.889683,0.8895074775619285
T35_C1_D80_3,T35_C1_D80,3,450,500,random_forest,0.889683,0.8938156375367512
T35_C1_D80_3,T35_C1_D80,3,500,550,persistence,0.884298,0.8993974564661287
T35_C1_D80_3,T35_C1_D80,3,500,550,local_linear,0.884298,0.8938204180853081
T35_C1_D80_3,T35_C1_D80,3,500,550,ridge,0.884298,0.8806731156512317
T35_C1_D80_3,T35_C1_D80,3,500,550,random_forest,0.884298,0.8838743058392993
T35_C1_D80_3,T35_C1_D80,3,550,600,persistence,0.879153,0.8987201506560895
T35_C1_D80_3,T35_C1_D80,3,550,600,local_linear,0.879153,0.894533013440523
T35_C1_D80_3,T35_C1_D80,3,550,600,ridge,0.879153,0.8800944039439732
T35_C1_D80_3,T35_C1_D80,3,550,600,random_forest,0.879153,0.8832675519862603
T35_C1_D80_3,T35_C1_D80,3,600,650,persistence,0.874219,0.8892502623415007
T35_C1_D80_3,T35_C1_D80,3,600,650,local_linear,0.874219,0.8841600963018902
T35_C1_D80_3,T35_C1_D80,3,600,650,ridge,0.874219,0.8706544373283203
T35_C1_D80_3,T35_C1_D80,3,600,650,random_forest,0.874219,0.8745544440451386
T35_C1_D80_3,T35_C1_D80,3,650,700,persistence,0.869471,0.8879409122075348
T35_C1_D80_3,T35_C1_D80,3,650,700,local_linear,0.869471,0.8841736311630202
T35_C1_D80_3,T35_C1_D80,3,650,700,ridge,0.869471,0.8686790190099783
T35_C1_D80_3,T35_C1_D80,3,650,700,random_forest,0.869471,0.8730628950739538
T35_C1_D80_3,T35_C1_D80,3,700,750,persistence,0.864889,0.8869440818586306
T35_C1_D80_3,T35_C1_D80,3,700,750,local_linear,0.864889,0.8835789494059872
T35_C1_D80_3,T35_C1_D80,3,700,750,ridge,0.864889,0.8684508991211315
T35_C1_D80_3,T35_C1_D80,3,700,750,random_forest,0.864889,0.8717035220959598
T35_C1_D80_3,T35_C1_D80,3,750,800,persistence,0.860458,0.8807173945548816
T35_C1_D80_3,T35_C1_D80,3,750,800,local_linear,0.860458,0.876754176179385
T35_C1_D80_3,T35_C1_D80,3,750,800,ridge,0.860458,0.8616579384775053
T35_C1_D80_3,T35_C1_D80,3,750,800,random_forest,0.860458,0.8659405688516866
T35_C1_D80_3,T35_C1_D80,3,800,850,persistence,0.856164,0.8742692492655112
T35_C1_D80_3,T35_C1_D80,3,800,850,local_linear,0.856164,0.8691682817852812
T35_C1_D80_3,T35_C1_D80,3,800,850,ridge,0.856164,0.8546538730063586
T35_C1_D80_3,T35_C1_D80,3,800,850,random_forest,0.856164,0.8595388614659993
T35_C1_D80_3,T35_C1_D80,3,850,900,persistence,0.849924,0.8668355889987649
T35_C1_D80_3,T35_C1_D80,3,850,900,local_linear,0.849924,0.8640581847969442
T35_C1_D80_3,T35_C1_D80,3,850,900,ridge,0.849924,0.8490880579706646
T35_C1_D80_3,T35_C1_D80,3,850,900,random_forest,0.849924,0.8517132761550776
T35_C1_D80_3,T35_C1_D80,3,900,950,persistence,0.841812,0.8580112156884933
T35_C1_D80_3,T35_C1_D80,3,900,950,local_linear,0.841812,0.8528389447000436
T35_C1_D80_3,T35_C1_D80,3,900,950,ridge,0.841812,0.8393010097110485
T35_C1_D80_3,T35_C1_D80,3,900,950,random_forest,0.841812,0.8432558505183527
T35_C1_D80_3,T35_C1_D80,3,950,1000,persistence,0.833911,0.8593577449003372
T35_C1_D80_3,T35_C1_D80,3,950,1000,local_linear,0.833911,0.8528231402333689
T35_C1_D80_3,T35_C1_D80,3,950,1000,ridge,0.833911,0.8368612740987796
T35_C1_D80_3,T35_C1_D80,3,950,1000,random_forest,0.833911,0.8408865601429474
T35_C2_D50_0,T35_C2_D50,3,100,150,persistence,0.951278,0.9716551288975019
T35_C2_D50_0,T35_C2_D50,3,100,150,local_linear,0.951278,0.9558693302777401
T35_C2_D50_0,T35_C2_D50,3,100,150,ridge,0.951278,0.9506631110727967
T35_C2_D50_0,T35_C2_D50,3,100,150,random_forest,0.951278,0.9501161977622203
T35_C2_D50_0,T35_C2_D50,3,150,200,persistence,0.943741,0.9595168534955071
T35_C2_D50_0,T35_C2_D50,3,150,200,local_linear,0.943741,0.951276061263659
T35_C2_D50_0,T35_C2_D50,3,150,200,ridge,0.943741,0.9423299384603541
T35_C2_D50_0,T35_C2_D50,3,150,200,random_forest,0.943741,0.9418888304872393
T35_C2_D50_0,T35_C2_D50,3,200,250,persistence,0.937101,0.9520778846148988
T35_C2_D50_0,T35_C2_D50,3,200,250,local_linear,0.937101,0.9434651623172585
T35_C2_D50_0,T35_C2_D50,3,200,250,ridge,0.937101,0.9358410188190003
T35_C2_D50_0,T35_C2_D50,3,200,250,random_forest,0.937101,0.936351428061297
T35_C2_D50_0,T35_C2_D50,3,250,300,persistence,0.931097,0.950920992340767
T35_C2_D50_0,T35_C2_D50,3,250,300,local_linear,0.931097,0.9452134794780461
T35_C2_D50_0,T35_C2_D50,3,250,300,ridge,0.931097,0.9347897694412569
T35_C2_D50_0,T35_C2_D50,3,250,300,random_forest,0.931097,0.9357415334946483
T35_C2_D50_0,T35_C2_D50,3,300,350,persistence,0.925576,0.9416259438902195
T35_C2_D50_0,T35_C2_D50,3,300,350,local_linear,0.925576,0.9324512681242141
T35_C2_D50_0,T35_C2_D50,3,300,350,ridge,0.925576,0.9248124120580313
T35_C2_D50_0,T35_C2_D50,3,300,350,random_forest,0.925576,0.9246180871614673
T35_C2_D50_0,T35_C2_D50,3,350,400,persistence,0.920438,0.9339449874989959
T35_C2_D50_0,T35_C2_D50,3,350,400,local_linear,0.920438,0.9291848496918099
T35_C2_D50_0,T35_C2_D50,3,350,400,ridge,0.920438,0.9199963143665304
T35_C2_D50_0,T35_C2_D50,3,350,400,random_forest,0.920438,0.9225524196913326
T35_C2_D50_0,T35_C2_D50,3,400,450,persistence,0.915612,0.9331462771560254
T35_C2_D50_0,T35_C2_D50,3,400,450,local_linear,0.915612,0.9268516014905677
T35_C2_D50_0,T35_C2_D50,3,400,450,ridge,0.915612,0.9176787214705312
T35_C2_D50_0,T35_C2_D50,3,400,450,random_forest,0.915612,0.9207224660700755
T35_C2_D50_0,T35_C2_D50,3,450,500,persistence,0.911047,0.9241543445851632
T35_C2_D50_0,T35_C2_D50,3,450,500,local_linear,0.911047,0.9190692360281328
T35_C2_D50_0,T35_C2_D50,3,450,500,ridge,0.911047,0.9103417343311011
T35_C2_D50_0,T35_C2_D50,3,450,500,random_forest,0.911047,0.9128739972508569
T35_C2_D50_0,T35_C2_D50,3,500,550,persistence,0.906705,0.9175550066912831
T35_C2_D50_0,T35_C2_D50,3,500,550,local_linear,0.906705,0.9121258314477636
T35_C2_D50_0,T35_C2_D50,3,500,550,ridge,0.906705,0.903106702207707
T35_C2_D50_0,T35_C2_D50,3,500,550,random_forest,0.906705,0.9035301507889333
T35_C2_D50_0,T35_C2_D50,3,550,600,persistence,0.902557,0.9207437857455716
T35_C2_D50_0,T35_C2_D50,3,550,600,local_linear,0.902557,0.916709380079124
T35_C2_D50_0,T35_C2_D50,3,550,600,ridge,0.902557,0.9056055950818901
T35_C2_D50_0,T35_C2_D50,3,550,600,random_forest,0.902557,0.9063666406995958
T35_C2_D50_0,T35_C2_D50,3,600,650,persistence,0.898578,0.9100458159652144
T35_C2_D50_0,T35_C2_D50,3,600,650,local_linear,0.898578,0.9047116597742764
T35_C2_D50_0,T35_C2_D50,3,600,650,ridge,0.898578,0.89568701095065
T35_C2_D50_0,T35_C2_D50,3,600,650,random_forest,0.898578,0.8969707001512898
T35_C2_D50_0,T35_C2_D50,3,650,700,persistence,0.894749,0.9072435096575245
T35_C2_D50_0,T35_C2_D50,3,650,700,local_linear,0.894749,0.903495680214401
T35_C2_D50_0,T35_C2_D50,3,650,700,ridge,0.894749,0.8938926376022241
T35_C2_D50_0,T35_C2_D50,3,650,700,random_forest,0.894749,0.8964803889012292
T35_C2_D50_0,T35_C2_D50,3,700,750,persistence,0.891055,0.9028831877282526
T35_C2_D50_0,T35_C2_D50,3,700,750,local_linear,0.891055,0.8963983091976754
T35_C2_D50_0,T35_C2_D50,3,700,750,ridge,0.891055,0.8884119096020635
T35_C2_D50_0,T35_C2_D50,3,700,750,random_forest,0.891055,0.8882333580954633
T35_C2_D50_0,T35_C2_D50,3,750,800,persistence,0.887482,0.8998828457125017
T35_C2_D50_0,T35_C2_D50,3,750,800,local_linear,0.887482,0.8973072724473566
T35_C2_D50_0,T35_C2_D50,3,750,800,ridge,0.887482,0.8866363109890462
T35_C2_D50_0,T35_C2_D50,3,750,800,random_forest,0.887482,0.8855019229445208
T35_C2_D50_0,T35_C2_D50,3,800,850,persistence,0.884019,0.8947920145131883
T35_C2_D50_0,T35_C2_D50,3,800,850,local_linear,0.884019,0.8897175336554379
T35_C2_D50_0,T35_C2_D50,3,800,850,ridge,0.884019,0.8812134521734695
T35_C2_D50_0,T35_C2_D50,3,800,850,random_forest,0.884019,0.8816375980719109
T35_C2_D50_0,T35_C2_D50,3,850,900,persistence,0.880657,0.8928682390634527
T35_C2_D50_0,T35_C2_D50,3,850,900,local_linear,0.880657,0.8902192747109589
T35_C2_D50_0,T35_C2_D50,3,850,900,ridge,0.880657,0.8805119005669946
T35_C2_D50_0,T35_C2_D50,3,850,900,random_forest,0.880657,0.8833191292818816
T35_C2_D50_0,T35_C2_D50,3,900,950,persistence,0.877386,0.8868306759332558
T35_C2_D50_0,T35_C2_D50,3,900,950,local_linear,0.877386,0.8829340159565996
T35_C2_D50_0,T35_C2_D50,3,900,950,ridge,0.877386,0.8739569194909202
T35_C2_D50_0,T35_C2_D50,3,900,950,random_forest,0.877386,0.8722613654119314
T35_C2_D50_0,T35_C2_D50,3,950,1000,persistence,0.874201,0.8915416018966971
T35_C2_D50_0,T35_C2_D50,3,950,1000,local_linear,0.874201,0.8905810574126163
T35_C2_D50_0,T35_C2_D50,3,950,1000,ridge,0.874201,0.8783154430561022
T35_C2_D50_0,T35_C2_D50,3,950,1000,random_forest,0.874201,0.8767636549826392
T35_C2_D80_1,T35_C2_D80,3,100,150,persistence,0.931919,0.9658868608113133
T35_C2_D80_1,T35_C2_D80,3,100,150,local_linear,0.931919,0.9443002940929136
T35_C2_D80_1,T35_C2_D80,3,100,150,ridge,0.931919,0.9362099039012458
T35_C2_D80_1,T35_C2_D80,3,100,150,random_forest,0.931919,0.9359302986540371
T35_C2_D80_1,T35_C2_D80,3,150,200,persistence,0.921387,0.9404332243563649
T35_C2_D80_1,T35_C2_D80,3,150,200,local_linear,0.921387,0.9251944010486742
T35_C2_D80_1,T35_C2_D80,3,150,200,ridge,0.921387,0.9164071703162032
T35_C2_D80_1,T35_C2_D80,3,150,200,random_forest,0.921387,0.9161543233634765
T35_C2_D80_1,T35_C2_D80,3,200,250,persistence,0.912108,0.9337279563306706
T35_C2_D80_1,T35_C2_D80,3,200,250,local_linear,0.912108,0.921839715828277
T35_C2_D80_1,T35_C2_D80,3,200,250,ridge,0.912108,0.9105157779648951
T35_C2_D80_1,T35_C2_D80,3,200,250,random_forest,0.912108,0.913139911319444
T35_C2_D80_1,T35_C2_D80,3,250,300,persistence,0.903719,0.9309593522705044
T35_C2_D80_1,T35_C2_D80,3,250,300,local_linear,0.903719,0.921984926186891
T35_C2_D80_1,T35_C2_D80,3,250,300,ridge,0.903719,0.9077845234667282
T35_C2_D80_1,T35_C2_D80,3,250,300,random_forest,0.903719,0.9091071503866095
T35_C2_D80_1,T35_C2_D80,3,300,350,persistence,0.896005,0.9199946933830161
T35_C2_D80_1,T35_C2_D80,3,300,350,local_linear,0.896005,0.9088221531677059
T35_C2_D80_1,T35_C2_D80,3,300,350,ridge,0.896005,0.8963801116816552
T35_C2_D80_1,T35_C2_D80,3,300,350,random_forest,0.896005,0.9008268635285894
T35_C2_D80_1,T35_C2_D80,3,350,400,persistence,0.888825,0.9111954765873217
T35_C2_D80_1,T35_C2_D80,3,350,400,local_linear,0.888825,0.9044706878754134
T35_C2_D80_1,T35_C2_D80,3,350,400,ridge,0.888825,0.8908436981283112
T35_C2_D80_1,T35_C2_D80,3,350,400,random_forest,0.888825,0.894697661755276
T35_C2_D80_1,T35_C2_D80,3,400,450,persistence,0.882081,0.9002695852053129
T35_C2_D80_1,T35_C2_D80,3,400,450,local_linear,0.882081,0.8935156974126437
T35_C2_D80_1,T35_C2_D80,3,400,450,ridge,0.882081,0.8794688497821301
T35_C2_D80_1,T35_C2_D80,3,400,450,random_forest,0.882081,0.880153499563266
T35_C2_D80_1,T35_C2_D80,3,450,500,persistence,0.875702,0.8948995304852307
T35_C2_D80_1,T35_C2_D80,3,450,500,local_linear,0.875702,0.8869188377981252
T35_C2_D80_1,T35_C2_D80,3,450,500,ridge,0.875702,0.8736483661151505
T35_C2_D80_1,T35_C2_D80,3,450,500,random_forest,0.875702,0.8758116584868775
T35_C2_D80_1,T35_C2_D80,3,500,550,persistence,0.869636,0.8870347616138258
T35_C2_D80_1,T35_C2_D80,3,500,550,local_linear,0.869636,0.8795771165801403
T35_C2_D80_1,T35_C2_D80,3,500,550,ridge,0.869636,0.8670732140161819
T35_C2_D80_1,T35_C2_D80,3,500,550,random_forest,0.869636,0.8701809513025337
T35_C2_D80_1,T35_C2_D80,3,550,600,persistence,0.863839,0.8808490788563786
T35_C2_D80_1,T35_C2_D80,3,550,600,local_linear,0.863839,0.8733686348901977
T35_C2_D80_1,T35_C2_D80,3,550,600,ridge,0.863839,0.8602534836453205
T35_C2_D80_1,T35_C2_D80,3,550,600,random_forest,0.863839,0.8637367648827562
T35_C2_D80_1,T35_C2_D80,3,600,650,persistence,0.858279,0.8784042086406727
T35_C2_D80_1,T35_C2_D80,3,600,650,local_linear,0.858279,0.8725127805866703
T35_C2_D80_1,T35_C2_D80,3,600,650,ridge,0.858279,0.8571403664342767
T35_C2_D80_1,T35_C2_D80,3,600,650,random_forest,0.858279,0.859300472718705
T35_C2_D80_1,T35_C2_D80,3,650,700,persistence,0.852929,0.8647635849268916
T35_C2_D80_1,T35_C2_D80,3,650,700,local_linear,0.852929,0.8580056515166797
T35_C2_D80_1,T35_C2_D80,3,650,700,ridge,0.852929,0.8439363578769721
T35_C2_D80_1,T35_C2_D80,3,650,700,random_forest,0.852929,0.8449109093682358
T35_C2_D80_1,T35_C2_D80,3,700,750,persistence,0.847767,0.870583745489816
T35_C2_D80_1,T35_C2_D80,3,700,750,local_linear,0.847767,0.8653975494495904
T35_C2_D80_1,T35_C2_D80,3,700,750,ridge,0.847767,0.8479789258106848
T35_C2_D80_1,T35_C2_D80,3,700,750,random_forest,0.847767,0.8523299629622114
T35_C2_D80_1,T35_C2_D80,3,750,800,persistence,0.842775,0.8617739557380816
T35_C2_D80_1,T35_C2_D80,3,750,800,local_linear,0.842775,0.8549588357973193
T35_C2_D80_1,T35_C2_D80,3,750,800,ridge,0.842775,0.8402514716208446
T35_C2_D80_1,T35_C2_D80,3,750,800,random_forest,0.842775,0.8442309062822424
T35_C2_D80_1,T35_C2_D80,3,800,850,persistence,0.837936,0.8559593333902258
T35_C2_D80_1,T35_C2_D80,3,800,850,local_linear,0.837936,0.8525804937998671
T35_C2_D80_1,T35_C2_D80,3,800,850,ridge,0.837936,0.8366289518273724
T35_C2_D80_1,T35_C2_D80,3,800,850,random_forest,0.837936,0.8424498814837239
T35_C2_D80_1,T35_C2_D80,3,850,900,persistence,0.830905,0.8492188221777318
T35_C2_D80_1,T35_C2_D80,3,850,900,local_linear,0.830905,0.8453701231279068
T35_C2_D80_1,T35_C2_D80,3,850,900,ridge,0.830905,0.8292432345952234
T35_C2_D80_1,T35_C2_D80,3,850,900,random_forest,0.830905,0.8311885370747657
T35_C2_D80_1,T35_C2_D80,3,900,950,persistence,0.821765,0.837479820128844
T35_C2_D80_1,T35_C2_D80,3,900,950,local_linear,0.821765,0.8330010461316361
T35_C2_D80_1,T35_C2_D80,3,900,950,ridge,0.821765,0.8182418040867576
T35_C2_D80_1,T35_C2_D80,3,900,950,random_forest,0.821765,0.8180942709965728
T35_C2_D80_1,T35_C2_D80,3,950,1000,persistence,0.812864,0.836003130601936
T35_C2_D80_1,T35_C2_D80,3,950,1000,local_linear,0.812864,0.8256164187393105
T35_C2_D80_1,T35_C2_D80,3,950,1000,ridge,0.812864,0.8126223914190976
T35_C2_D80_1,T35_C2_D80,3,950,1000,random_forest,0.812864,0.8154140088963817
T45_C0p5_D100_2,T45_C0p5_D100,3,100,150,persistence,0.904375,0.9371026880202539
T45_C0p5_D100_2,T45_C0p5_D100,3,100,150,local_linear,0.904375,0.9051322080741357
T45_C0p5_D100_2,T45_C0p5_D100,3,100,150,ridge,0.904375,0.9039747124571822
T45_C0p5_D100_2,T45_C0p5_D100,3,100,150,random_forest,0.904375,0.905955805922168
T45_C0p5_D100_2,T45_C0p5_D100,3,150,200,persistence,0.889581,0.9188431751374272
T45_C0p5_D100_2,T45_C0p5_D100,3,150,200,local_linear,0.889581,0.8980188131522892
T45_C0p5_D100_2,T45_C0p5_D100,3,150,200,ridge,0.889581,0.89237741945055
T45_C0p5_D100_2,T45_C0p5_D100,3,150,200,random_forest,0.889581,0.8954680458697031
T45_C0p5_D100_2,T45_C0p5_D100,3,200,250,persistence,0.876548,0.9042756074202423
T45_C0p5_D100_2,T45_C0p5_D100,3,200,250,local_linear,0.876548,0.8903722023101054
T45_C0p5_D100_2,T45_C0p5_D100,3,200,250,ridge,0.876548,0.8805032829376986
T45_C0p5_D100_2,T45_C0p5_D100,3,200,250,random_forest,0.876548,0.8774222735975832
T45_C0p5_D100_2,T45_C0p5_D100,3,250,300,persistence,0.864765,0.891200410390406
T45_C0p5_D100_2,T45_C0p5_D100,3,250,300,local_linear,0.864765,0.8771434181964262
T45_C0p5_D100_2,T45_C0p5_D100,3,250,300,ridge,0.864765,0.8679696055558286
T45_C0p5_D100_2,T45_C0p5_D100,3,250,300,random_forest,0.864765,0.8680574564980159
T45_C0p5_D100_2,T45_C0p5_D100,3,300,350,persistence,0.85393,0.8787941275790102
T45_C0p5_D100_2,T45_C0p5_D100,3,300,350,local_linear,0.85393,0.8661633404719781
T45_C0p5_D100_2,T45_C0p5_D100,3,300,350,ridge,0.85393,0.857345498823379
T45_C0p5_D100_2,T45_C0p5_D100,3,300,350,random_forest,0.85393,0.8567937821577383
T45_C0p5_D100_2,T45_C0p5_D100,3,350,400,persistence,0.843844,0.8646385187563547
T45_C0p5_D100_2,T45_C0p5_D100,3,350,400,local_linear,0.843844,0.8535023267219519
T45_C0p5_D100_2,T45_C0p5_D100,3,350,400,ridge,0.843844,0.8432339524463595
T45_C0p5_D100_2,T45_C0p5_D100,3,350,400,random_forest,0.843844,0.8435113339243399
T45_C0p5_D100_2,T45_C0p5_D100,3,400,450,persistence,0.834372,0.8520610861690682
T45_C0p5_D100_2,T45_C0p5_D100,3,400,450,local_linear,0.834372,0.8422903992892077
T45_C0p5_D100_2,T45_C0p5_D100,3,400,450,ridge,0.834372,0.831747124995486
T45_C0p5_D100_2,T45_C0p5_D100,3,400,450,random_forest,0.834372,0.8293131253738621
T45_C0p5_D100_2,T45_C0p5_D100,3,450,500,persistence,0.825413,0.8474695667096617
T45_C0p5_D100_2,T45_C0p5_D100,3,450,500,local_linear,0.825413,0.8361989042112563
T45_C0p5_D100_2,T45_C0p5_D100,3,450,500,ridge,0.825413,0.8268514570052958
T45_C0p5_D100_2,T45_C0p5_D100,3,450,500,random_forest,0.825413,0.826922347930871
T45_C0p5_D100_2,T45_C0p5_D100,3,500,550,persistence,0.816891,0.8386085292560013
T45_C0p5_D100_2,T45_C0p5_D100,3,500,550,local_linear,0.816891,0.8297039769798138
T45_C0p5_D100_2,T45_C0p5_D100,3,500,550,ridge,0.816891,0.8185489162657319
T45_C0p5_D100_2,T45_C0p5_D100,3,500,550,random_forest,0.816891,0.8190656141312678
T45_C0p5_D100_2,T45_C0p5_D100,3,550,600,persistence,0.808749,0.8284581019812777
T45_C0p5_D100_2,T45_C0p5_D100,3,550,600,local_linear,0.808749,0.8202485324567242
T45_C0p5_D100_2,T45_C0p5_D100,3,550,600,ridge,0.808749,0.8083513103566302
T45_C0p5_D100_2,T45_C0p5_D100,3,550,600,random_forest,0.808749,0.8056446245955089
T45_C0p5_D100_2,T45_C0p5_D100,3,600,650,persistence,0.80094,0.8215032393900978
T45_C0p5_D100_2,T45_C0p5_D100,3,600,650,local_linear,0.80094,0.8113326709855567
T45_C0p5_D100_2,T45_C0p5_D100,3,600,650,ridge,0.80094,0.8000584627714787
T45_C0p5_D100_2,T45_C0p5_D100,3,600,650,random_forest,0.80094,0.8015758226887175
T45_C0p5_D100_2,T45_C0p5_D100,3,650,700,persistence,0.793425,0.8098069282905505
T45_C0p5_D100_2,T45_C0p5_D100,3,650,700,local_linear,0.793425,0.8018200984739944
T45_C0p5_D100_2,T45_C0p5_D100,3,650,700,ridge,0.793425,0.7902513436997471
T45_C0p5_D100_2,T45_C0p5_D100,3,650,700,random_forest,0.793425,0.7870194445227342
T45_C0p5_D100_2,T45_C0p5_D100,3,700,750,persistence,0.778925,0.8085327620344587
T45_C0p5_D100_2,T45_C0p5_D100,3,700,750,local_linear,0.778925,0.8004291743438545
T45_C0p5_D100_2,T45_C0p5_D100,3,700,750,ridge,0.778925,0.7884493805548318
T45_C0p5_D100_2,T45_C0p5_D100,3,700,750,random_forest,0.778925,0.7870834629328398
T45_C0p5_D100_2,T45_C0p5_D100,3,750,800,persistence,0.7649,0.790362745260858
T45_C0p5_D100_2,T45_C0p5_D100,3,750,800,local_linear,0.7649,0.7800386987010545
T45_C0p5_D100_2,T45_C0p5_D100,3,750,800,ridge,0.7649,0.7699908575933101
T45_C0p5_D100_2,T45_C0p5_D100,3,750,800,random_forest,0.7649,0.7641180686312992
T45_C0p5_D100_2,T45_C0p5_D100,3,800,850,persistence,0.751306,0.775413204458936
T45_C0p5_D100_2,T45_C0p5_D100,3,800,850,local_linear,0.751306,0.7609413183887904
T45_C0p5_D100_2,T45_C0p5_D100,3,800,850,ridge,0.751306,0.7542113048603608
T45_C0p5_D100_2,T45_C0p5_D100,3,800,850,random_forest,0.751306,0.7517823872956721
T45_C0p5_D100_2,T45_C0p5_D100,3,850,900,persistence,0.738107,0.7606209738283851
T45_C0p5_D100_2,T45_C0p5_D100,3,850,900,local_linear,0.738107,0.7464339585568656
T45_C0p5_D100_2,T45_C0p5_D100,3,850,900,ridge,0.738107,0.7393737870028383
T45_C0p5_D100_2,T45_C0p5_D100,3,850,900,random_forest,0.738107,0.7365010517628893
T45_C0p5_D100_2,T45_C0p5_D100,3,900,950,persistence,0.72527,0.7478719301450575
T45_C0p5_D100_2,T45_C0p5_D100,3,900,950,local_linear,0.72527,0.733403749445975
T45_C0p5_D100_2,T45_C0p5_D100,3,900,950,ridge,0.72527,0.7275839887664308
T45_C0p5_D100_2,T45_C0p5_D100,3,900,950,random_forest,0.72527,0.7242181513059165
T45_C0p5_D100_2,T45_C0p5_D100,3,950,1000,persistence,0.712767,0.7384337811829356
T45_C0p5_D100_2,T45_C0p5_D100,3,950,1000,local_linear,0.712767,0.7257389749360175
T45_C0p5_D100_2,T45_C0p5_D100,3,950,1000,ridge,0.712767,0.7192093669620145
T45_C0p5_D100_2,T45_C0p5_D100,3,950,1000,random_forest,0.712767,0.7166990887414325
T45_C0p5_D50_3,T45_C0p5_D50,3,100,150,persistence,0.950051,0.9660076097059707
T45_C0p5_D50_3,T45_C0p5_D50,3,100,150,local_linear,0.950051,0.9489864235749315
T45_C0p5_D50_3,T45_C0p5_D50,3,100,150,ridge,0.950051,0.9436199727544395
T45_C0p5_D50_3,T45_C0p5_D50,3,100,150,random_forest,0.950051,0.94784871481907
T45_C0p5_D50_3,T45_C0p5_D50,3,150,200,persistence,0.942324,0.9498611107026962
T45_C0p5_D50_3,T45_C0p5_D50,3,150,200,local_linear,0.942324,0.9393322537863145
T45_C0p5_D50_3,T45_C0p5_D50,3,150,200,ridge,0.942324,0.9320207459755724
T45_C0p5_D50_3,T45_C0p5_D50,3,150,200,random_forest,0.942324,0.9369498239968369
T45_C0p5_D50_3,T45_C0p5_D50,3,200,250,persistence,0.935516,0.9510079398537565
T45_C0p5_D50_3,T45_C0p5_D50,3,200,250,local_linear,0.935516,0.9438563604704987
T45_C0p5_D50_3,T45_C0p5_D50,3,200,250,ridge,0.935516,0.9336139821695736
T45_C0p5_D50_3,T45_C0p5_D50,3,200,250,random_forest,0.935516,0.9398784642257395
T45_C0p5_D50_3,T45_C0p5_D50,3,250,300,persistence,0.929362,0.9400010532650012
T45_C0p5_D50_3,T45_C0p5_D50,3,250,300,local_linear,0.929362,0.9328636760943726
T45_C0p5_D50_3,T45_C0p5_D50,3,250,300,ridge,0.929362,0.9236290987736617
T45_C0p5_D50_3,T45_C0p5_D50,3,250,300,random_forest,0.929362,0.9275728846345148
T45_C0p5_D50_3,T45_C0p5_D50,3,300,350,persistence,0.923702,0.9316380222249608
T45_C0p5_D50_3,T45_C0p5_D50,3,300,350,local_linear,0.923702,0.9244160187250636
T45_C0p5_D50_3,T45_C0p5_D50,3,300,350,ridge,0.923702,0.9149474797064673
T45_C0p5_D50_3,T45_C0p5_D50,3,300,350,random_forest,0.923702,0.9173408643179564
T45_C0p5_D50_3,T45_C0p5_D50,3,350,400,persistence,0.918434,0.932963959891455
T45_C0p5_D50_3,T45_C0p5_D50,3,350,400,local_linear,0.918434,0.9268668086548338
T45_C0p5_D50_3,T45_C0p5_D50,3,350,400,ridge,0.918434,0.9168518543932894
T45_C0p5_D50_3,T45_C0p5_D50,3,350,400,random_forest,0.918434,0.9226445932688492
T45_C0p5_D50_3,T45_C0p5_D50,3,400,450,persistence,0.913486,0.9291395920977322
T45_C0p5_D50_3,T45_C0p5_D50,3,400,450,local_linear,0.913486,0.9242433887580335
T45_C0p5_D50_3,T45_C0p5_D50,3,400,450,ridge,0.913486,0.912689787694869
T45_C0p5_D50_3,T45_C0p5_D50,3,400,450,random_forest,0.913486,0.9150666458236382
T45_C0p5_D50_3,T45_C0p5_D50,3,450,500,persistence,0.908806,0.9241159992290313
T45_C0p5_D50_3,T45_C0p5_D50,3,450,500,local_linear,0.908806,0.9201257905737851
T45_C0p5_D50_3,T45_C0p5_D50,3,450,500,ridge,0.908806,0.9080658104565187
T45_C0p5_D50_3,T45_C0p5_D50,3,450,500,random_forest,0.908806,0.9127790690746058
T45_C0p5_D50_3,T45_C0p5_D50,3,500,550,persistence,0.904355,0.9161721355803343
T45_C0p5_D50_3,T45_C0p5_D50,3,500,550,local_linear,0.904355,0.9112864191572644
T45_C0p5_D50_3,T45_C0p5_D50,3,500,550,ridge,0.904355,0.9001606402296126
T45_C0p5_D50_3,T45_C0p5_D50,3,500,550,random_forest,0.904355,0.9023897504496711
T45_C0p5_D50_3,T45_C0p5_D50,3,550,600,persistence,0.900102,0.9095681105575381
T45_C0p5_D50_3,T45_C0p5_D50,3,550,600,local_linear,0.900102,0.9058614902647529
T45_C0p5_D50_3,T45_C0p5_D50,3,550,600,ridge,0.900102,0.8957824449827411
T45_C0p5_D50_3,T45_C0p5_D50,3,550,600,random_forest,0.900102,0.8996995087908617
T45_C0p5_D50_3,T45_C0p5_D50,3,600,650,persistence,0.896023,0.9120740258167549
T45_C0p5_D50_3,T45_C0p5_D50,3,600,650,local_linear,0.896023,0.9062769532680931
T45_C0p5_D50_3,T45_C0p5_D50,3,600,650,ridge,0.896023,0.89636720012133
T45_C0p5_D50_3,T45_C0p5_D50,3,600,650,random_forest,0.896023,0.9017230092210046
T45_C0p5_D50_3,T45_C0p5_D50,3,650,700,persistence,0.892098,0.8988686490325868
T45_C0p5_D50_3,T45_C0p5_D50,3,650,700,local_linear,0.892098,0.8944467191642707
T45_C0p5_D50_3,T45_C0p5_D50,3,650,700,ridge,0.892098,0.8849683559174735
T45_C0p5_D50_3,T45_C0p5_D50,3,650,700,random_forest,0.892098,0.8850724359243707
T45_C0p5_D50_3,T45_C0p5_D50,3,700,750,persistence,0.888311,0.9009356147659199
T45_C0p5_D50_3,T45_C0p5_D50,3,700,750,local_linear,0.888311,0.8975442859676014
T45_C0p5_D50_3,T45_C0p5_D50,3,700,750,ridge,0.888311,0.8862811033236708
T45_C0p5_D50_3,T45_C0p5_D50,3,700,750,random_forest,0.888311,0.8872117538676433
T45_C0p5_D50_3,T45_C0p5_D50,3,750,800,persistence,0.884648,0.8895614220574543
T45_C0p5_D50_3,T45_C0p5_D50,3,750,800,local_linear,0.884648,0.8839495676256585
T45_C0p5_D50_3,T45_C0p5_D50,3,750,800,ridge,0.884648,0.8766004016270614
T45_C0p5_D50_3,T45_C0p5_D50,3,750,800,random_forest,0.884648,0.877414674010191
T45_C0p5_D50_3,T45_C0p5_D50,3,800,850,persistence,0.881098,0.892123475806583
T45_C0p5_D50_3,T45_C0p5_D50,3,800,850,local_linear,0.881098,0.888460201649746
T45_C0p5_D50_3,T45_C0p5_D50,3,800,850,ridge,0.881098,0.878661083236975
T45_C0p5_D50_3,T45_C0p5_D50,3,800,850,random_forest,0.881098,0.8794309379301952
T45_C0p5_D50_3,T45_C0p5_D50,3,850,900,persistence,0.877651,0.8756551161278129
T45_C0p5_D50_3,T45_C0p5_D50,3,850,900,local_linear,0.877651,0.8704235310081803
T45_C0p5_D50_3,T45_C0p5_D50,3,850,900,ridge,0.877651,0.8639169359705009
T45_C0p5_D50_3,T45_C0p5_D50,3,850,900,random_forest,0.877651,0.8640364990717098
T45_C0p5_D50_3,T45_C0p5_D50,3,900,950,persistence,0.874298,0.8856675494666977
T45_C0p5_D50_3,T45_C0p5_D50,3,900,950,local_linear,0.874298,0.8833298814053158
T45_C0p5_D50_3,T45_C0p5_D50,3,900,950,ridge,0.874298,0.8724456892560827
T45_C0p5_D50_3,T45_C0p5_D50,3,900,950,random_forest,0.874298,0.8719748833491167
T45_C0p5_D50_3,T45_C0p5_D50,3,950,1000,persistence,0.871032,0.8787010301947551
T45_C0p5_D50_3,T45_C0p5_D50,3,950,1000,local_linear,0.871032,0.8733417368080194
T45_C0p5_D50_3,T45_C0p5_D50,3,950,1000,ridge,0.871032,0.8638409577446267
T45_C0p5_D50_3,T45_C0p5_D50,3,950,1000,random_forest,0.871032,0.8656774426587303
T45_C1_D100_0,T45_C1_D100,3,100,150,persistence,0.907707,0.9375044485529443
T45_C1_D100_0,T45_C1_D100,3,100,150,local_linear,0.907707,0.9056681883621682
T45_C1_D100_0,T45_C1_D100,3,100,150,ridge,0.907707,0.902906716013784
T45_C1_D100_0,T45_C1_D100,3,100,150,random_forest,0.907707,0.9052599456423611
T45_C1_D100_0,T45_C1_D100,3,150,200,persistence,0.893429,0.9180171903484196
T45_C1_D100_0,T45_C1_D100,3,150,200,local_linear,0.893429,0.8987379914248349
T45_C1_D100_0,T45_C1_D100,3,150,200,ridge,0.893429,0.8887851399114753
T45_C1_D100_0,T45_C1_D100,3,150,200,random_forest,0.893429,0.8905708382399894
T45_C1_D100_0,T45_C1_D100,3,200,250,persistence,0.88085,0.9069085362316749
T45_C1_D100_0,T45_C1_D100,3,200,250,local_linear,0.88085,0.8908860503921912
T45_C1_D100_0,T45_C1_D100,3,200,250,ridge,0.88085,0.8790910186779793
T45_C1_D100_0,T45_C1_D100,3,200,250,random_forest,0.88085,0.878088277051317
T45_C1_D100_0,T45_C1_D100,3,250,300,persistence,0.869478,0.8893813009557202
T45_C1_D100_0,T45_C1_D100,3,250,300,local_linear,0.869478,0.8762540327177187
T45_C1_D100_0,T45_C1_D100,3,250,300,ridge,0.869478,0.864322509321604
T45_C1_D100_0,T45_C1_D100,3,250,300,random_forest,0.869478,0.8643476633220597
T45_C1_D100_0,T45_C1_D100,3,300,350,persistence,0.85902,0.8858639995359574
T45_C1_D100_0,T45_C1_D100,3,300,350,local_linear,0.85902,0.8747444331452919
T45_C1_D100_0,T45_C1_D100,3,300,350,ridge,0.85902,0.8595945375475114
T45_C1_D100_0,T45_C1_D100,3,300,350,random_forest,0.85902,0.8618974985732327
T45_C1_D100_0,T45_C1_D100,3,350,400,persistence,0.849286,0.8730754705080888
T45_C1_D100_0,T45_C1_D100,3,350,400,local_linear,0.849286,0.8620916250873278
T45_C1_D100_0,T45_C1_D100,3,350,400,ridge,0.849286,0.846562453490033
T45_C1_D100_0,T45_C1_D100,3,350,400,random_forest,0.849286,0.8464797760854076
T45_C1_D100_0,T45_C1_D100,3,400,450,persistence,0.840144,0.8619242622621117
T45_C1_D100_0,T45_C1_D100,3,400,450,local_linear,0.840144,0.8523562861304859
T45_C1_D100_0,T45_C1_D100,3,400,450,ridge,0.840144,0.8356238982944736
T45_C1_D100_0,T45_C1_D100,3,400,450,random_forest,0.840144,0.8365298805869484
T45_C1_D100_0,T45_C1_D100,3,450,500,persistence,0.831497,0.85164946643961
T45_C1_D100_0,T45_C1_D100,3,450,500,local_linear,0.831497,0.840679610719993
T45_C1_D100_0,T45_C1_D100,3,450,500,ridge,0.831497,0.8257600190112243
T45_C1_D100_0,T45_C1_D100,3,450,500,random_forest,0.831497,0.8269164376265229
T45_C1_D100_0,T45_C1_D100,3,500,550,persistence,0.823272,0.8423822916057168
T45_C1_D100_0,T45_C1_D100,3,500,550,local_linear,0.823272,0.8336737455819807
T45_C1_D100_0,T45_C1_D100,3,500,550,ridge,0.823272,0.8172158905159191
T45_C1_D100_0,T45_C1_D100,3,500,550,random_forest,0.823272,0.8191909846061318
T45_C1_D100_0,T45_C1_D100,3,550,600,persistence,0.815414,0.8363933045130427
T45_C1_D100_0,T45_C1_D100,3,550,600,local_linear,0.815414,0.8269787919420573
T45_C1_D100_0,T45_C1_D100,3,550,600,ridge,0.815414,0.8107611884600417
T45_C1_D100_0,T45_C1_D100,3,550,600,random_forest,0.815414,0.8131040884837475
T45_C1_D100_0,T45_C1_D100,3,600,650,persistence,0.807877,0.8268697917102024
T45_C1_D100_0,T45_C1_D100,3,600,650,local_linear,0.807877,0.8190437757258014
T45_C1_D100_0,T45_C1_D100,3,600,650,ridge,0.807877,0.8020358675284143
T45_C1_D100_0,T45_C1_D100,3,600,650,random_forest,0.807877,0.8034701106114719
T45_C1_D100_0,T45_C1_D100,3,650,700,persistence,0.800624,0.819101130141419
T45_C1_D100_0,T45_C1_D100,3,650,700,local_linear,0.800624,0.8116502550738444
T45_C1_D100_0,T45_C1_D100,3,650,700,ridge,0.800624,0.7945023202873117
T45_C1_D100_0,T45_C1_D100,3,650,700,random_forest,0.800624,0.7972106212536076
T45_C1_D100_0,T45_C1_D100,3,700,750,persistence,0.786629,0.8083947138652752
T45_C1_D100_0,T45_C1_D100,3,700,750,local_linear,0.786629,0.7991254577743577
T45_C1_D100_0,T45_C1_D100,3,700,750,ridge,0.786629,0.7838115465880671
T45_C1_D100_0,T45_C1_D100,3,700,750,random_forest,0.786629,0.7841037799898711
T45_C1_D100_0,T45_C1_D100,3,750,800,persistence,0.773093,0.8027355212741517
T45_C1_D100_0,T45_C1_D100,3,750,800,local_linear,0.773093,0.7946188980931906
T45_C1_D100_0,T45_C1_D100,3,750,800,ridge,0.773093,0.775955628839096
T45_C1_D100_0,T45_C1_D100,3,750,800,random_forest,0.773093,0.7760635369866071
T45_C1_D100_0,T45_C1_D100,3,800,850,persistence,0.759973,0.785537573902971
T45_C1_D100_0,T45_C1_D100,3,800,850,local_linear,0.759973,0.7700693651267767
T45_C1_D100_0,T45_C1_D100,3,800,850,ridge,0.759973,0.7565884147210993
T45_C1_D100_0,T45_C1_D100,3,800,850,random_forest,0.759973,0.7569200008184526
T45_C1_D100_0,T45_C1_D100,3,850,900,persistence,0.747234,0.770050910443062
T45_C1_D100_0,T45_C1_D100,3,850,900,local_linear,0.747234,0.7562145150897426
T45_C1_D100_0,T45_C1_D100,3,850,900,ridge,0.747234,0.7433895004268278
T45_C1_D100_0,T45_C1_D100,3,850,900,random_forest,0.747234,0.7423828276539944
T45_C1_D100_0,T45_C1_D100,3,900,950,persistence,0.734845,0.7552410602766576
T45_C1_D100_0,T45_C1_D100,3,900,950,local_linear,0.734845,0.742483685354609
T45_C1_D100_0,T45_C1_D100,3,900,950,ridge,0.734845,0.7288010306855944
T45_C1_D100_0,T45_C1_D100,3,900,950,random_forest,0.734845,0.7297328053034813
T45_C1_D100_0,T45_C1_D100,3,950,1000,persistence,0.722777,0.7410517911615581
T45_C1_D100_0,T45_C1_D100,3,950,1000,local_linear,0.722777,0.7262018736435576
T45_C1_D100_0,T45_C1_D100,3,950,1000,ridge,0.722777,0.7152618878020857
T45_C1_D100_0,T45_C1_D100,3,950,1000,random_forest,0.722777,0.7158610644663149
T45_C1_D50_1,T45_C1_D50,3,100,150,persistence,0.945056,0.9582374330322053
T45_C1_D50_1,T45_C1_D50,3,100,150,local_linear,0.945056,0.9386713120471405
T45_C1_D50_1,T45_C1_D50,3,100,150,ridge,0.945056,0.936436933399608
T45_C1_D50_1,T45_C1_D50,3,100,150,random_forest,0.945056,0.9427757322648359
T45_C1_D50_1,T45_C1_D50,3,150,200,persistence,0.936556,0.9494177254273617
T45_C1_D50_1,T45_C1_D50,3,150,200,local_linear,0.936556,0.9370562477685516
T45_C1_D50_1,T45_C1_D50,3,150,200,ridge,0.936556,0.9306317358834061
T45_C1_D50_1,T45_C1_D50,3,150,200,random_forest,0.936556,0.9361109311201302
T45_C1_D50_1,T45_C1_D50,3,200,250,persistence,0.929067,0.940733934460997
T45_C1_D50_1,T45_C1_D50,3,200,250,local_linear,0.929067,0.9312316681766384
T45_C1_D50_1,T45_C1_D50,3,200,250,ridge,0.929067,0.922481783459809
T45_C1_D50_1,T45_C1_D50,3,200,250,random_forest,0.929067,0.9231514786487984
T45_C1_D50_1,T45_C1_D50,3,250,300,persistence,0.922297,0.9321640057351693
T45_C1_D50_1,T45_C1_D50,3,250,300,local_linear,0.922297,0.9241468314481801
T45_C1_D50_1,T45_C1_D50,3,250,300,ridge,0.922297,0.9154104767382836
T45_C1_D50_1,T45_C1_D50,3,250,300,random_forest,0.922297,0.9183644927207337
T45_C1_D50_1,T45_C1_D50,3,300,350,persistence,0.916071,0.9236243376948898
T45_C1_D50_1,T45_C1_D50,3,300,350,local_linear,0.916071,0.9166343815503807
T45_C1_D50_1,T45_C1_D50,3,300,350,ridge,0.916071,0.9084644961532126
T45_C1_D50_1,T45_C1_D50,3,300,350,random_forest,0.916071,0.9104813833301767
T45_C1_D50_1,T45_C1_D50,3,350,400,persistence,0.910276,0.9215809720809274
T45_C1_D50_1,T45_C1_D50,3,350,400,local_linear,0.910276,0.9154822998977254
T45_C1_D50_1,T45_C1_D50,3,350,400,ridge,0.910276,0.9062057300544655
T45_C1_D50_1,T45_C1_D50,3,350,400,random_forest,0.910276,0.9085554805699856
T45_C1_D50_1,T45_C1_D50,3,400,450,persistence,0.904833,0.9176829854679469
T45_C1_D50_1,T45_C1_D50,3,400,450,local_linear,0.904833,0.91171893899638
T45_C1_D50_1,T45_C1_D50,3,400,450,ridge,0.904833,0.9017022686161499
T45_C1_D50_1,T45_C1_D50,3,400,450,random_forest,0.904833,0.9055459631035804
T45_C1_D50_1,T45_C1_D50,3,450,500,persistence,0.899686,0.9133213436052119
T45_C1_D50_1,T45_C1_D50,3,450,500,local_linear,0.899686,0.9078901199944023
T45_C1_D50_1,T45_C1_D50,3,450,500,ridge,0.899686,0.8985408353518436
T45_C1_D50_1,T45_C1_D50,3,450,500,random_forest,0.899686,0.9016694044415996
T45_C1_D50_1,T45_C1_D50,3,500,550,persistence,0.894789,0.90639369818659
T45_C1_D50_1,T45_C1_D50,3,500,550,local_linear,0.894789,0.9005624285190376
T45_C1_D50_1,T45_C1_D50,3,500,550,ridge,0.894789,0.8911593111076814
T45_C1_D50_1,T45_C1_D50,3,500,550,random_forest,0.894789,0.893390548400497
T45_C1_D50_1,T45_C1_D50,3,550,600,persistence,0.890111,0.9027854961047062
T45_C1_D50_1,T45_C1_D50,3,550,600,local_linear,0.890111,0.8986040806478987
T45_C1_D50_1,T45_C1_D50,3,550,600,ridge,0.890111,0.8892035068278688
T45_C1_D50_1,T45_C1_D50,3,550,600,random_forest,0.890111,0.8902466042656474
T45_C1_D50_1,T45_C1_D50,3,600,650,persistence,0.885624,0.8989567500434036
T45_C1_D50_1,T45_C1_D50,3,600,650,local_linear,0.885624,0.8953095631711249
T45_C1_D50_1,T45_C1_D50,3,600,650,ridge,0.885624,0.8845329972805869
T45_C1_D50_1,T45_C1_D50,3,600,650,random_forest,0.885624,0.885551261204178
T45_C1_D50_1,T45_C1_D50,3,650,700,persistence,0.881306,0.8987377447429112
T45_C1_D50_1,T45_C1_D50,3,650,700,local_linear,0.881306,0.8966193479494088
T45_C1_D50_1,T45_C1_D50,3,650,700,ridge,0.881306,0.8851243774188244
T45_C1_D50_1,T45_C1_D50,3,650,700,random_forest,0.881306,0.8856172943681319
T45_C1_D50_1,T45_C1_D50,3,700,750,persistence,0.87714,0.8917500908461683
T45_C1_D50_1,T45_C1_D50,3,700,750,local_linear,0.87714,0.8868236545628103
T45_C1_D50_1,T45_C1_D50,3,700,750,ridge,0.87714,0.8769013295737456
T45_C1_D50_1,T45_C1_D50,3,700,750,random_forest,0.87714,0.8778010862265516
T45_C1_D50_1,T45_C1_D50,3,750,800,persistence,0.873111,0.885787197114259
T45_C1_D50_1,T45_C1_D50,3,750,800,local_linear,0.873111,0.8813377500669495
T45_C1_D50_1,T45_C1_D50,3,750,800,ridge,0.873111,0.8710437478041557
T45_C1_D50_1,T45_C1_D50,3,750,800,random_forest,0.873111,0.8715552527946879
T45_C1_D50_1,T45_C1_D50,3,800,850,persistence,0.869206,0.8833945513840545
T45_C1_D50_1,T45_C1_D50,3,800,850,local_linear,0.869206,0.88008558380555
T45_C1_D50_1,T45_C1_D50,3,800,850,ridge,0.869206,0.8700702952469654
T45_C1_D50_1,T45_C1_D50,3,800,850,random_forest,0.869206,0.8712783108624194
T45_C1_D50_1,T45_C1_D50,3,850,900,persistence,0.865414,0.8804172076619031
T45_C1_D50_1,T45_C1_D50,3,850,900,local_linear,0.865414,0.8772504687062954
T45_C1_D50_1,T45_C1_D50,3,850,900,ridge,0.865414,0.8665570160957449
T45_C1_D50_1,T45_C1_D50,3,850,900,random_forest,0.865414,0.867897839977904
T45_C1_D50_1,T45_C1_D50,3,900,950,persistence,0.861726,0.87629354813975
T45_C1_D50_1,T45_C1_D50,3,900,950,local_linear,0.861726,0.874794766993474
T45_C1_D50_1,T45_C1_D50,3,900,950,ridge,0.861726,0.8640958650534984
T45_C1_D50_1,T45_C1_D50,3,900,950,random_forest,0.861726,0.86464957716334
T45_C1_D50_1,T45_C1_D50,3,950,1000,persistence,0.858134,0.8669142742987536
T45_C1_D50_1,T45_C1_D50,3,950,1000,local_linear,0.858134,0.8636814078502415
T45_C1_D50_1,T45_C1_D50,3,950,1000,ridge,0.858134,0.8543379285718635
T45_C1_D50_1,T45_C1_D50,3,950,1000,random_forest,0.858134,0.8534206053625539
T45_C1_D80_2,T45_C1_D80,3,100,150,persistence,0.920839,0.9605665306739876
T45_C1_D80_2,T45_C1_D80,3,100,150,local_linear,0.920839,0.9365016347593765
T45_C1_D80_2,T45_C1_D80,3,100,150,ridge,0.920839,0.927523106607033
T45_C1_D80_2,T45_C1_D80,3,100,150,random_forest,0.920839,0.9294214886035318
T45_C1_D80_2,T45_C1_D80,3,150,200,persistence,0.908593,0.9434334100876121
T45_C1_D80_2,T45_C1_D80,3,150,200,local_linear,0.908593,0.9258992213966125
T45_C1_D80_2,T45_C1_D80,3,150,200,ridge,0.908593,0.9138687862823408
T45_C1_D80_2,T45_C1_D80,3,150,200,random_forest,0.908593,0.9142198541903414
T45_C1_D80_2,T45_C1_D80,3,200,250,persistence,0.897803,0.9226243351877951
T45_C1_D80_2,T45_C1_D80,3,200,250,local_linear,0.897803,0.9084289846797615
T45_C1_D80_2,T45_C1_D80,3,200,250,ridge,0.897803,0.8962340874060116
T45_C1_D80_2,T45_C1_D80,3,200,250,random_forest,0.897803,0.8955756148194162
T45_C1_D80_2,T45_C1_D80,3,250,300,persistence,0.888049,0.9254085400087959
T45_C1_D80_2,T45_C1_D80,3,250,300,local_linear,0.888049,0.9153576146104166
T45_C1_D80_2,T45_C1_D80,3,250,300,ridge,0.888049,0.8983960806327539
T45_C1_D80_2,T45_C1_D80,3,250,300,random_forest,0.888049,0.8998032830606716
T45_C1_D80_2,T45_C1_D80,3,300,350,persistence,0.879079,0.9105322966965865
T45_C1_D80_2,T45_C1_D80,3,300,350,local_linear,0.879079,0.8999973648944193
T45_C1_D80_2,T45_C1_D80,3,300,350,ridge,0.879079,0.8845961155178298
T45_C1_D80_2,T45_C1_D80,3,300,350,random_forest,0.879079,0.8881262007440478
T45_C1_D80_2,T45_C1_D80,3,350,400,persistence,0.87073,0.900649004279181
T45_C1_D80_2,T45_C1_D80,3,350,400,local_linear,0.87073,0.8916113669420045
T45_C1_D80_2,T45_C1_D80,3,350,400,ridge,0.87073,0.875292873479853
T45_C1_D80_2,T45_C1_D80,3,350,400,random_forest,0.87073,0.879736023064799
T45_C1_D80_2,T45_C1_D80,3,400,450,persistence,0.862889,0.8893979395086017
T45_C1_D80_2,T45_C1_D80,3,400,450,local_linear,0.862889,0.8828456156706396
T45_C1_D80_2,T45_C1_D80,3,400,450,ridge,0.862889,0.8658599644272486
T45_C1_D80_2,T45_C1_D80,3,400,450,random_forest,0.862889,0.8703094708394208
T45_C1_D80_2,T45_C1_D80,3,450,500,persistence,0.855472,0.8832212784334406
T45_C1_D80_2,T45_C1_D80,3,450,500,local_linear,0.855472,0.8747434001502655
T45_C1_D80_2,T45_C1_D80,3,450,500,ridge,0.855472,0.8572705160472093
T45_C1_D80_2,T45_C1_D80,3,450,500,random_forest,0.855472,0.8628805460342261
T45_C1_D80_2,T45_C1_D80,3,500,550,persistence,0.848418,0.8727672874974448
T45_C1_D80_2,T45_C1_D80,3,500,550,local_linear,0.848418,0.8644354378000354
T45_C1_D80_2,T45_C1_D80,3,500,550,ridge,0.848418,0.848624473120392
T45_C1_D80_2,T45_C1_D80,3,500,550,random_forest,0.848418,0.8525281582447237
T45_C1_D80_2,T45_C1_D80,3,550,600,persistence,0.841678,0.8683709519214267
T45_C1_D80_2,T45_C1_D80,3,550,600,local_linear,0.841678,0.8620579793348176
T45_C1_D80_2,T45_C1_D80,3,550,600,ridge,0.841678,0.8442341868957829
T45_C1_D80_2,T45_C1_D80,3,550,600,random_forest,0.841678,0.8475125074134198
T45_C1_D80_2,T45_C1_D80,3,600,650,persistence,0.835213,0.8582797961881676
T45_C1_D80_2,T45_C1_D80,3,600,650,local_linear,0.835213,0.8527694931684205
T45_C1_D80_2,T45_C1_D80,3,600,650,ridge,0.835213,0.8351867099546278
T45_C1_D80_2,T45_C1_D80,3,600,650,random_forest,0.835213,0.8419847203050598
T45_C1_D80_2,T45_C1_D80,3,650,700,persistence,0.828992,0.8548254569621121
T45_C1_D80_2,T45_C1_D80,3,650,700,local_linear,0.828992,0.8471350125626186
T45_C1_D80_2,T45_C1_D80,3,650,700,ridge,0.828992,0.8310006569164186
T45_C1_D80_2,T45_C1_D80,3,650,700,random_forest,0.828992,0.8353181968342248
T45_C1_D80_2,T45_C1_D80,3,700,750,persistence,0.82299,0.8488069412595725
T45_C1_D80_2,T45_C1_D80,3,700,750,local_linear,0.82299,0.8417529054810552
T45_C1_D80_2,T45_C1_D80,3,700,750,ridge,0.82299,0.8233823023226858
T45_C1_D80_2,T45_C1_D80,3,700,750,random_forest,0.82299,0.8253073060797707
T45_C1_D80_2,T45_C1_D80,3,750,800,persistence,0.817185,0.8452526372327628
T45_C1_D80_2,T45_C1_D80,3,750,800,local_linear,0.817185,0.8398990313792742
T45_C1_D80_2,T45_C1_D80,3,750,800,ridge,0.817185,0.8213971958369506
T45_C1_D80_2,T45_C1_D80,3,750,800,random_forest,0.817185,0.8247857331538597
T45_C1_D80_2,T45_C1_D80,3,800,850,persistence,0.811559,0.8328654645678996
T45_C1_D80_2,T45_C1_D80,3,800,850,local_linear,0.811559,0.8280203602132875
T45_C1_D80_2,T45_C1_D80,3,800,850,ridge,0.811559,0.8108681521272142
T45_C1_D80_2,T45_C1_D80,3,800,850,random_forest,0.811559,0.8124347869890866
T45_C1_D80_2,T45_C1_D80,3,850,900,persistence,0.803383,0.8281300949321814
T45_C1_D80_2,T45_C1_D80,3,850,900,local_linear,0.803383,0.8210309035524148
T45_C1_D80_2,T45_C1_D80,3,850,900,ridge,0.803383,0.8034200049816008
T45_C1_D80_2,T45_C1_D80,3,850,900,random_forest,0.803383,0.803306963519345
T45_C1_D80_2,T45_C1_D80,3,900,950,persistence,0.792757,0.8248042818785237
T45_C1_D80_2,T45_C1_D80,3,900,950,local_linear,0.792757,0.820888670041728
T45_C1_D80_2,T45_C1_D80,3,900,950,ridge,0.792757,0.8020918292924469
T45_C1_D80_2,T45_C1_D80,3,900,950,random_forest,0.792757,0.8003783586458335
T45_C1_D80_2,T45_C1_D80,3,950,1000,persistence,0.782406,0.8070264147729993
T45_C1_D80_2,T45_C1_D80,3,950,1000,local_linear,0.782406,0.7949393190040774
T45_C1_D80_2,T45_C1_D80,3,950,1000,ridge,0.782406,0.7815977500173403
T45_C1_D80_2,T45_C1_D80,3,950,1000,random_forest,0.782406,0.7816459834857504
T45_C2_D100_3,T45_C2_D100,3,100,150,persistence,0.89785,0.9347181168899094
T45_C2_D100_3,T45_C2_D100,3,100,150,local_linear,0.89785,0.9009934003147793
T45_C2_D100_3,T45_C2_D100,3,100,150,ridge,0.89785,0.8960845591691244
T45_C2_D100_3,T45_C2_D100,3,100,150,random_forest,0.89785,0.9020252106125992
T45_C2_D100_3,T45_C2_D100,3,150,200,persistence,0.882047,0.9123832518976791
T45_C2_D100_3,T45_C2_D100,3,150,200,local_linear,0.882047,0.8908186940732169
T45_C2_D100_3,T45_C2_D100,3,150,200,ridge,0.882047,0.8813877929451074
T45_C2_D100_3,T45_C2_D100,3,150,200,random_forest,0.882047,0.8835850903314393
T45_C2_D100_3,T45_C2_D100,3,200,250,persistence,0.868125,0.89458782703218
T45_C2_D100_3,T45_C2_D100,3,200,250,local_linear,0.868125,0.8767211341334131
T45_C2_D100_3,T45_C2_D100,3,200,250,ridge,0.868125,0.8648405773529785
T45_C2_D100_3,T45_C2_D100,3,200,250,random_forest,0.868125,0.8663844500243509
T45_C2_D100_3,T45_C2_D100,3,250,300,persistence,0.855538,0.8805241357594005
T45_C2_D100_3,T45_C2_D100,3,250,300,local_linear,0.855538,0.866552742707155
T45_C2_D100_3,T45_C2_D100,3,250,300,ridge,0.855538,0.8530403321005515
T45_C2_D100_3,T45_C2_D100,3,250,300,random_forest,0.855538,0.8553722314076028
T45_C2_D100_3,T45_C2_D100,3,300,350,persistence,0.843963,0.8799687701185248
T45_C2_D100_3,T45_C2_D100,3,300,350,local_linear,0.843963,0.8681574040074118
T45_C2_D100_3,T45_C2_D100,3,300,350,ridge,0.843963,0.8520907874220855
T45_C2_D100_3,T45_C2_D100,3,300,350,random_forest,0.843963,0.8538251457693002
T45_C2_D100_3,T45_C2_D100,3,350,400,persistence,0.83319,0.864087469549248
T45_C2_D100_3,T45_C2_D100,3,350,400,local_linear,0.83319,0.8514434218783485
T45_C2_D100_3,T45_C2_D100,3,350,400,ridge,0.83319,0.8365508764959969
T45_C2_D100_3,T45_C2_D100,3,350,400,random_forest,0.83319,0.8375345524687123
T45_C2_D100_3,T45_C2_D100,3,400,450,persistence,0.823071,0.8531057879883578
T45_C2_D100_3,T45_C2_D100,3,400,450,local_linear,0.823071,0.8409359110386433
T45_C2_D100_3,T45_C2_D100,3,400,450,ridge,0.823071,0.8263143919928829
T45_C2_D100_3,T45_C2_D100,3,400,450,random_forest,0.823071,0.8286483152092703
T45_C2_D100_3,T45_C2_D100,3,450,500,persistence,0.8135,0.8381486589806938
T45_C2_D100_3,T45_C2_D100,3,450,500,local_linear,0.8135,0.8269919904662184
T45_C2_D100_3,T45_C2_D100,3,450,500,ridge,0.8135,0.8136228640769061
T45_C2_D100_3,T45_C2_D100,3,450,500,random_forest,0.8135,0.8176928563338051
T45_C2_D100_3,T45_C2_D100,3,500,550,persistence,0.804397,0.826709205158538
T45_C2_D100_3,T45_C2_D100,3,500,550,local_linear,0.804397,0.8150873747466171
T45_C2_D100_3,T45_C2_D100,3,500,550,ridge,0.804397,0.8005647850434153
T45_C2_D100_3,T45_C2_D100,3,500,550,random_forest,0.804397,0.8020452300685426
T45_C2_D100_3,T45_C2_D100,3,550,600,persistence,0.7957,0.8247319956390318
T45_C2_D100_3,T45_C2_D100,3,550,600,local_linear,0.7957,0.8156910816049657
T45_C2_D100_3,T45_C2_D100,3,550,600,ridge,0.7957,0.7990203316380077
T45_C2_D100_3,T45_C2_D100,3,550,600,random_forest,0.7957,0.799034189445121
T45_C2_D100_3,T45_C2_D100,3,600,650,persistence,0.787358,0.811694382827016
T45_C2_D100_3,T45_C2_D100,3,600,650,local_linear,0.787358,0.8040725897057498
T45_C2_D100_3,T45_C2_D100,3,600,650,ridge,0.787358,0.7865833933618462
T45_C2_D100_3,T45_C2_D100,3,600,650,random_forest,0.787358,0.78472777011296
T45_C2_D100_3,T45_C2_D100,3,650,700,persistence,0.77933,0.8028096109528888
T45_C2_D100_3,T45_C2_D100,3,650,700,local_linear,0.77933,0.7934214029458228
T45_C2_D100_3,T45_C2_D100,3,650,700,ridge,0.77933,0.7783335756980093
T45_C2_D100_3,T45_C2_D100,3,650,700,random_forest,0.77933,0.775368760623873
T45_C2_D100_3,T45_C2_D100,3,700,750,persistence,0.76384,0.7963560465299354
T45_C2_D100_3,T45_C2_D100,3,700,750,local_linear,0.76384,0.7892304024696116
T45_C2_D100_3,T45_C2_D100,3,700,750,ridge,0.76384,0.7718738598221078
T45_C2_D100_3,T45_C2_D100,3,700,750,random_forest,0.76384,0.7710449792814302
T45_C2_D100_3,T45_C2_D100,3,750,800,persistence,0.748858,0.7815083730806186
T45_C2_D100_3,T45_C2_D100,3,750,800,local_linear,0.748858,0.7693638877225664
T45_C2_D100_3,T45_C2_D100,3,750,800,ridge,0.748858,0.7562460054769643
T45_C2_D100_3,T45_C2_D100,3,750,800,random_forest,0.748858,0.7556258948967873
T45_C2_D100_3,T45_C2_D100,3,800,850,persistence,0.734338,0.7653876721768285
T45_C2_D100_3,T45_C2_D100,3,800,850,local_linear,0.734338,0.750963743784056
T45_C2_D100_3,T45_C2_D100,3,800,850,ridge,0.734338,0.7393410248677488
T45_C2_D100_3,T45_C2_D100,3,800,850,random_forest,0.734338,0.7385845281459686
T45_C2_D100_3,T45_C2_D100,3,850,900,persistence,0.720238,0.7491111453796275
T45_C2_D100_3,T45_C2_D100,3,850,900,local_linear,0.720238,0.7337624617476808
T45_C2_D100_3,T45_C2_D100,3,850,900,ridge,0.720238,0.7219918275664867
T45_C2_D100_3,T45_C2_D100,3,850,900,random_forest,0.720238,0.718464705697601
T45_C2_D100_3,T45_C2_D100,3,900,950,persistence,0.706525,0.7336444818762085
T45_C2_D100_3,T45_C2_D100,3,900,950,local_linear,0.706525,0.7196200181681547
T45_C2_D100_3,T45_C2_D100,3,900,950,ridge,0.706525,0.7080022492575047
T45_C2_D100_3,T45_C2_D100,3,900,950,random_forest,0.706525,0.7018545957469787
T45_C2_D100_3,T45_C2_D100,3,950,1000,persistence,0.693168,0.7230779765711187
T45_C2_D100_3,T45_C2_D100,3,950,1000,local_linear,0.693168,0.7090238240909511
T45_C2_D100_3,T45_C2_D100,3,950,1000,ridge,0.693168,0.6991169044341712
T45_C2_D100_3,T45_C2_D100,3,950,1000,random_forest,0.693168,0.6959195005857685
T45_C2_D80_0,T45_C2_D80,3,100,150,persistence,0.907893,0.9408547424872462
T45_C2_D80_0,T45_C2_D80,3,100,150,local_linear,0.907893,0.9101146953124698
T45_C2_D80_0,T45_C2_D80,3,100,150,ridge,0.907893,0.9098702095702201
T45_C2_D80_0,T45_C2_D80,3,100,150,random_forest,0.907893,0.9116942093078102
T45_C2_D80_0,T45_C2_D80,3,150,200,persistence,0.893644,0.9307502665324751
T45_C2_D80_0,T45_C2_D80,3,150,200,local_linear,0.893644,0.913400266506667
T45_C2_D80_0,T45_C2_D80,3,150,200,ridge,0.893644,0.9045556277306275
T45_C2_D80_0,T45_C2_D80,3,150,200,random_forest,0.893644,0.9045822086422257
T45_C2_D80_0,T45_C2_D80,3,200,250,persistence,0.88109,0.9107872527635208
T45_C2_D80_0,T45_C2_D80,3,200,250,local_linear,0.88109,0.8950991648270674
T45_C2_D80_0,T45_C2_D80,3,200,250,ridge,0.88109,0.8866809060746115
T45_C2_D80_0,T45_C2_D80,3,200,250,random_forest,0.88109,0.8857986780287247
T45_C2_D80_0,T45_C2_D80,3,250,300,persistence,0.869741,0.8978141352349364
T45_C2_D80_0,T45_C2_D80,3,250,300,local_linear,0.869741,0.8830497068180829
T45_C2_D80_0,T45_C2_D80,3,250,300,ridge,0.869741,0.8746002288385544
T45_C2_D80_0,T45_C2_D80,3,250,300,random_forest,0.869741,0.8743003494568455
T45_C2_D80_0,T45_C2_D80,3,300,350,persistence,0.859304,0.8837493388920128
T45_C2_D80_0,T45_C2_D80,3,300,350,local_linear,0.859304,0.8723465002023243
T45_C2_D80_0,T45_C2_D80,3,300,350,ridge,0.859304,0.8629585533561128
T45_C2_D80_0,T45_C2_D80,3,300,350,random_forest,0.859304,0.8636727941224744
T45_C2_D80_0,T45_C2_D80,3,350,400,persistence,0.84959,0.8733659738613122
T45_C2_D80_0,T45_C2_D80,3,350,400,local_linear,0.84959,0.8617021691854108
T45_C2_D80_0,T45_C2_D80,3,350,400,ridge,0.84959,0.8530417951510902
T45_C2_D80_0,T45_C2_D80,3,350,400,random_forest,0.84959,0.8516750755440565
T45_C2_D80_0,T45_C2_D80,3,400,450,persistence,0.840466,0.8627342829410858
T45_C2_D80_0,T45_C2_D80,3,400,450,local_linear,0.840466,0.8525320535620858
T45_C2_D80_0,T45_C2_D80,3,400,450,ridge,0.840466,0.8425768328451967
T45_C2_D80_0,T45_C2_D80,3,400,450,random_forest,0.840466,0.8425805401294543
T45_C2_D80_0,T45_C2_D80,3,450,500,persistence,0.831836,0.8571756034140033
T45_C2_D80_0,T45_C2_D80,3,450,500,local_linear,0.831836,0.8480885846058557
T45_C2_D80_0,T45_C2_D80,3,450,500,ridge,0.831836,0.8365001474464623
T45_C2_D80_0,T45_C2_D80,3,450,500,random_forest,0.831836,0.8375696453335552
T45_C2_D80_0,T45_C2_D80,3,500,550,persistence,0.823628,0.8482091286029638
T45_C2_D80_0,T45_C2_D80,3,500,550,local_linear,0.823628,0.8375013059591507
T45_C2_D80_0,T45_C2_D80,3,500,550,ridge,0.823628,0.8282396815827545
T45_C2_D80_0,T45_C2_D80,3,500,550,random_forest,0.823628,0.8279940290115443
T45_C2_D80_0,T45_C2_D80,3,550,600,persistence,0.815786,0.8358935971318359
T45_C2_D80_0,T45_C2_D80,3,550,600,local_linear,0.815786,0.8285492514896556
T45_C2_D80_0,T45_C2_D80,3,550,600,ridge,0.815786,0.818330887855376
T45_C2_D80_0,T45_C2_D80,3,550,600,random_forest,0.815786,0.8193402473690721
T45_C2_D80_0,T45_C2_D80,3,600,650,persistence,0.808264,0.8358310381096667
T45_C2_D80_0,T45_C2_D80,3,600,650,local_linear,0.808264,0.8282513716069334
T45_C2_D80_0,T45_C2_D80,3,600,650,ridge,0.808264,0.8169171166588692
T45_C2_D80_0,T45_C2_D80,3,600,650,random_forest,0.808264,0.8186759885733018
T45_C2_D80_0,T45_C2_D80,3,650,700,persistence,0.801026,0.8233431111652333
T45_C2_D80_0,T45_C2_D80,3,650,700,local_linear,0.801026,0.8160967067863971
T45_C2_D80_0,T45_C2_D80,3,650,700,ridge,0.801026,0.8060884867354484
T45_C2_D80_0,T45_C2_D80,3,650,700,random_forest,0.801026,0.8057045128102456
T45_C2_D80_0,T45_C2_D80,3,700,750,persistence,0.794042,0.8077530208008747
T45_C2_D80_0,T45_C2_D80,3,700,750,local_linear,0.794042,0.7974485189696534
T45_C2_D80_0,T45_C2_D80,3,700,750,ridge,0.794042,0.7894883815774583
T45_C2_D80_0,T45_C2_D80,3,700,750,random_forest,0.794042,0.7870953368460796
T45_C2_D80_0,T45_C2_D80,3,750,800,persistence,0.787287,0.8084731658805002
T45_C2_D80_0,T45_C2_D80,3,750,800,local_linear,0.787287,0.8044132566607447
T45_C2_D80_0,T45_C2_D80,3,750,800,ridge,0.787287,0.7916171106489663
T45_C2_D80_0,T45_C2_D80,3,750,800,random_forest,0.787287,0.7876315372631971
T45_C2_D80_0,T45_C2_D80,3,800,850,persistence,0.780741,0.8024278631199042
T45_C2_D80_0,T45_C2_D80,3,800,850,local_linear,0.780741,0.7930677904271408
T45_C2_D80_0,T45_C2_D80,3,800,850,ridge,0.780741,0.7843284707048523
T45_C2_D80_0,T45_C2_D80,3,800,850,random_forest,0.780741,0.7787005534335545
T45_C2_D80_0,T45_C2_D80,3,850,900,persistence,0.771229,0.7960711978978257
T45_C2_D80_0,T45_C2_D80,3,850,900,local_linear,0.771229,0.7889740465255428
T45_C2_D80_0,T45_C2_D80,3,850,900,ridge,0.771229,0.7781616806297231
T45_C2_D80_0,T45_C2_D80,3,850,900,random_forest,0.771229,0.7727391085935242
T45_C2_D80_0,T45_C2_D80,3,900,950,persistence,0.758864,0.785980093337106
T45_C2_D80_0,T45_C2_D80,3,900,950,local_linear,0.758864,0.7784143065832533
T45_C2_D80_0,T45_C2_D80,3,900,950,ridge,0.758864,0.7680446965354526
T45_C2_D80_0,T45_C2_D80,3,900,950,random_forest,0.758864,0.7626724416867338
T45_C2_D80_0,T45_C2_D80,3,950,1000,persistence,0.74682,0.7736936924030184
T45_C2_D80_0,T45_C2_D80,3,950,1000,local_linear,0.74682,0.7616449595303901
T45_C2_D80_0,T45_C2_D80,3,950,1000,ridge,0.74682,0.7561400935974629
T45_C2_D80_0,T45_C2_D80,3,950,1000,random_forest,0.74682,0.7523990662335917
baseline_1,baseline,3,100,150,persistence,0.946107,0.9691129431305837
baseline_1,baseline,3,100,150,local_linear,0.946107,0.9522113726102824
baseline_1,baseline,3,100,150,ridge,0.946107,0.9492062096147894
baseline_1,baseline,3,100,150,random_forest,0.946107,0.9483639872161517
baseline_1,baseline,3,150,200,persistence,0.93777,0.9585979064080371
baseline_1,baseline,3,150,200,local_linear,0.93777,0.9461753137988465
baseline_1,baseline,3,150,200,ridge,0.93777,0.9412946093453594
baseline_1,baseline,3,150,200,random_forest,0.93777,0.9406434400955991
baseline_1,baseline,3,200,250,persistence,0.930424,0.9522522462593047
baseline_1,baseline,3,200,250,local_linear,0.930424,0.9452905720384207
baseline_1,baseline,3,200,250,ridge,0.930424,0.9369253892386222
baseline_1,baseline,3,200,250,random_forest,0.930424,0.9362374013796441
baseline_1,baseline,3,250,300,persistence,0.923784,0.947773287846124
baseline_1,baseline,3,250,300,local_linear,0.923784,0.9409300799779284
baseline_1,baseline,3,250,300,ridge,0.923784,0.9311130852485776
baseline_1,baseline,3,250,300,random_forest,0.923784,0.9289783064144886
baseline_1,baseline,3,300,350,persistence,0.917677,0.9378226623117115
baseline_1,baseline,3,300,350,local_linear,0.917677,0.9287689169971315
baseline_1,baseline,3,300,350,ridge,0.917677,0.9229756709890062
baseline_1,baseline,3,300,350,random_forest,0.917677,0.9230848973976373
baseline_1,baseline,3,350,400,persistence,0.911993,0.9339654261048619
baseline_1,baseline,3,350,400,local_linear,0.911993,0.9285068576009486
baseline_1,baseline,3,350,400,ridge,0.911993,0.9194521707875756
baseline_1,baseline,3,350,400,random_forest,0.911993,0.9208362762654179
baseline_1,baseline,3,400,450,persistence,0.906654,0.92515385705711
baseline_1,baseline,3,400,450,local_linear,0.906654,0.9169692087937267
baseline_1,baseline,3,400,450,ridge,0.906654,0.9100258613361372
baseline_1,baseline,3,400,450,random_forest,0.906654,0.9106790966259608
baseline_1,baseline,3,450,500,persistence,0.901605,0.9145635996231801
baseline_1,baseline,3,450,500,local_linear,0.901605,0.9077611478023185
baseline_1,baseline,3,450,500,ridge,0.901605,0.900950484636356
baseline_1,baseline,3,450,500,random_forest,0.901605,0.9019608161386701
baseline_1,baseline,3,500,550,persistence,0.896803,0.913202462941007
baseline_1,baseline,3,500,550,local_linear,0.896803,0.9098034084398221
baseline_1,baseline,3,500,550,ridge,0.896803,0.9000033066261124
baseline_1,baseline,3,500,550,random_forest,0.896803,0.9026229328340583
baseline_1,baseline,3,550,600,persistence,0.892214,0.9043745193166276
baseline_1,baseline,3,550,600,local_linear,0.892214,0.8991226310210496
baseline_1,baseline,3,550,600,ridge,0.892214,0.8903365050951942
baseline_1,baseline,3,550,600,random_forest,0.892214,0.8903726976611411
baseline_1,baseline,3,600,650,persistence,0.887813,0.9090484375327812
baseline_1,baseline,3,600,650,local_linear,0.887813,0.9046405610498863
baseline_1,baseline,3,600,650,ridge,0.887813,0.8938487500370048
baseline_1,baseline,3,600,650,random_forest,0.887813,0.8959858979803009
baseline_1,baseline,3,650,700,persistence,0.883578,0.8970453611591973
baseline_1,baseline,3,650,700,local_linear,0.883578,0.8908360988571751
baseline_1,baseline,3,650,700,ridge,0.883578,0.8827502902290801
baseline_1,baseline,3,650,700,random_forest,0.883578,0.8824016576578113
baseline_1,baseline,3,700,750,persistence,0.879491,0.8953490573616771
baseline_1,baseline,3,700,750,local_linear,0.879491,0.8897178248610856
baseline_1,baseline,3,700,750,ridge,0.879491,0.8800115734080305
baseline_1,baseline,3,700,750,random_forest,0.879491,0.8811422755020155
baseline_1,baseline,3,750,800,persistence,0.875539,0.8909043832183106
baseline_1,baseline,3,750,800,local_linear,0.875539,0.8875708440651342
baseline_1,baseline,3,750,800,ridge,0.875539,0.8772010088391433
baseline_1,baseline,3,750,800,random_forest,0.875539,0.8766326097835501
baseline_1,baseline,3,800,850,persistence,0.871709,0.889069407224975
baseline_1,baseline,3,800,850,local_linear,0.871709,0.8855004912091267
baseline_1,baseline,3,800,850,ridge,0.871709,0.8748805108892964
baseline_1,baseline,3,800,850,random_forest,0.871709,0.8749061731594965
baseline_1,baseline,3,850,900,persistence,0.866143,0.885442950207471
baseline_1,baseline,3,850,900,local_linear,0.866143,0.8807042630916245
baseline_1,baseline,3,850,900,ridge,0.866143,0.8704610467289137
baseline_1,baseline,3,850,900,random_forest,0.866143,0.8703771735565476
baseline_1,baseline,3,900,950,persistence,0.858908,0.8808416941751026
baseline_1,baseline,3,900,950,local_linear,0.858908,0.8755904580622571
baseline_1,baseline,3,900,950,ridge,0.858908,0.8656070271617895
baseline_1,baseline,3,900,950,random_forest,0.858908,0.8654002395702562
baseline_1,baseline,3,950,1000,persistence,0.851861,0.8682148487731094
baseline_1,baseline,3,950,1000,local_linear,0.851861,0.8622926931846129
baseline_1,baseline,3,950,1000,ridge,0.851861,0.8533897002056295
baseline_1,baseline,3,950,1000,random_forest,0.851861,0.8496414819715007
T25_C0p5_D50_0,T25_C0p5_D50,4,100,150,persistence,0.964607,0.9796947654531754
T25_C0p5_D50_0,T25_C0p5_D50,4,100,150,local_linear,0.964607,0.9696781294788216
T25_C0p5_D50_0,T25_C0p5_D50,4,100,150,ridge,0.964607,0.9699577880883377
T25_C0p5_D50_0,T25_C0p5_D50,4,100,150,random_forest,0.964607,0.9637843660019841
T25_C0p5_D50_0,T25_C0p5_D50,4,150,200,persistence,0.959132,0.9743265623691771
T25_C0p5_D50_0,T25_C0p5_D50,4,150,200,local_linear,0.959132,0.9654539214001777
T25_C0p5_D50_0,T25_C0p5_D50,4,150,200,ridge,0.959132,0.9653018754546536
T25_C0p5_D50_0,T25_C0p5_D50,4,150,200,random_forest,0.959132,0.9606958154708831
T25_C0p5_D50_0,T25_C0p5_D50,4,200,250,persistence,0.954308,0.9688307272575041
T25_C0p5_D50_0,T25_C0p5_D50,4,200,250,local_linear,0.954308,0.9608193818285212
T25_C0p5_D50_0,T25_C0p5_D50,4,200,250,ridge,0.954308,0.9603153750217951
T25_C0p5_D50_0,T25_C0p5_D50,4,200,250,random_forest,0.954308,0.9544076481286072
T25_C0p5_D50_0,T25_C0p5_D50,4,250,300,persistence,0.949947,0.965213635593203
T25_C0p5_D50_0,T25_C0p5_D50,4,250,300,local_linear,0.949947,0.9599500578395416
T25_C0p5_D50_0,T25_C0p5_D50,4,250,300,ridge,0.949947,0.957538911738831
T25_C0p5_D50_0,T25_C0p5_D50,4,250,300,random_forest,0.949947,0.951521032041847
T25_C0p5_D50_0,T25_C0p5_D50,4,300,350,persistence,0.945937,0.9579442258249623
T25_C0p5_D50_0,T25_C0p5_D50,4,300,350,local_linear,0.945937,0.953692825576246
T25_C0p5_D50_0,T25_C0p5_D50,4,300,350,ridge,0.945937,0.9519770565370483
T25_C0p5_D50_0,T25_C0p5_D50,4,300,350,random_forest,0.945937,0.9485098066526529
T25_C0p5_D50_0,T25_C0p5_D50,4,350,400,persistence,0.942204,0.9611702529564682
T25_C0p5_D50_0,T25_C0p5_D50,4,350,400,local_linear,0.942204,0.9569656645971893
T25_C0p5_D50_0,T25_C0p5_D50,4,350,400,ridge,0.942204,0.9529287435603043
T25_C0p5_D50_0,T25_C0p5_D50,4,350,400,random_forest,0.942204,0.9454165397987258
T25_C0p5_D50_0,T25_C0p5_D50,4,400,450,persistence,0.938698,0.9523907010367805
T25_C0p5_D50_0,T25_C0p5_D50,4,400,450,local_linear,0.938698,0.9484195877668303
T25_C0p5_D50_0,T25_C0p5_D50,4,400,450,ridge,0.938698,0.9460896144040589
T25_C0p5_D50_0,T25_C0p5_D50,4,400,450,random_forest,0.938698,0.9419673957821514
T25_C0p5_D50_0,T25_C0p5_D50,4,450,500,persistence,0.935382,0.9460632156327792
T25_C0p5_D50_0,T25_C0p5_D50,4,450,500,local_linear,0.935382,0.9437230428482423
T25_C0p5_D50_0,T25_C0p5_D50,4,450,500,ridge,0.935382,0.9402312145157984
T25_C0p5_D50_0,T25_C0p5_D50,4,450,500,random_forest,0.935382,0.9363781265036524
T25_C0p5_D50_0,T25_C0p5_D50,4,500,550,persistence,0.932228,0.9472216039159547
T25_C0p5_D50_0,T25_C0p5_D50,4,500,550,local_linear,0.932228,0.9434925688922086
T25_C0p5_D50_0,T25_C0p5_D50,4,500,550,ridge,0.932228,0.9400188904351747
T25_C0p5_D50_0,T25_C0p5_D50,4,500,550,random_forest,0.932228,0.9356414152227115
T25_C0p5_D50_0,T25_C0p5_D50,4,550,600,persistence,0.929214,0.9454005501450921
T25_C0p5_D50_0,T25_C0p5_D50,4,550,600,local_linear,0.929214,0.9397821587243176
T25_C0p5_D50_0,T25_C0p5_D50,4,550,600,ridge,0.929214,0.9387231820861952
T25_C0p5_D50_0,T25_C0p5_D50,4,550,600,random_forest,0.929214,0.9351680992722382
T25_C0p5_D50_0,T25_C0p5_D50,4,600,650,persistence,0.926324,0.936770582961839
T25_C0p5_D50_0,T25_C0p5_D50,4,600,650,local_linear,0.926324,0.9352207616098241
T25_C0p5_D50_0,T25_C0p5_D50,4,600,650,ridge,0.926324,0.9309652853666668
T25_C0p5_D50_0,T25_C0p5_D50,4,600,650,random_forest,0.926324,0.9256842375667389
T25_C0p5_D50_0,T25_C0p5_D50,4,650,700,persistence,0.923543,0.9375261645656732
T25_C0p5_D50_0,T25_C0p5_D50,4,650,700,local_linear,0.923543,0.9350347219802713
T25_C0p5_D50_0,T25_C0p5_D50,4,650,700,ridge,0.923543,0.9308879960312925
T25_C0p5_D50_0,T25_C0p5_D50,4,650,700,random_forest,0.923543,0.9263683350692192
T25_C0p5_D50_0,T25_C0p5_D50,4,700,750,persistence,0.920859,0.9310531786501228
T25_C0p5_D50_0,T25_C0p5_D50,4,700,750,local_linear,0.920859,0.9289069938342303
T25_C0p5_D50_0,T25_C0p5_D50,4,700,750,ridge,0.920859,0.9249015600160915
T25_C0p5_D50_0,T25_C0p5_D50,4,700,750,random_forest,0.920859,0.9225907437881048
T25_C0p5_D50_0,T25_C0p5_D50,4,750,800,persistence,0.918264,0.9286873913851443
T25_C0p5_D50_0,T25_C0p5_D50,4,750,800,local_linear,0.918264,0.9249160811721057
T25_C0p5_D50_0,T25_C0p5_D50,4,750,800,ridge,0.918264,0.92273235484603
T25_C0p5_D50_0,T25_C0p5_D50,4,750,800,random_forest,0.918264,0.9195057467431008
T25_C0p5_D50_0,T25_C0p5_D50,4,800,850,persistence,0.915748,0.9249390939963936
T25_C0p5_D50_0,T25_C0p5_D50,4,800,850,local_linear,0.915748,0.923541612670239
T25_C0p5_D50_0,T25_C0p5_D50,4,800,850,ridge,0.915748,0.9193319939649792
T25_C0p5_D50_0,T25_C0p5_D50,4,800,850,random_forest,0.915748,0.9174969794420514
T25_C0p5_D50_0,T25_C0p5_D50,4,850,900,persistence,0.913306,0.9282279160855154
T25_C0p5_D50_0,T25_C0p5_D50,4,850,900,local_linear,0.913306,0.9244354315927171
T25_C0p5_D50_0,T25_C0p5_D50,4,850,900,ridge,0.913306,0.9218086635314521
T25_C0p5_D50_0,T25_C0p5_D50,4,850,900,random_forest,0.913306,0.918892245863095
T25_C0p5_D50_0,T25_C0p5_D50,4,900,950,persistence,0.91093,0.9216742667284745
T25_C0p5_D50_0,T25_C0p5_D50,4,900,950,local_linear,0.91093,0.9208988633690983
T25_C0p5_D50_0,T25_C0p5_D50,4,900,950,ridge,0.91093,0.9164363664601438
T25_C0p5_D50_0,T25_C0p5_D50,4,900,950,random_forest,0.91093,0.9129198542717004
T25_C0p5_D50_0,T25_C0p5_D50,4,950,1000,persistence,0.908616,0.9217727986538394
T25_C0p5_D50_0,T25_C0p5_D50,4,950,1000,local_linear,0.908616,0.920169179157623
T25_C0p5_D50_0,T25_C0p5_D50,4,950,1000,ridge,0.908616,0.9163492065023554
T25_C0p5_D50_0,T25_C0p5_D50,4,950,1000,random_forest,0.908616,0.9128212196511647
T25_C0p5_D80_1,T25_C0p5_D80,4,100,150,persistence,0.945124,0.9655909944967852
T25_C0p5_D80_1,T25_C0p5_D80,4,100,150,local_linear,0.945124,0.9462706732235318
T25_C0p5_D80_1,T25_C0p5_D80,4,100,150,ridge,0.945124,0.9486270318651161
T25_C0p5_D80_1,T25_C0p5_D80,4,100,150,random_forest,0.945124,0.9489771877491433
T25_C0p5_D80_1,T25_C0p5_D80,4,150,200,persistence,0.936634,0.9567701561915616
T25_C0p5_D80_1,T25_C0p5_D80,4,150,200,local_linear,0.936634,0.9480228051723762
T25_C0p5_D80_1,T25_C0p5_D80,4,150,200,ridge,0.936634,0.9422521174095239
T25_C0p5_D80_1,T25_C0p5_D80,4,150,200,random_forest,0.936634,0.9416059828517319
T25_C0p5_D80_1,T25_C0p5_D80,4,200,250,persistence,0.929155,0.9498393782614115
T25_C0p5_D80_1,T25_C0p5_D80,4,200,250,local_linear,0.929155,0.9408976122527211
T25_C0p5_D80_1,T25_C0p5_D80,4,200,250,ridge,0.929155,0.9362789118364112
T25_C0p5_D80_1,T25_C0p5_D80,4,200,250,random_forest,0.929155,0.9371909265856543
T25_C0p5_D80_1,T25_C0p5_D80,4,250,300,persistence,0.922393,0.9352426134036225
T25_C0p5_D80_1,T25_C0p5_D80,4,250,300,local_linear,0.922393,0.9264959062715119
T25_C0p5_D80_1,T25_C0p5_D80,4,250,300,ridge,0.922393,0.9228580714414292
T25_C0p5_D80_1,T25_C0p5_D80,4,250,300,random_forest,0.922393,0.9189887086780757
T25_C0p5_D80_1,T25_C0p5_D80,4,300,350,persistence,0.916175,0.932874472385973
T25_C0p5_D80_1,T25_C0p5_D80,4,300,350,local_linear,0.916175,0.9282882850031428
T25_C0p5_D80_1,T25_C0p5_D80,4,300,350,ridge,0.916175,0.9215917625195439
T25_C0p5_D80_1,T25_C0p5_D80,4,300,350,random_forest,0.916175,0.9198408644848032
T25_C0p5_D80_1,T25_C0p5_D80,4,350,400,persistence,0.910387,0.9214962644036403
T25_C0p5_D80_1,T25_C0p5_D80,4,350,400,local_linear,0.910387,0.9128480940357477
T25_C0p5_D80_1,T25_C0p5_D80,4,350,400,ridge,0.910387,0.9093621006397076
T25_C0p5_D80_1,T25_C0p5_D80,4,350,400,random_forest,0.910387,0.9074828430979089
T25_C0p5_D80_1,T25_C0p5_D80,4,400,450,persistence,0.904951,0.9182526625585495
T25_C0p5_D80_1,T25_C0p5_D80,4,400,450,local_linear,0.904951,0.9138547111202776
T25_C0p5_D80_1,T25_C0p5_D80,4,400,450,ridge,0.904951,0.9064846498402401
T25_C0p5_D80_1,T25_C0p5_D80,4,400,450,random_forest,0.904951,0.9058213134048071
T25_C0p5_D80_1,T25_C0p5_D80,4,450,500,persistence,0.89981,0.9154114498922509
T25_C0p5_D80_1,T25_C0p5_D80,4,450,500,local_linear,0.89981,0.9102036296146844
T25_C0p5_D80_1,T25_C0p5_D80,4,450,500,ridge,0.89981,0.9043370115098539
T25_C0p5_D80_1,T25_C0p5_D80,4,450,500,random_forest,0.89981,0.9046838754477813
T25_C0p5_D80_1,T25_C0p5_D80,4,500,550,persistence,0.89492,0.9079558407095406
T25_C0p5_D80_1,T25_C0p5_D80,4,500,550,local_linear,0.89492,0.902117355417976
T25_C0p5_D80_1,T25_C0p5_D80,4,500,550,ridge,0.89492,0.8964535601758348
T25_C0p5_D80_1,T25_C0p5_D80,4,500,550,random_forest,0.89492,0.8966807357041402
T25_C0p5_D80_1,T25_C0p5_D80,4,550,600,persistence,0.890247,0.9045157749915403
T25_C0p5_D80_1,T25_C0p5_D80,4,550,600,local_linear,0.890247,0.9004941633587035
T25_C0p5_D80_1,T25_C0p5_D80,4,550,600,ridge,0.890247,0.8930329057038405
T25_C0p5_D80_1,T25_C0p5_D80,4,550,600,random_forest,0.890247,0.892486277679248
T25_C0p5_D80_1,T25_C0p5_D80,4,600,650,persistence,0.885766,0.8964362677874939
T25_C0p5_D80_1,T25_C0p5_D80,4,600,650,local_linear,0.885766,0.8930432983346241
T25_C0p5_D80_1,T25_C0p5_D80,4,600,650,ridge,0.885766,0.8854714173908041
T25_C0p5_D80_1,T25_C0p5_D80,4,600,650,random_forest,0.885766,0.8844250653893845
T25_C0p5_D80_1,T25_C0p5_D80,4,650,700,persistence,0.881453,0.8951144499456802
T25_C0p5_D80_1,T25_C0p5_D80,4,650,700,local_linear,0.881453,0.8889882439819253
T25_C0p5_D80_1,T25_C0p5_D80,4,650,700,ridge,0.881453,0.8837427250247017
T25_C0p5_D80_1,T25_C0p5_D80,4,650,700,random_forest,0.881453,0.8825629102827378
T25_C0p5_D80_1,T25_C0p5_D80,4,700,750,persistence,0.877293,0.8876488227751161
T25_C0p5_D80_1,T25_C0p5_D80,4,700,750,local_linear,0.877293,0.8835609460450042
T25_C0p5_D80_1,T25_C0p5_D80,4,700,750,ridge,0.877293,0.8772214412968837
T25_C0p5_D80_1,T25_C0p5_D80,4,700,750,random_forest,0.877293,0.874807053734928
T25_C0p5_D80_1,T25_C0p5_D80,4,750,800,persistence,0.873268,0.8835587009563839
T25_C0p5_D80_1,T25_C0p5_D80,4,750,800,local_linear,0.873268,0.8778890600216942
T25_C0p5_D80_1,T25_C0p5_D80,4,750,800,ridge,0.873268,0.8723753238224516
T25_C0p5_D80_1,T25_C0p5_D80,4,750,800,random_forest,0.873268,0.8706132076673324
T25_C0p5_D80_1,T25_C0p5_D80,4,800,850,persistence,0.869368,0.8778562396480791
T25_C0p5_D80_1,T25_C0p5_D80,4,800,850,local_linear,0.869368,0.8734490507012551
T25_C0p5_D80_1,T25_C0p5_D80,4,800,850,ridge,0.869368,0.8667845734916365
T25_C0p5_D80_1,T25_C0p5_D80,4,800,850,random_forest,0.869368,0.8675314581362736
T25_C0p5_D80_1,T25_C0p5_D80,4,850,900,persistence,0.863701,0.876153738267823
T25_C0p5_D80_1,T25_C0p5_D80,4,850,900,local_linear,0.863701,0.8711816459500407
T25_C0p5_D80_1,T25_C0p5_D80,4,850,900,ridge,0.863701,0.8649723462634631
T25_C0p5_D80_1,T25_C0p5_D80,4,850,900,random_forest,0.863701,0.8662030248247412
T25_C0p5_D80_1,T25_C0p5_D80,4,900,950,persistence,0.856334,0.873704340237582
T25_C0p5_D80_1,T25_C0p5_D80,4,900,950,local_linear,0.856334,0.8698823077155352
T25_C0p5_D80_1,T25_C0p5_D80,4,900,950,ridge,0.856334,0.8627177996111904
T25_C0p5_D80_1,T25_C0p5_D80,4,900,950,random_forest,0.856334,0.861475798019255
T25_C0p5_D80_1,T25_C0p5_D80,4,950,1000,persistence,0.849159,0.8673651801456838
T25_C0p5_D80_1,T25_C0p5_D80,4,950,1000,local_linear,0.849159,0.8606683476300575
T25_C0p5_D80_1,T25_C0p5_D80,4,950,1000,ridge,0.849159,0.8552080079499494
T25_C0p5_D80_1,T25_C0p5_D80,4,950,1000,random_forest,0.849159,0.8536836873809518
T25_C1_D100_2,T25_C1_D100,4,100,150,persistence,0.931673,0.9529880880153299
T25_C1_D100_2,T25_C1_D100,4,100,150,local_linear,0.931673,0.9314999534385863
T25_C1_D100_2,T25_C1_D100,4,100,150,ridge,0.931673,0.9313964619833403
T25_C1_D100_2,T25_C1_D100,4,100,150,random_forest,0.931673,0.9339927679349296
T25_C1_D100_2,T25_C1_D100,4,150,200,persistence,0.921103,0.9425795483898096
T25_C1_D100_2,T25_C1_D100,4,150,200,local_linear,0.921103,0.9290796055595372
T25_C1_D100_2,T25_C1_D100,4,150,200,ridge,0.921103,0.9236134475643157
T25_C1_D100_2,T25_C1_D100,4,150,200,random_forest,0.921103,0.9252812035681857
T25_C1_D100_2,T25_C1_D100,4,200,250,persistence,0.91179,0.930911930606532
T25_C1_D100_2,T25_C1_D100,4,200,250,local_linear,0.91179,0.9192061064568291
T25_C1_D100_2,T25_C1_D100,4,200,250,ridge,0.91179,0.9131338140634195
T25_C1_D100_2,T25_C1_D100,4,200,250,random_forest,0.91179,0.9120129261893485
T25_C1_D100_2,T25_C1_D100,4,250,300,persistence,0.903371,0.9257170317953276
T25_C1_D100_2,T25_C1_D100,4,250,300,local_linear,0.903371,0.9169200921990426
T25_C1_D100_2,T25_C1_D100,4,250,300,ridge,0.903371,0.9075880465431352
T25_C1_D100_2,T25_C1_D100,4,250,300,random_forest,0.903371,0.9096902086589103
T25_C1_D100_2,T25_C1_D100,4,300,350,persistence,0.895629,0.9143939785307951
T25_C1_D100_2,T25_C1_D100,4,300,350,local_linear,0.895629,0.904692620315368
T25_C1_D100_2,T25_C1_D100,4,300,350,ridge,0.895629,0.8970180772404511
T25_C1_D100_2,T25_C1_D100,4,300,350,random_forest,0.895629,0.8955565372511689
T25_C1_D100_2,T25_C1_D100,4,350,400,persistence,0.888423,0.9081322272347735
T25_C1_D100_2,T25_C1_D100,4,350,400,local_linear,0.888423,0.9003309566439098
T25_C1_D100_2,T25_C1_D100,4,350,400,ridge,0.888423,0.8900943447616735
T25_C1_D100_2,T25_C1_D100,4,350,400,random_forest,0.888423,0.8912239640014672
T25_C1_D100_2,T25_C1_D100,4,400,450,persistence,0.881654,0.9026052585735652
T25_C1_D100_2,T25_C1_D100,4,400,450,local_linear,0.881654,0.8965342070546716
T25_C1_D100_2,T25_C1_D100,4,400,450,ridge,0.881654,0.8855590544399013
T25_C1_D100_2,T25_C1_D100,4,400,450,random_forest,0.881654,0.8860089969018308
T25_C1_D100_2,T25_C1_D100,4,450,500,persistence,0.875253,0.8910178950087402
T25_C1_D100_2,T25_C1_D100,4,450,500,local_linear,0.875253,0.8838118016437885
T25_C1_D100_2,T25_C1_D100,4,450,500,ridge,0.875253,0.8748278220701019
T25_C1_D100_2,T25_C1_D100,4,450,500,random_forest,0.875253,0.8755865145747652
T25_C1_D100_2,T25_C1_D100,4,500,550,persistence,0.869164,0.8827738164605246
T25_C1_D100_2,T25_C1_D100,4,500,550,local_linear,0.869164,0.8760546505359668
T25_C1_D100_2,T25_C1_D100,4,500,550,ridge,0.869164,0.8674637160999807
T25_C1_D100_2,T25_C1_D100,4,500,550,random_forest,0.869164,0.870009107233305
T25_C1_D100_2,T25_C1_D100,4,550,600,persistence,0.863346,0.8794954076085323
T25_C1_D100_2,T25_C1_D100,4,550,600,local_linear,0.863346,0.8739039964871953
T25_C1_D100_2,T25_C1_D100,4,550,600,ridge,0.863346,0.8635671123209006
T25_C1_D100_2,T25_C1_D100,4,550,600,random_forest,0.863346,0.8635876967670697
T25_C1_D100_2,T25_C1_D100,4,600,650,persistence,0.857766,0.8724883012656858
T25_C1_D100_2,T25_C1_D100,4,600,650,local_linear,0.857766,0.8658623336488305
T25_C1_D100_2,T25_C1_D100,4,600,650,ridge,0.857766,0.8560681549337756
T25_C1_D100_2,T25_C1_D100,4,600,650,random_forest,0.857766,0.8570887775299874
T25_C1_D100_2,T25_C1_D100,4,650,700,persistence,0.852397,0.8620797616401654
T25_C1_D100_2,T25_C1_D100,4,650,700,local_linear,0.852397,0.8541473642171119
T25_C1_D100_2,T25_C1_D100,4,650,700,ridge,0.852397,0.846922999868661
T25_C1_D100_2,T25_C1_D100,4,650,700,random_forest,0.852397,0.8488343068540487
T25_C1_D100_2,T25_C1_D100,4,700,750,persistence,0.842036,0.8651798811805059
T25_C1_D100_2,T25_C1_D100,4,700,750,local_linear,0.842036,0.8620489159944341
T25_C1_D100_2,T25_C1_D100,4,700,750,ridge,0.842036,0.8484794569174755
T25_C1_D100_2,T25_C1_D100,4,700,750,random_forest,0.842036,0.8484880815864344
T25_C1_D100_2,T25_C1_D100,4,750,800,persistence,0.832015,0.8539885025019371
T25_C1_D100_2,T25_C1_D100,4,750,800,local_linear,0.832015,0.8453619082736524
T25_C1_D100_2,T25_C1_D100,4,750,800,ridge,0.832015,0.8374387651506269
T25_C1_D100_2,T25_C1_D100,4,750,800,random_forest,0.832015,0.8366882581701114
T25_C1_D100_2,T25_C1_D100,4,800,850,persistence,0.822302,0.8486749043376923
T25_C1_D100_2,T25_C1_D100,4,800,850,local_linear,0.822302,0.8397023713760745
T25_C1_D100_2,T25_C1_D100,4,800,850,ridge,0.822302,0.8307521095972289
T25_C1_D100_2,T25_C1_D100,4,800,850,random_forest,0.822302,0.8298349372674718
T25_C1_D100_2,T25_C1_D100,4,850,900,persistence,0.812871,0.8316355401241056
T25_C1_D100_2,T25_C1_D100,4,850,900,local_linear,0.812871,0.8218960397039876
T25_C1_D100_2,T25_C1_D100,4,850,900,ridge,0.812871,0.8142989962385825
T25_C1_D100_2,T25_C1_D100,4,850,900,random_forest,0.812871,0.8129071359136001
T25_C1_D100_2,T25_C1_D100,4,900,950,persistence,0.803699,0.8245068510431245
T25_C1_D100_2,T25_C1_D100,4,900,950,local_linear,0.803699,0.8151874264382782
T25_C1_D100_2,T25_C1_D100,4,900,950,ridge,0.803699,0.8070712878892377
T25_C1_D100_2,T25_C1_D100,4,900,950,random_forest,0.803699,0.8029203864892225
T25_C1_D100_2,T25_C1_D100,4,950,1000,persistence,0.794764,0.8161748292495389
T25_C1_D100_2,T25_C1_D100,4,950,1000,local_linear,0.794764,0.807206278785155
T25_C1_D100_2,T25_C1_D100,4,950,1000,ridge,0.794764,0.7979534096789327
T25_C1_D100_2,T25_C1_D100,4,950,1000,random_forest,0.794764,0.7970915689684798
T25_C1_D50_3,T25_C1_D50,4,100,150,persistence,0.96472,0.9791024778349514
T25_C1_D50_3,T25_C1_D50,4,100,150,local_linear,0.96472,0.9679035209537593
T25_C1_D50_3,T25_C1_D50,4,100,150,ridge,0.96472,0.9667630770969189
T25_C1_D50_3,T25_C1_D50,4,100,150,random_forest,0.96472,0.9638476001488099
T25_C1_D50_3,T25_C1_D50,4,150,200,persistence,0.959262,0.9806200536236441
T25_C1_D50_3,T25_C1_D50,4,150,200,local_linear,0.959262,0.9737925658162117
T25_C1_D50_3,T25_C1_D50,4,150,200,ridge,0.959262,0.9689000673087442
T25_C1_D50_3,T25_C1_D50,4,150,200,random_forest,0.959262,0.9610149940914641
T25_C1_D50_3,T25_C1_D50,4,200,250,persistence,0.954454,0.965433434751893
T25_C1_D50_3,T25_C1_D50,4,200,250,local_linear,0.954454,0.9592345656557372
T25_C1_D50_3,T25_C1_D50,4,200,250,ridge,0.954454,0.9564687301711793
T25_C1_D50_3,T25_C1_D50,4,200,250,random_forest,0.954454,0.9526374758010914
T25_C1_D50_3,T25_C1_D50,4,250,300,persistence,0.950107,0.9655124237324366
T25_C1_D50_3,T25_C1_D50,4,250,300,local_linear,0.950107,0.9614062514614962
T25_C1_D50_3,T25_C1_D50,4,250,300,ridge,0.950107,0.9552029650337094
T25_C1_D50_3,T25_C1_D50,4,250,300,random_forest,0.950107,0.9477838458782024
T25_C1_D50_3,T25_C1_D50,4,300,350,persistence,0.946109,0.9584483404662028
T25_C1_D50_3,T25_C1_D50,4,300,350,local_linear,0.946109,0.9520413577426825
T25_C1_D50_3,T25_C1_D50,4,300,350,ridge,0.946109,0.9492932671599037
T25_C1_D50_3,T25_C1_D50,4,300,350,random_forest,0.946109,0.9450868220063793
T25_C1_D50_3,T25_C1_D50,4,350,400,persistence,0.942388,0.9598281792200726
T25_C1_D50_3,T25_C1_D50,4,350,400,local_linear,0.942388,0.9586105418967452
T25_C1_D50_3,T25_C1_D50,4,350,400,ridge,0.942388,0.9497718128303421
T25_C1_D50_3,T25_C1_D50,4,350,400,random_forest,0.942388,0.9406103861353747
T25_C1_D50_3,T25_C1_D50,4,400,450,persistence,0.938893,0.9553035916783134
T25_C1_D50_3,T25_C1_D50,4,400,450,local_linear,0.938893,0.9518632849008136
T25_C1_D50_3,T25_C1_D50,4,400,450,ridge,0.938893,0.9456616263906947
T25_C1_D50_3,T25_C1_D50,4,400,450,random_forest,0.938893,0.9393961356624276
T25_C1_D50_3,T25_C1_D50,4,450,500,persistence,0.935588,0.9526426503962531
T25_C1_D50_3,T25_C1_D50,4,450,500,local_linear,0.935588,0.951381793830378
T25_C1_D50_3,T25_C1_D50,4,450,500,ridge,0.935588,0.9436296388157496
T25_C1_D50_3,T25_C1_D50,4,450,500,random_forest,0.935588,0.9365170871139972
T25_C1_D50_3,T25_C1_D50,4,500,550,persistence,0.932444,0.9494174315844349
T25_C1_D50_3,T25_C1_D50,4,500,550,local_linear,0.932444,0.9457840006894755
T25_C1_D50_3,T25_C1_D50,4,500,550,ridge,0.932444,0.9395348112933459
T25_C1_D50_3,T25_C1_D50,4,500,550,random_forest,0.932444,0.9355056236061504
T25_C1_D50_3,T25_C1_D50,4,550,600,persistence,0.92944,0.9447556006889813
T25_C1_D50_3,T25_C1_D50,4,550,600,local_linear,0.92944,0.9429158211642301
T25_C1_D50_3,T25_C1_D50,4,550,600,ridge,0.92944,0.9354406711677857
T25_C1_D50_3,T25_C1_D50,4,550,600,random_forest,0.92944,0.9296604981712733
T25_C1_D50_3,T25_C1_D50,4,600,650,persistence,0.926559,0.9383841520458885
T25_C1_D50_3,T25_C1_D50,4,600,650,local_linear,0.926559,0.9356407312073856
T25_C1_D50_3,T25_C1_D50,4,600,650,ridge,0.926559,0.9300580303424625
T25_C1_D50_3,T25_C1_D50,4,600,650,random_forest,0.926559,0.9250097254929279
T25_C1_D50_3,T25_C1_D50,4,650,700,persistence,0.923787,0.9361709795472845
T25_C1_D50_3,T25_C1_D50,4,650,700,local_linear,0.923787,0.9332523984818866
T25_C1_D50_3,T25_C1_D50,4,650,700,ridge,0.923787,0.9270861728883116
T25_C1_D50_3,T25_C1_D50,4,650,700,random_forest,0.923787,0.9224137890695076
T25_C1_D50_3,T25_C1_D50,4,700,750,persistence,0.921112,0.9342920291726051
T25_C1_D50_3,T25_C1_D50,4,700,750,local_linear,0.921112,0.9313180100715828
T25_C1_D50_3,T25_C1_D50,4,700,750,ridge,0.921112,0.9264009793934491
T25_C1_D50_3,T25_C1_D50,4,700,750,random_forest,0.921112,0.9238644543788336
T25_C1_D50_3,T25_C1_D50,4,750,800,persistence,0.918524,0.9317678375631109
T25_C1_D50_3,T25_C1_D50,4,750,800,local_linear,0.918524,0.9288480608799307
T25_C1_D50_3,T25_C1_D50,4,750,800,ridge,0.918524,0.9233065057850329
T25_C1_D50_3,T25_C1_D50,4,750,800,random_forest,0.918524,0.9200616101937131
T25_C1_D50_3,T25_C1_D50,4,800,850,persistence,0.916017,0.9258535376449138
T25_C1_D50_3,T25_C1_D50,4,800,850,local_linear,0.916017,0.9219769710900657
T25_C1_D50_3,T25_C1_D50,4,800,850,ridge,0.916017,0.9177793455984233
T25_C1_D50_3,T25_C1_D50,4,800,850,random_forest,0.916017,0.9153323752380954
T25_C1_D50_3,T25_C1_D50,4,850,900,persistence,0.913582,0.9264138657256445
T25_C1_D50_3,T25_C1_D50,4,850,900,local_linear,0.913582,0.9223980236223582
T25_C1_D50_3,T25_C1_D50,4,850,900,ridge,0.913582,0.9177042543643174
T25_C1_D50_3,T25_C1_D50,4,850,900,random_forest,0.913582,0.9131748297091452
T25_C1_D50_3,T25_C1_D50,4,900,950,persistence,0.911214,0.9246454999237262
T25_C1_D50_3,T25_C1_D50,4,900,950,local_linear,0.911214,0.9216631504535643
T25_C1_D50_3,T25_C1_D50,4,900,950,ridge,0.911214,0.9158762200528981
T25_C1_D50_3,T25_C1_D50,4,900,950,random_forest,0.911214,0.9128927337594697
T25_C1_D50_3,T25_C1_D50,4,950,1000,persistence,0.908907,0.9224861386681174
T25_C1_D50_3,T25_C1_D50,4,950,1000,local_linear,0.908907,0.9205234557971018
T25_C1_D50_3,T25_C1_D50,4,950,1000,ridge,0.908907,0.9144536774358814
T25_C1_D50_3,T25_C1_D50,4,950,1000,random_forest,0.908907,0.910518698738952
T25_C2_D50_0,T25_C2_D50,4,100,150,persistence,0.9597,0.9776332263940026
T25_C2_D50_0,T25_C2_D50,4,100,150,local_linear,0.9597,0.9645065986956919
T25_C2_D50_0,T25_C2_D50,4,100,150,ridge,0.9597,0.9625768955234378
T25_C2_D50_0,T25_C2_D50,4,100,150,random_forest,0.9597,0.9616596690916204
T25_C2_D50_0,T25_C2_D50,4,150,200,persistence,0.953465,0.9707410534684792
T25_C2_D50_0,T25_C2_D50,4,150,200,local_linear,0.953465,0.961701135548479
T25_C2_D50_0,T25_C2_D50,4,150,200,ridge,0.953465,0.9577274068707703
T25_C2_D50_0,T25_C2_D50,4,150,200,random_forest,0.953465,0.9563905354246272
T25_C2_D50_0,T25_C2_D50,4,200,250,persistence,0.947973,0.9578651242731269
T25_C2_D50_0,T25_C2_D50,4,200,250,local_linear,0.947973,0.950812669728302
T25_C2_D50_0,T25_C2_D50,4,200,250,ridge,0.947973,0.9470261041986139
T25_C2_D50_0,T25_C2_D50,4,200,250,random_forest,0.947973,0.9483398165611124
T25_C2_D50_0,T25_C2_D50,4,250,300,persistence,0.943007,0.9538751061810459
T25_C2_D50_0,T25_C2_D50,4,250,300,local_linear,0.943007,0.9484644026886453
T25_C2_D50_0,T25_C2_D50,4,250,300,ridge,0.943007,0.9418867135071429
T25_C2_D50_0,T25_C2_D50,4,250,300,random_forest,0.943007,0.935974260472808
T25_C2_D50_0,T25_C2_D50,4,300,350,persistence,0.938441,0.949620747484062
T25_C2_D50_0,T25_C2_D50,4,300,350,local_linear,0.938441,0.9445427238326983
T25_C2_D50_0,T25_C2_D50,4,300,350,ridge,0.938441,0.9384700551723264
T25_C2_D50_0,T25_C2_D50,4,300,350,random_forest,0.938441,0.9365323409232437
T25_C2_D50_0,T25_C2_D50,4,350,400,persistence,0.93419,0.945639371296372
T25_C2_D50_0,T25_C2_D50,4,350,400,local_linear,0.93419,0.9387043881448055
T25_C2_D50_0,T25_C2_D50,4,350,400,ridge,0.93419,0.9354761735247077
T25_C2_D50_0,T25_C2_D50,4,350,400,random_forest,0.93419,0.9348399708473643
T25_C2_D50_0,T25_C2_D50,4,400,450,persistence,0.930198,0.9425755620160851
T25_C2_D50_0,T25_C2_D50,4,400,450,local_linear,0.930198,0.9396759829310648
T25_C2_D50_0,T25_C2_D50,4,400,450,ridge,0.930198,0.9322570682277924
T25_C2_D50_0,T25_C2_D50,4,400,450,random_forest,0.930198,0.9301941177951392
T25_C2_D50_0,T25_C2_D50,4,450,500,persistence,0.926422,0.9330679421439751
T25_C2_D50_0,T25_C2_D50,4,450,500,local_linear,0.926422,0.9293047956617909
T25_C2_D50_0,T25_C2_D50,4,450,500,ridge,0.926422,0.9241391396944556
T25_C2_D50_0,T25_C2_D50,4,450,500,random_forest,0.926422,0.9227882222314664
T25_C2_D50_0,T25_C2_D50,4,500,550,persistence,0.922831,0.9338721475996602
T25_C2_D50_0,T25_C2_D50,4,500,550,local_linear,0.922831,0.9288534807041143
T25_C2_D50_0,T25_C2_D50,4,500,550,ridge,0.922831,0.9237039477122173
T25_C2_D50_0,T25_C2_D50,4,500,550,random_forest,0.922831,0.9224526730245973
T25_C2_D50_0,T25_C2_D50,4,550,600,persistence,0.9194,0.9295298448168144
T25_C2_D50_0,T25_C2_D50,4,550,600,local_linear,0.9194,0.9261649889914124
T25_C2_D50_0,T25_C2_D50,4,550,600,ridge,0.9194,0.9193304790852638
T25_C2_D50_0,T25_C2_D50,4,550,600,random_forest,0.9194,0.9164197052058707
T25_C2_D50_0,T25_C2_D50,4,600,650,persistence,0.916109,0.920234714123261
T25_C2_D50_0,T25_C2_D50,4,600,650,local_linear,0.916109,0.9150049810555999
T25_C2_D50_0,T25_C2_D50,4,600,650,ridge,0.916109,0.9115122543005699
T25_C2_D50_0,T25_C2_D50,4,600,650,random_forest,0.916109,0.9077566563347069
T25_C2_D50_0,T25_C2_D50,4,650,700,persistence,0.912942,0.9193781488939125
T25_C2_D50_0,T25_C2_D50,4,650,700,local_linear,0.912942,0.9160621639598218
T25_C2_D50_0,T25_C2_D50,4,650,700,ridge,0.912942,0.9110898160023749
T25_C2_D50_0,T25_C2_D50,4,650,700,random_forest,0.912942,0.9086414214948583
T25_C2_D50_0,T25_C2_D50,4,700,750,persistence,0.909886,0.922061714380993
T25_C2_D50_0,T25_C2_D50,4,700,750,local_linear,0.909886,0.9194514196938485
T25_C2_D50_0,T25_C2_D50,4,700,750,ridge,0.909886,0.9112496313959584
T25_C2_D50_0,T25_C2_D50,4,700,750,random_forest,0.909886,0.9082363381278096
T25_C2_D50_0,T25_C2_D50,4,750,800,persistence,0.906931,0.9197395838363853
T25_C2_D50_0,T25_C2_D50,4,750,800,local_linear,0.906931,0.9169890938835618
T25_C2_D50_0,T25_C2_D50,4,750,800,ridge,0.906931,0.9101831093612581
T25_C2_D50_0,T25_C2_D50,4,750,800,random_forest,0.906931,0.9089963947735077
T25_C2_D50_0,T25_C2_D50,4,800,850,persistence,0.904066,0.9197716097173639
T25_C2_D50_0,T25_C2_D50,4,800,850,local_linear,0.904066,0.9184903066540705
T25_C2_D50_0,T25_C2_D50,4,800,850,ridge,0.904066,0.9102238547373978
T25_C2_D50_0,T25_C2_D50,4,800,850,random_forest,0.904066,0.9094198877411135
T25_C2_D50_0,T25_C2_D50,4,850,900,persistence,0.901285,0.9121926595664102
T25_C2_D50_0,T25_C2_D50,4,850,900,local_linear,0.901285,0.9104912464142351
T25_C2_D50_0,T25_C2_D50,4,850,900,ridge,0.901285,0.9019984657121896
T25_C2_D50_0,T25_C2_D50,4,850,900,random_forest,0.901285,0.9005398791384831
T25_C2_D50_0,T25_C2_D50,4,900,950,persistence,0.89858,0.9062216119795096
T25_C2_D50_0,T25_C2_D50,4,900,950,local_linear,0.89858,0.9032245635115989
T25_C2_D50_0,T25_C2_D50,4,900,950,ridge,0.89858,0.8969763836013688
T25_C2_D50_0,T25_C2_D50,4,900,950,random_forest,0.89858,0.8958897442580854
T25_C2_D50_0,T25_C2_D50,4,950,1000,persistence,0.895945,0.9045328821920343
T25_C2_D50_0,T25_C2_D50,4,950,1000,local_linear,0.895945,0.9025889538153142
T25_C2_D50_0,T25_C2_D50,4,950,1000,ridge,0.895945,0.8960998563589265
T25_C2_D50_0,T25_C2_D50,4,950,1000,random_forest,0.895945,0.8934348123029399
T25_C2_D80_1,T25_C2_D80,4,100,150,persistence,0.943255,0.9670323509172432
T25_C2_D80_1,T25_C2_D80,4,100,150,local_linear,0.943255,0.9491367657550835
T25_C2_D80_1,T25_C2_D80,4,100,150,ridge,0.943255,0.9437447822865684
T25_C2_D80_1,T25_C2_D80,4,100,150,random_forest,0.943255,0.9417927742018399
T25_C2_D80_1,T25_C2_D80,4,150,200,persistence,0.934477,0.9595559319183057
T25_C2_D80_1,T25_C2_D80,4,150,200,local_linear,0.934477,0.9462186965735494
T25_C2_D80_1,T25_C2_D80,4,150,200,ridge,0.934477,0.9391896632232717
T25_C2_D80_1,T25_C2_D80,4,150,200,random_forest,0.934477,0.9386584537966721
T25_C2_D80_1,T25_C2_D80,4,200,250,persistence,0.926743,0.9485795861761093
T25_C2_D80_1,T25_C2_D80,4,200,250,local_linear,0.926743,0.9393570425517241
T25_C2_D80_1,T25_C2_D80,4,200,250,ridge,0.926743,0.9293758909962669
T25_C2_D80_1,T25_C2_D80,4,200,250,random_forest,0.926743,0.9296378308681772
T25_C2_D80_1,T25_C2_D80,4,250,300,persistence,0.919751,0.931180449071755
T25_C2_D80_1,T25_C2_D80,4,250,300,local_linear,0.919751,0.9225810383976176
T25_C2_D80_1,T25_C2_D80,4,250,300,ridge,0.919751,0.9141755763316822
T25_C2_D80_1,T25_C2_D80,4,250,300,random_forest,0.919751,0.9157529319802938
T25_C2_D80_1,T25_C2_D80,4,300,350,persistence,0.913321,0.9277815478699742
T25_C2_D80_1,T25_C2_D80,4,300,350,local_linear,0.913321,0.9198303694633448
T25_C2_D80_1,T25_C2_D80,4,300,350,ridge,0.913321,0.9111109237696018
T25_C2_D80_1,T25_C2_D80,4,300,350,random_forest,0.913321,0.91217870359375
T25_C2_D80_1,T25_C2_D80,4,350,400,persistence,0.907336,0.9297565707594
T25_C2_D80_1,T25_C2_D80,4,350,400,local_linear,0.907336,0.9224067317556881
T25_C2_D80_1,T25_C2_D80,4,350,400,ridge,0.907336,0.9110293915931446
T25_C2_D80_1,T25_C2_D80,4,350,400,random_forest,0.907336,0.9112672548586305
T25_C2_D80_1,T25_C2_D80,4,400,450,persistence,0.901715,0.9156288628385215
T25_C2_D80_1,T25_C2_D80,4,400,450,local_linear,0.901715,0.9097131831852758
T25_C2_D80_1,T25_C2_D80,4,400,450,ridge,0.901715,0.8995738401813002
T25_C2_D80_1,T25_C2_D80,4,400,450,random_forest,0.901715,0.9028725658813579
T25_C2_D80_1,T25_C2_D80,4,450,500,persistence,0.896399,0.9066963008255003
T25_C2_D80_1,T25_C2_D80,4,450,500,local_linear,0.896399,0.8988553098832215
T25_C2_D80_1,T25_C2_D80,4,450,500,ridge,0.896399,0.88934338280578
T25_C2_D80_1,T25_C2_D80,4,450,500,random_forest,0.896399,0.8893184714543274
T25_C2_D80_1,T25_C2_D80,4,500,550,persistence,0.891342,0.9082259650451626
T25_C2_D80_1,T25_C2_D80,4,500,550,local_linear,0.891342,0.9046532026575603
T25_C2_D80_1,T25_C2_D80,4,500,550,ridge,0.891342,0.8911962933229544
T25_C2_D80_1,T25_C2_D80,4,500,550,random_forest,0.891342,0.894071113502209
T25_C2_D80_1,T25_C2_D80,4,550,600,persistence,0.88651,0.9026589816731204
T25_C2_D80_1,T25_C2_D80,4,550,600,local_linear,0.88651,0.8967116097300387
T25_C2_D80_1,T25_C2_D80,4,550,600,ridge,0.88651,0.8855323184693308
T25_C2_D80_1,T25_C2_D80,4,550,600,random_forest,0.88651,0.8900517723205263
T25_C2_D80_1,T25_C2_D80,4,600,650,persistence,0.881876,0.8916672969743644
T25_C2_D80_1,T25_C2_D80,4,600,650,local_linear,0.881876,0.8862877485832167
T25_C2_D80_1,T25_C2_D80,4,600,650,ridge,0.881876,0.874473286590564
T25_C2_D80_1,T25_C2_D80,4,600,650,random_forest,0.881876,0.8753682551485493
T25_C2_D80_1,T25_C2_D80,4,650,700,persistence,0.877417,0.8950609088807798
T25_C2_D80_1,T25_C2_D80,4,650,700,local_linear,0.877417,0.8908209262424784
T25_C2_D80_1,T25_C2_D80,4,650,700,ridge,0.877417,0.8782015263400508
T25_C2_D80_1,T25_C2_D80,4,650,700,random_forest,0.877417,0.8795365019586491
T25_C2_D80_1,T25_C2_D80,4,700,750,persistence,0.873115,0.8910145979262788
T25_C2_D80_1,T25_C2_D80,4,700,750,local_linear,0.873115,0.885713917642262
T25_C2_D80_1,T25_C2_D80,4,700,750,ridge,0.873115,0.8726529142825603
T25_C2_D80_1,T25_C2_D80,4,700,750,random_forest,0.873115,0.8754025387797618
T25_C2_D80_1,T25_C2_D80,4,750,800,persistence,0.868954,0.886090263941128
T25_C2_D80_1,T25_C2_D80,4,750,800,local_linear,0.868954,0.8838531262350025
T25_C2_D80_1,T25_C2_D80,4,750,800,ridge,0.868954,0.8692276034561369
T25_C2_D80_1,T25_C2_D80,4,750,800,random_forest,0.868954,0.8710720614057987
T25_C2_D80_1,T25_C2_D80,4,800,850,persistence,0.86492,0.8721069537837238
T25_C2_D80_1,T25_C2_D80,4,800,850,local_linear,0.86492,0.8665706989484198
T25_C2_D80_1,T25_C2_D80,4,800,850,ridge,0.86492,0.8561655493161493
T25_C2_D80_1,T25_C2_D80,4,800,850,random_forest,0.86492,0.8570404876715824
T25_C2_D80_1,T25_C2_D80,4,850,900,persistence,0.85906,0.8740883238275879
T25_C2_D80_1,T25_C2_D80,4,850,900,local_linear,0.85906,0.8699393519824115
T25_C2_D80_1,T25_C2_D80,4,850,900,ridge,0.85906,0.8561932721174241
T25_C2_D80_1,T25_C2_D80,4,850,900,random_forest,0.85906,0.8575681457095508
T25_C2_D80_1,T25_C2_D80,4,900,950,persistence,0.851443,0.865553516826042
T25_C2_D80_1,T25_C2_D80,4,900,950,local_linear,0.851443,0.8615010851744829
T25_C2_D80_1,T25_C2_D80,4,900,950,ridge,0.851443,0.8478836152954805
T25_C2_D80_1,T25_C2_D80,4,900,950,random_forest,0.851443,0.849414673175262
T25_C2_D80_1,T25_C2_D80,4,950,1000,persistence,0.844023,0.8572937531834945
T25_C2_D80_1,T25_C2_D80,4,950,1000,local_linear,0.844023,0.8501034298380569
T25_C2_D80_1,T25_C2_D80,4,950,1000,ridge,0.844023,0.8391464304997741
T25_C2_D80_1,T25_C2_D80,4,950,1000,random_forest,0.844023,0.8394041569530121
T35_C0p5_D100_2,T35_C0p5_D100,4,100,150,persistence,0.920756,0.9541800486761748
T35_C0p5_D100_2,T35_C0p5_D100,4,100,150,local_linear,0.920756,0.9284303336084139
T35_C0p5_D100_2,T35_C0p5_D100,4,100,150,ridge,0.920756,0.9258756105165711
T35_C0p5_D100_2,T35_C0p5_D100,4,100,150,random_forest,0.920756,0.9250830637285674
T35_C0p5_D100_2,T35_C0p5_D100,4,150,200,persistence,0.908496,0.9286731816036846
T35_C0p5_D100_2,T35_C0p5_D100,4,150,200,local_linear,0.908496,0.9102048076737688
T35_C0p5_D100_2,T35_C0p5_D100,4,150,200,ridge,0.908496,0.9046346487716337
T35_C0p5_D100_2,T35_C0p5_D100,4,150,200,random_forest,0.908496,0.9007056962826928
T35_C0p5_D100_2,T35_C0p5_D100,4,200,250,persistence,0.897696,0.9195420294178969
T35_C0p5_D100_2,T35_C0p5_D100,4,200,250,local_linear,0.897696,0.9054766695661397
T35_C0p5_D100_2,T35_C0p5_D100,4,200,250,ridge,0.897696,0.8968696247270503
T35_C0p5_D100_2,T35_C0p5_D100,4,200,250,random_forest,0.897696,0.8977691384343434
T35_C0p5_D100_2,T35_C0p5_D100,4,250,300,persistence,0.887932,0.9152706175257368
T35_C0p5_D100_2,T35_C0p5_D100,4,250,300,local_linear,0.887932,0.9035835900469138
T35_C0p5_D100_2,T35_C0p5_D100,4,250,300,ridge,0.887932,0.8929037651273277
T35_C0p5_D100_2,T35_C0p5_D100,4,250,300,random_forest,0.887932,0.8916596831768583
T35_C0p5_D100_2,T35_C0p5_D100,4,300,350,persistence,0.878952,0.8964810330554404
T35_C0p5_D100_2,T35_C0p5_D100,4,300,350,local_linear,0.878952,0.8868160987718842
T35_C0p5_D100_2,T35_C0p5_D100,4,300,350,ridge,0.878952,0.8764725176186677
T35_C0p5_D100_2,T35_C0p5_D100,4,300,350,random_forest,0.878952,0.8745616236622752
T35_C0p5_D100_2,T35_C0p5_D100,4,350,400,persistence,0.870594,0.8909586232820009
T35_C0p5_D100_2,T35_C0p5_D100,4,350,400,local_linear,0.870594,0.8814318608357138
T35_C0p5_D100_2,T35_C0p5_D100,4,350,400,ridge,0.870594,0.8699860392340871
T35_C0p5_D100_2,T35_C0p5_D100,4,350,400,random_forest,0.870594,0.8711792016121029
T35_C0p5_D100_2,T35_C0p5_D100,4,400,450,persistence,0.862745,0.8821740679118057
T35_C0p5_D100_2,T35_C0p5_D100,4,400,450,local_linear,0.862745,0.8747707676885982
T35_C0p5_D100_2,T35_C0p5_D100,4,400,450,ridge,0.862745,0.8621127155523013
T35_C0p5_D100_2,T35_C0p5_D100,4,400,450,random_forest,0.862745,0.862792348354146
T35_C0p5_D100_2,T35_C0p5_D100,4,450,500,persistence,0.85532,0.8752711787762621
T35_C0p5_D100_2,T35_C0p5_D100,4,450,500,local_linear,0.85532,0.8668704107758453
T35_C0p5_D100_2,T35_C0p5_D100,4,450,500,ridge,0.85532,0.8554597116288131
T35_C0p5_D100_2,T35_C0p5_D100,4,450,500,random_forest,0.85532,0.8544805875344972
T35_C0p5_D100_2,T35_C0p5_D100,4,500,550,persistence,0.848259,0.8609253199558777
T35_C0p5_D100_2,T35_C0p5_D100,4,500,550,local_linear,0.848259,0.8513480020962152
T35_C0p5_D100_2,T35_C0p5_D100,4,500,550,ridge,0.848259,0.8413015185472622
T35_C0p5_D100_2,T35_C0p5_D100,4,500,550,random_forest,0.848259,0.8412098902834142
T35_C0p5_D100_2,T35_C0p5_D100,4,550,600,persistence,0.841511,0.8608243933263373
T35_C0p5_D100_2,T35_C0p5_D100,4,550,600,local_linear,0.841511,0.8538118197002981
T35_C0p5_D100_2,T35_C0p5_D100,4,550,600,ridge,0.841511,0.8424505371772621
T35_C0p5_D100_2,T35_C0p5_D100,4,550,600,random_forest,0.841511,0.8421981551709055
T35_C0p5_D100_2,T35_C0p5_D100,4,600,650,persistence,0.83504,0.8541258190749852
T35_C0p5_D100_2,T35_C0p5_D100,4,600,650,local_linear,0.83504,0.8456170923066153
T35_C0p5_D100_2,T35_C0p5_D100,4,600,650,ridge,0.83504,0.8347013568299948
T35_C0p5_D100_2,T35_C0p5_D100,4,600,650,random_forest,0.83504,0.8338988075793472
T35_C0p5_D100_2,T35_C0p5_D100,4,650,700,persistence,0.828813,0.8506751129947465
T35_C0p5_D100_2,T35_C0p5_D100,4,650,700,local_linear,0.828813,0.8430675996611069
T35_C0p5_D100_2,T35_C0p5_D100,4,650,700,ridge,0.828813,0.8299426578067531
T35_C0p5_D100_2,T35_C0p5_D100,4,650,700,random_forest,0.828813,0.831924038317533
T35_C0p5_D100_2,T35_C0p5_D100,4,700,750,persistence,0.816796,0.8378958323948387
T35_C0p5_D100_2,T35_C0p5_D100,4,700,750,local_linear,0.816796,0.8316128605222345
T35_C0p5_D100_2,T35_C0p5_D100,4,700,750,ridge,0.816796,0.8181326195688188
T35_C0p5_D100_2,T35_C0p5_D100,4,700,750,random_forest,0.816796,0.8180239216937224
T35_C0p5_D100_2,T35_C0p5_D100,4,750,800,persistence,0.805173,0.8297104365765982
T35_C0p5_D100_2,T35_C0p5_D100,4,750,800,local_linear,0.805173,0.8196076659668041
T35_C0p5_D100_2,T35_C0p5_D100,4,750,800,ridge,0.805173,0.8078869288435936
T35_C0p5_D100_2,T35_C0p5_D100,4,750,800,random_forest,0.805173,0.8086454155662564
T35_C0p5_D100_2,T35_C0p5_D100,4,800,850,persistence,0.793909,0.8194794302913307
T35_C0p5_D100_2,T35_C0p5_D100,4,800,850,local_linear,0.793909,0.8072974458529921
T35_C0p5_D100_2,T35_C0p5_D100,4,800,850,ridge,0.793909,0.7977997063921703
T35_C0p5_D100_2,T35_C0p5_D100,4,800,850,random_forest,0.793909,0.8003609894815605
T35_C0p5_D100_2,T35_C0p5_D100,4,850,900,persistence,0.782971,0.8020629403078064
T35_C0p5_D100_2,T35_C0p5_D100,4,850,900,local_linear,0.782971,0.7907194082775898
T35_C0p5_D100_2,T35_C0p5_D100,4,850,900,ridge,0.782971,0.7813548254712565
T35_C0p5_D100_2,T35_C0p5_D100,4,850,900,random_forest,0.782971,0.7768791119510007
T35_C0p5_D100_2,T35_C0p5_D100,4,900,950,persistence,0.772333,0.7950374622417478
T35_C0p5_D100_2,T35_C0p5_D100,4,900,950,local_linear,0.772333,0.7828359206978189
T35_C0p5_D100_2,T35_C0p5_D100,4,900,950,ridge,0.772333,0.7733880061450898
T35_C0p5_D100_2,T35_C0p5_D100,4,900,950,random_forest,0.772333,0.7695417875175867
T35_C0p5_D100_2,T35_C0p5_D100,4,950,1000,persistence,0.761971,0.789242304406038
T35_C0p5_D100_2,T35_C0p5_D100,4,950,1000,local_linear,0.761971,0.7796500899108644
T35_C0p5_D100_2,T35_C0p5_D100,4,950,1000,ridge,0.761971,0.7676908399036559
T35_C0p5_D100_2,T35_C0p5_D100,4,950,1000,random_forest,0.761971,0.7657770238640873
T35_C0p5_D50_3,T35_C0p5_D50,4,100,150,persistence,0.957559,0.9806698429559482
T35_C0p5_D50_3,T35_C0p5_D50,4,100,150,local_linear,0.957559,0.9691203960343591
T35_C0p5_D50_3,T35_C0p5_D50,4,100,150,ridge,0.957559,0.9639923731526778
T35_C0p5_D50_3,T35_C0p5_D50,4,100,150,random_forest,0.957559,0.9613366153767589
T35_C0p5_D50_3,T35_C0p5_D50,4,150,200,persistence,0.950993,0.9696015004733076
T35_C0p5_D50_3,T35_C0p5_D50,4,150,200,local_linear,0.950993,0.9596223885802394
T35_C0p5_D50_3,T35_C0p5_D50,4,150,200,ridge,0.950993,0.9546151986788594
T35_C0p5_D50_3,T35_C0p5_D50,4,150,200,random_forest,0.950993,0.9525236459794376
T35_C0p5_D50_3,T35_C0p5_D50,4,200,250,persistence,0.945209,0.961796334658856
T35_C0p5_D50_3,T35_C0p5_D50,4,200,250,local_linear,0.945209,0.9537308056915612
T35_C0p5_D50_3,T35_C0p5_D50,4,200,250,ridge,0.945209,0.948912500010281
T35_C0p5_D50_3,T35_C0p5_D50,4,200,250,random_forest,0.945209,0.9484241452040496
T35_C0p5_D50_3,T35_C0p5_D50,4,250,300,persistence,0.939979,0.9556658742275679
T35_C0p5_D50_3,T35_C0p5_D50,4,250,300,local_linear,0.939979,0.9498756579477138
T35_C0p5_D50_3,T35_C0p5_D50,4,250,300,ridge,0.939979,0.9430251107845414
T35_C0p5_D50_3,T35_C0p5_D50,4,250,300,random_forest,0.939979,0.9405634370445874
T35_C0p5_D50_3,T35_C0p5_D50,4,300,350,persistence,0.93517,0.9550279378879309
T35_C0p5_D50_3,T35_C0p5_D50,4,300,350,local_linear,0.93517,0.9504987624011548
T35_C0p5_D50_3,T35_C0p5_D50,4,300,350,ridge,0.93517,0.9432341381868279
T35_C0p5_D50_3,T35_C0p5_D50,4,300,350,random_forest,0.93517,0.9421923752340371
T35_C0p5_D50_3,T35_C0p5_D50,4,350,400,persistence,0.930694,0.9502228367490528
T35_C0p5_D50_3,T35_C0p5_D50,4,350,400,local_linear,0.930694,0.9453229280543994
T35_C0p5_D50_3,T35_C0p5_D50,4,350,400,ridge,0.930694,0.9379426484883852
T35_C0p5_D50_3,T35_C0p5_D50,4,350,400,random_forest,0.930694,0.9358758134061596
T35_C0p5_D50_3,T35_C0p5_D50,4,400,450,persistence,0.92649,0.9435318546798658
T35_C0p5_D50_3,T35_C0p5_D50,4,400,450,local_linear,0.92649,0.9384621240194688
T35_C0p5_D50_3,T35_C0p5_D50,4,400,450,ridge,0.92649,0.9314195769386336
T35_C0p5_D50_3,T35_C0p5_D50,4,400,450,random_forest,0.92649,0.9294188182000818
T35_C0p5_D50_3,T35_C0p5_D50,4,450,500,persistence,0.922513,0.934210242650993
T35_C0p5_D50_3,T35_C0p5_D50,4,450,500,local_linear,0.922513,0.9296454823389162
T35_C0p5_D50_3,T35_C0p5_D50,4,450,500,ridge,0.922513,0.9236035197634591
T35_C0p5_D50_3,T35_C0p5_D50,4,450,500,random_forest,0.922513,0.9238412982814406
T35_C0p5_D50_3,T35_C0p5_D50,4,500,550,persistence,0.918731,0.9368403826442119
T35_C0p5_D50_3,T35_C0p5_D50,4,500,550,local_linear,0.918731,0.9328196698949998
T35_C0p5_D50_3,T35_C0p5_D50,4,500,550,ridge,0.918731,0.9253229881375603
T35_C0p5_D50_3,T35_C0p5_D50,4,500,550,random_forest,0.918731,0.9245629682848229
T35_C0p5_D50_3,T35_C0p5_D50,4,550,600,persistence,0.915118,0.9288529493041496
T35_C0p5_D50_3,T35_C0p5_D50,4,550,600,local_linear,0.915118,0.925517504125672
T35_C0p5_D50_3,T35_C0p5_D50,4,550,600,ridge,0.915118,0.9180878326872055
T35_C0p5_D50_3,T35_C0p5_D50,4,550,600,random_forest,0.915118,0.9168730578959231
T35_C0p5_D50_3,T35_C0p5_D50,4,600,650,persistence,0.911652,0.9278475381144915
T35_C0p5_D50_3,T35_C0p5_D50,4,600,650,local_linear,0.911652,0.9230670778934493
T35_C0p5_D50_3,T35_C0p5_D50,4,600,650,ridge,0.911652,0.9167961826253743
T35_C0p5_D50_3,T35_C0p5_D50,4,600,650,random_forest,0.911652,0.9165123904935861
T35_C0p5_D50_3,T35_C0p5_D50,4,650,700,persistence,0.908317,0.9201374257945787
T35_C0p5_D50_3,T35_C0p5_D50,4,650,700,local_linear,0.908317,0.9175932076616418
T35_C0p5_D50_3,T35_C0p5_D50,4,650,700,ridge,0.908317,0.9098304678699405
T35_C0p5_D50_3,T35_C0p5_D50,4,650,700,random_forest,0.908317,0.9081098542755681
T35_C0p5_D50_3,T35_C0p5_D50,4,700,750,persistence,0.905099,0.9198934224941645
T35_C0p5_D50_3,T35_C0p5_D50,4,700,750,local_linear,0.905099,0.9150535760734876
T35_C0p5_D50_3,T35_C0p5_D50,4,700,750,ridge,0.905099,0.9100180009309949
T35_C0p5_D50_3,T35_C0p5_D50,4,700,750,random_forest,0.905099,0.9089730583267943
T35_C0p5_D50_3,T35_C0p5_D50,4,750,800,persistence,0.901986,0.9172985600865476
T35_C0p5_D50_3,T35_C0p5_D50,4,750,800,local_linear,0.901986,0.9147458868347093
T35_C0p5_D50_3,T35_C0p5_D50,4,750,800,ridge,0.901986,0.9071736338452968
T35_C0p5_D50_3,T35_C0p5_D50,4,750,800,random_forest,0.901986,0.9069067995292203
T35_C0p5_D50_3,T35_C0p5_D50,4,800,850,persistence,0.89897,0.9153190955610998
T35_C0p5_D50_3,T35_C0p5_D50,4,800,850,local_linear,0.89897,0.9107502054476583
T35_C0p5_D50_3,T35_C0p5_D50,4,800,850,ridge,0.89897,0.9030820935536434
T35_C0p5_D50_3,T35_C0p5_D50,4,800,850,random_forest,0.89897,0.9025935252993363
T35_C0p5_D50_3,T35_C0p5_D50,4,850,900,persistence,0.896041,0.9033766529018754
T35_C0p5_D50_3,T35_C0p5_D50,4,850,900,local_linear,0.896041,0.9005564325274188
T35_C0p5_D50_3,T35_C0p5_D50,4,850,900,ridge,0.896041,0.8938858878171142
T35_C0p5_D50_3,T35_C0p5_D50,4,850,900,random_forest,0.896041,0.8928336024925588
T35_C0p5_D50_3,T35_C0p5_D50,4,900,950,persistence,0.893192,0.9103008590092094
T35_C0p5_D50_3,T35_C0p5_D50,4,900,950,local_linear,0.893192,0.9060385063531881
T35_C0p5_D50_3,T35_C0p5_D50,4,900,950,ridge,0.893192,0.8995158930997593
T35_C0p5_D50_3,T35_C0p5_D50,4,900,950,random_forest,0.893192,0.900620606343448
T35_C0p5_D50_3,T35_C0p5_D50,4,950,1000,persistence,0.890417,0.9039273752104405
T35_C0p5_D50_3,T35_C0p5_D50,4,950,1000,local_linear,0.890417,0.901657540650927
T35_C0p5_D50_3,T35_C0p5_D50,4,950,1000,ridge,0.890417,0.892822171849461
T35_C0p5_D50_3,T35_C0p5_D50,4,950,1000,random_forest,0.890417,0.8922046498915492
T35_C1_D100_0,T35_C1_D100,4,100,150,persistence,0.917607,0.9527423053190489
T35_C1_D100_0,T35_C1_D100,4,100,150,local_linear,0.917607,0.9274091851519167
T35_C1_D100_0,T35_C1_D100,4,100,150,ridge,0.917607,0.9231491618538736
T35_C1_D100_0,T35_C1_D100,4,100,150,random_forest,0.917607,0.9248718562982369
T35_C1_D100_0,T35_C1_D100,4,150,200,persistence,0.90486,0.9386086219023846
T35_C1_D100_0,T35_C1_D100,4,150,200,local_linear,0.90486,0.9205818103718088
T35_C1_D100_0,T35_C1_D100,4,150,200,ridge,0.90486,0.9130331700028593
T35_C1_D100_0,T35_C1_D100,4,150,200,random_forest,0.90486,0.9128780745952831
T35_C1_D100_0,T35_C1_D100,4,200,250,persistence,0.893631,0.9207670684668533
T35_C1_D100_0,T35_C1_D100,4,200,250,local_linear,0.893631,0.9066226964180023
T35_C1_D100_0,T35_C1_D100,4,200,250,ridge,0.893631,0.8968212513007018
T35_C1_D100_0,T35_C1_D100,4,200,250,random_forest,0.893631,0.8976855781416845
T35_C1_D100_0,T35_C1_D100,4,250,300,persistence,0.883478,0.9095088760852287
T35_C1_D100_0,T35_C1_D100,4,250,300,local_linear,0.883478,0.8984413581869751
T35_C1_D100_0,T35_C1_D100,4,250,300,ridge,0.883478,0.8874115248903798
T35_C1_D100_0,T35_C1_D100,4,250,300,random_forest,0.883478,0.8889084916170635
T35_C1_D100_0,T35_C1_D100,4,300,350,persistence,0.874142,0.9037319932658052
T35_C1_D100_0,T35_C1_D100,4,300,350,local_linear,0.874142,0.8929649728496469
T35_C1_D100_0,T35_C1_D100,4,300,350,ridge,0.874142,0.8795720698608834
T35_C1_D100_0,T35_C1_D100,4,300,350,random_forest,0.874142,0.8808086112305062
T35_C1_D100_0,T35_C1_D100,4,350,400,persistence,0.865452,0.8883362831408975
T35_C1_D100_0,T35_C1_D100,4,350,400,local_linear,0.865452,0.8790032694761079
T35_C1_D100_0,T35_C1_D100,4,350,400,ridge,0.865452,0.8665741212077475
T35_C1_D100_0,T35_C1_D100,4,350,400,random_forest,0.865452,0.8671296733671534
T35_C1_D100_0,T35_C1_D100,4,400,450,persistence,0.857291,0.8852672982725216
T35_C1_D100_0,T35_C1_D100,4,400,450,local_linear,0.857291,0.8763641694238924
T35_C1_D100_0,T35_C1_D100,4,400,450,ridge,0.857291,0.8632338533749466
T35_C1_D100_0,T35_C1_D100,4,400,450,random_forest,0.857291,0.864695230604708
T35_C1_D100_0,T35_C1_D100,4,450,500,persistence,0.849571,0.8663043947477342
T35_C1_D100_0,T35_C1_D100,4,450,500,local_linear,0.849571,0.8575640686937277
T35_C1_D100_0,T35_C1_D100,4,450,500,ridge,0.849571,0.8474276570524434
T35_C1_D100_0,T35_C1_D100,4,450,500,random_forest,0.849571,0.8486774674695617
T35_C1_D100_0,T35_C1_D100,4,500,550,persistence,0.842229,0.8662932218754682
T35_C1_D100_0,T35_C1_D100,4,500,550,local_linear,0.842229,0.8586689086037633
T35_C1_D100_0,T35_C1_D100,4,500,550,ridge,0.842229,0.8457395626439048
T35_C1_D100_0,T35_C1_D100,4,500,550,random_forest,0.842229,0.8475373898046226
T35_C1_D100_0,T35_C1_D100,4,550,600,persistence,0.835214,0.8570375129186335
T35_C1_D100_0,T35_C1_D100,4,550,600,local_linear,0.835214,0.8481072004958556
T35_C1_D100_0,T35_C1_D100,4,550,600,ridge,0.835214,0.8358926736357611
T35_C1_D100_0,T35_C1_D100,4,550,600,random_forest,0.835214,0.837730354816468
T35_C1_D100_0,T35_C1_D100,4,600,650,persistence,0.828485,0.8525277353857561
T35_C1_D100_0,T35_C1_D100,4,600,650,local_linear,0.828485,0.8454404044404836
T35_C1_D100_0,T35_C1_D100,4,600,650,ridge,0.828485,0.8311347515459196
T35_C1_D100_0,T35_C1_D100,4,600,650,random_forest,0.828485,0.8311008240827741
T35_C1_D100_0,T35_C1_D100,4,650,700,persistence,0.82201,0.8504399318454792
T35_C1_D100_0,T35_C1_D100,4,650,700,local_linear,0.82201,0.8447163218344378
T35_C1_D100_0,T35_C1_D100,4,650,700,ridge,0.82201,0.8288873596184838
T35_C1_D100_0,T35_C1_D100,4,650,700,random_forest,0.82201,0.8319176174851008
T35_C1_D100_0,T35_C1_D100,4,700,750,persistence,0.809516,0.8372214082389776
T35_C1_D100_0,T35_C1_D100,4,700,750,local_linear,0.809516,0.8295339988506216
T35_C1_D100_0,T35_C1_D100,4,700,750,ridge,0.809516,0.8152928097369412
T35_C1_D100_0,T35_C1_D100,4,700,750,random_forest,0.809516,0.8159308074904263
T35_C1_D100_0,T35_C1_D100,4,750,800,persistence,0.797432,0.8260663109968995
T35_C1_D100_0,T35_C1_D100,4,750,800,local_linear,0.797432,0.8162847401697287
T35_C1_D100_0,T35_C1_D100,4,750,800,ridge,0.797432,0.8034825291221588
T35_C1_D100_0,T35_C1_D100,4,750,800,random_forest,0.797432,0.8031511187278865
T35_C1_D100_0,T35_C1_D100,4,800,850,persistence,0.785719,0.8119112975513635
T35_C1_D100_0,T35_C1_D100,4,800,850,local_linear,0.785719,0.7989181393997108
T35_C1_D100_0,T35_C1_D100,4,800,850,ridge,0.785719,0.7893437460932453
T35_C1_D100_0,T35_C1_D100,4,800,850,random_forest,0.785719,0.7852043329004328
T35_C1_D100_0,T35_C1_D100,4,850,900,persistence,0.774347,0.8015804535678283
T35_C1_D100_0,T35_C1_D100,4,850,900,local_linear,0.774347,0.7881792716473502
T35_C1_D100_0,T35_C1_D100,4,850,900,ridge,0.774347,0.7810823026517466
T35_C1_D100_0,T35_C1_D100,4,850,900,random_forest,0.774347,0.7755939481473215
T35_C1_D100_0,T35_C1_D100,4,900,950,persistence,0.763286,0.787383287922379
T35_C1_D100_0,T35_C1_D100,4,900,950,local_linear,0.763286,0.7760861358512702
T35_C1_D100_0,T35_C1_D100,4,900,950,ridge,0.763286,0.7667724316025095
T35_C1_D100_0,T35_C1_D100,4,900,950,random_forest,0.763286,0.7648727071611199
T35_C1_D100_0,T35_C1_D100,4,950,1000,persistence,0.752513,0.7794144907074714
T35_C1_D100_0,T35_C1_D100,4,950,1000,local_linear,0.752513,0.7681152386373775
T35_C1_D100_0,T35_C1_D100,4,950,1000,ridge,0.752513,0.7577186033184267
T35_C1_D100_0,T35_C1_D100,4,950,1000,random_forest,0.752513,0.7523934285879744
T35_C1_D50_1,T35_C1_D50,4,100,150,persistence,0.955013,0.9777795477832649
T35_C1_D50_1,T35_C1_D50,4,100,150,local_linear,0.955013,0.9647591226014651
T35_C1_D50_1,T35_C1_D50,4,100,150,ridge,0.955013,0.9600493762556941
T35_C1_D50_1,T35_C1_D50,4,100,150,random_forest,0.955013,0.9585443615879778
T35_C1_D50_1,T35_C1_D50,4,150,200,persistence,0.948054,0.9721101218747111
T35_C1_D50_1,T35_C1_D50,4,150,200,local_linear,0.948054,0.9642353618868976
T35_C1_D50_1,T35_C1_D50,4,150,200,ridge,0.948054,0.9562331769542294
T35_C1_D50_1,T35_C1_D50,4,150,200,random_forest,0.948054,0.9552057405551742
T35_C1_D50_1,T35_C1_D50,4,200,250,persistence,0.941922,0.9601247263866519
T35_C1_D50_1,T35_C1_D50,4,200,250,local_linear,0.941922,0.9497812142637586
T35_C1_D50_1,T35_C1_D50,4,200,250,ridge,0.941922,0.9458184941789143
T35_C1_D50_1,T35_C1_D50,4,200,250,random_forest,0.941922,0.9459731340777973
T35_C1_D50_1,T35_C1_D50,4,250,300,persistence,0.936379,0.9535044141970174
T35_C1_D50_1,T35_C1_D50,4,250,300,local_linear,0.936379,0.9467992416708085
T35_C1_D50_1,T35_C1_D50,4,250,300,ridge,0.936379,0.9392876747590324
T35_C1_D50_1,T35_C1_D50,4,250,300,random_forest,0.936379,0.9364035233744031
T35_C1_D50_1,T35_C1_D50,4,300,350,persistence,0.931281,0.9417953362322091
T35_C1_D50_1,T35_C1_D50,4,300,350,local_linear,0.931281,0.9351773562580252
T35_C1_D50_1,T35_C1_D50,4,300,350,ridge,0.931281,0.9293223328929673
T35_C1_D50_1,T35_C1_D50,4,300,350,random_forest,0.931281,0.9272881621933621
T35_C1_D50_1,T35_C1_D50,4,350,400,persistence,0.926537,0.9439075427800493
T35_C1_D50_1,T35_C1_D50,4,350,400,local_linear,0.926537,0.937085580692873
T35_C1_D50_1,T35_C1_D50,4,350,400,ridge,0.926537,0.9293804005807336
T35_C1_D50_1,T35_C1_D50,4,350,400,random_forest,0.926537,0.9272917145421248
T35_C1_D50_1,T35_C1_D50,4,400,450,persistence,0.92208,0.9392706200722556
T35_C1_D50_1,T35_C1_D50,4,400,450,local_linear,0.92208,0.93370822618367
T35_C1_D50_1,T35_C1_D50,4,400,450,ridge,0.92208,0.9251263031264446
T35_C1_D50_1,T35_C1_D50,4,400,450,random_forest,0.92208,0.92264219944134
T35_C1_D50_1,T35_C1_D50,4,450,500,persistence,0.917866,0.931694504919632
T35_C1_D50_1,T35_C1_D50,4,450,500,local_linear,0.917866,0.9277317941303781
T35_C1_D50_1,T35_C1_D50,4,450,500,ridge,0.917866,0.9202932168457535
T35_C1_D50_1,T35_C1_D50,4,450,500,random_forest,0.917866,0.9218952775482505
T35_C1_D50_1,T35_C1_D50,4,500,550,persistence,0.913857,0.9282587276020556
T35_C1_D50_1,T35_C1_D50,4,500,550,local_linear,0.913857,0.9226397424539287
T35_C1_D50_1,T35_C1_D50,4,500,550,ridge,0.913857,0.9158744426711872
T35_C1_D50_1,T35_C1_D50,4,500,550,random_forest,0.913857,0.91573696592692
T35_C1_D50_1,T35_C1_D50,4,550,600,persistence,0.910026,0.9283565695720324
T35_C1_D50_1,T35_C1_D50,4,550,600,local_linear,0.910026,0.9248244252890517
T35_C1_D50_1,T35_C1_D50,4,550,600,ridge,0.910026,0.9158541247065659
T35_C1_D50_1,T35_C1_D50,4,550,600,random_forest,0.910026,0.9150075480988458
T35_C1_D50_1,T35_C1_D50,4,600,650,persistence,0.906352,0.9208419129432635
T35_C1_D50_1,T35_C1_D50,4,600,650,local_linear,0.906352,0.9158520592133906
T35_C1_D50_1,T35_C1_D50,4,600,650,ridge,0.906352,0.9084795675989948
T35_C1_D50_1,T35_C1_D50,4,600,650,random_forest,0.906352,0.9051564851681648
T35_C1_D50_1,T35_C1_D50,4,650,700,persistence,0.902817,0.9177001532038084
T35_C1_D50_1,T35_C1_D50,4,650,700,local_linear,0.902817,0.9145213925195672
T35_C1_D50_1,T35_C1_D50,4,650,700,ridge,0.902817,0.9059760446565421
T35_C1_D50_1,T35_C1_D50,4,650,700,random_forest,0.902817,0.9057635262026512
T35_C1_D50_1,T35_C1_D50,4,700,750,persistence,0.899406,0.910745506644404
T35_C1_D50_1,T35_C1_D50,4,700,750,local_linear,0.899406,0.904934995419998
T35_C1_D50_1,T35_C1_D50,4,700,750,ridge,0.899406,0.8999183671944686
T35_C1_D50_1,T35_C1_D50,4,700,750,random_forest,0.899406,0.8997002616851548
T35_C1_D50_1,T35_C1_D50,4,750,800,persistence,0.896107,0.9159984895953178
T35_C1_D50_1,T35_C1_D50,4,750,800,local_linear,0.896107,0.9124020671827819
T35_C1_D50_1,T35_C1_D50,4,750,800,ridge,0.896107,0.9028926023314253
T35_C1_D50_1,T35_C1_D50,4,750,800,random_forest,0.896107,0.9012732720505534
T35_C1_D50_1,T35_C1_D50,4,800,850,persistence,0.89291,0.9066445022646238
T35_C1_D50_1,T35_C1_D50,4,800,850,local_linear,0.89291,0.9050512661699763
T35_C1_D50_1,T35_C1_D50,4,800,850,ridge,0.89291,0.8965618234230897
T35_C1_D50_1,T35_C1_D50,4,800,850,random_forest,0.89291,0.8953581187097448
T35_C1_D50_1,T35_C1_D50,4,850,900,persistence,0.889805,0.9034034255506194
T35_C1_D50_1,T35_C1_D50,4,850,900,local_linear,0.889805,0.8991337422500947
T35_C1_D50_1,T35_C1_D50,4,850,900,ridge,0.889805,0.8926148965417767
T35_C1_D50_1,T35_C1_D50,4,850,900,random_forest,0.889805,0.8931406698667477
T35_C1_D50_1,T35_C1_D50,4,900,950,persistence,0.886786,0.9018610624359603
T35_C1_D50_1,T35_C1_D50,4,900,950,local_linear,0.886786,0.8955745715581995
T35_C1_D50_1,T35_C1_D50,4,900,950,ridge,0.886786,0.8897010810504553
T35_C1_D50_1,T35_C1_D50,4,900,950,random_forest,0.886786,0.8873665702884876
T35_C1_D50_1,T35_C1_D50,4,950,1000,persistence,0.883844,0.897134656117434
T35_C1_D50_1,T35_C1_D50,4,950,1000,local_linear,0.883844,0.8948128093632535
T35_C1_D50_1,T35_C1_D50,4,950,1000,ridge,0.883844,0.8857026369581118
T35_C1_D50_1,T35_C1_D50,4,950,1000,random_forest,0.883844,0.8820303641708465
T35_C1_D80_2,T35_C1_D80,4,100,150,persistence,0.938585,0.959683458126776
T35_C1_D80_2,T35_C1_D80,4,100,150,local_linear,0.938585,0.9389158069847234
T35_C1_D80_2,T35_C1_D80,4,100,150,ridge,0.938585,0.9355760092595286
T35_C1_D80_2,T35_C1_D80,4,100,150,random_forest,0.938585,0.9367913555357147
T35_C1_D80_2,T35_C1_D80,4,150,200,persistence,0.929085,0.9445058645622866
T35_C1_D80_2,T35_C1_D80,4,150,200,local_linear,0.929085,0.931092238187711
T35_C1_D80_2,T35_C1_D80,4,150,200,ridge,0.929085,0.9237358548988798
T35_C1_D80_2,T35_C1_D80,4,150,200,random_forest,0.929085,0.9219559248735122
T35_C1_D80_2,T35_C1_D80,4,200,250,persistence,0.920714,0.933365525946823
T35_C1_D80_2,T35_C1_D80,4,200,250,local_linear,0.920714,0.9230998167908405
T35_C1_D80_2,T35_C1_D80,4,200,250,ridge,0.920714,0.913682221303008
T35_C1_D80_2,T35_C1_D80,4,200,250,random_forest,0.920714,0.9122752319712741
T35_C1_D80_2,T35_C1_D80,4,250,300,persistence,0.913147,0.926664849949005
T35_C1_D80_2,T35_C1_D80,4,250,300,local_linear,0.913147,0.9155641757526285
T35_C1_D80_2,T35_C1_D80,4,250,300,ridge,0.913147,0.9073620553773101
T35_C1_D80_2,T35_C1_D80,4,250,300,random_forest,0.913147,0.9055126499625723
T35_C1_D80_2,T35_C1_D80,4,300,350,persistence,0.906188,0.9168630463154755
T35_C1_D80_2,T35_C1_D80,4,300,350,local_linear,0.906188,0.9099964808641201
T35_C1_D80_2,T35_C1_D80,4,300,350,ridge,0.906188,0.9002839171549261
T35_C1_D80_2,T35_C1_D80,4,300,350,random_forest,0.906188,0.9018414165788211
T35_C1_D80_2,T35_C1_D80,4,350,400,persistence,0.89971,0.917270160506535
T35_C1_D80_2,T35_C1_D80,4,350,400,local_linear,0.89971,0.9111670901472849
T35_C1_D80_2,T35_C1_D80,4,350,400,ridge,0.89971,0.8985166159074465
T35_C1_D80_2,T35_C1_D80,4,350,400,random_forest,0.89971,0.9002817435919461
T35_C1_D80_2,T35_C1_D80,4,400,450,persistence,0.893627,0.9068616861304905
T35_C1_D80_2,T35_C1_D80,4,400,450,local_linear,0.893627,0.9008637358722722
T35_C1_D80_2,T35_C1_D80,4,400,450,ridge,0.893627,0.8885703862151226
T35_C1_D80_2,T35_C1_D80,4,400,450,random_forest,0.893627,0.8896679588343256
T35_C1_D80_2,T35_C1_D80,4,450,500,persistence,0.887873,0.90037609820818
T35_C1_D80_2,T35_C1_D80,4,450,500,local_linear,0.887873,0.8931793571457531
T35_C1_D80_2,T35_C1_D80,4,450,500,ridge,0.887873,0.8820188981467865
T35_C1_D80_2,T35_C1_D80,4,450,500,random_forest,0.887873,0.8818144323606081
T35_C1_D80_2,T35_C1_D80,4,500,550,persistence,0.8824,0.8903234369285989
T35_C1_D80_2,T35_C1_D80,4,500,550,local_linear,0.8824,0.8842555519549743
T35_C1_D80_2,T35_C1_D80,4,500,550,ridge,0.8824,0.8730562171439262
T35_C1_D80_2,T35_C1_D80,4,500,550,random_forest,0.8824,0.8726264893157017
T35_C1_D80_2,T35_C1_D80,4,550,600,persistence,0.877171,0.8866146972458844
T35_C1_D80_2,T35_C1_D80,4,550,600,local_linear,0.877171,0.8800591856225315
T35_C1_D80_2,T35_C1_D80,4,550,600,ridge,0.877171,0.8684565366934909
T35_C1_D80_2,T35_C1_D80,4,550,600,random_forest,0.877171,0.8694109059086925
T35_C1_D80_2,T35_C1_D80,4,600,650,persistence,0.872155,0.8827369934075742
T35_C1_D80_2,T35_C1_D80,4,600,650,local_linear,0.872155,0.8781214137464872
T35_C1_D80_2,T35_C1_D80,4,600,650,ridge,0.872155,0.8648651352619632
T35_C1_D80_2,T35_C1_D80,4,600,650,random_forest,0.872155,0.867102496623151
T35_C1_D80_2,T35_C1_D80,4,650,700,persistence,0.867329,0.8768896099281269
T35_C1_D80_2,T35_C1_D80,4,650,700,local_linear,0.867329,0.8729007320424887
T35_C1_D80_2,T35_C1_D80,4,650,700,ridge,0.867329,0.8600719902370181
T35_C1_D80_2,T35_C1_D80,4,650,700,random_forest,0.867329,0.8632446317975951
T35_C1_D80_2,T35_C1_D80,4,700,750,persistence,0.862673,0.8785952536603803
T35_C1_D80_2,T35_C1_D80,4,700,750,local_linear,0.862673,0.8736883737269789
T35_C1_D80_2,T35_C1_D80,4,700,750,ridge,0.862673,0.8592490459098836
T35_C1_D80_2,T35_C1_D80,4,700,750,random_forest,0.862673,0.8623538736677039
T35_C1_D80_2,T35_C1_D80,4,750,800,persistence,0.858169,0.8702727100297407
T35_C1_D80_2,T35_C1_D80,4,750,800,local_linear,0.858169,0.8660393071924807
T35_C1_D80_2,T35_C1_D80,4,750,800,ridge,0.858169,0.8524083924227313
T35_C1_D80_2,T35_C1_D80,4,750,800,random_forest,0.858169,0.8549549040285667
T35_C1_D80_2,T35_C1_D80,4,800,850,persistence,0.853804,0.8634830807578068
T35_C1_D80_2,T35_C1_D80,4,800,850,local_linear,0.853804,0.8601082217487434
T35_C1_D80_2,T35_C1_D80,4,800,850,ridge,0.853804,0.845578309205781
T35_C1_D80_2,T35_C1_D80,4,800,850,random_forest,0.853804,0.8470670199124486
T35_C1_D80_2,T35_C1_D80,4,850,900,persistence,0.847461,0.8577571255573113
T35_C1_D80_2,T35_C1_D80,4,850,900,local_linear,0.847461,0.8518315674885476
T35_C1_D80_2,T35_C1_D80,4,850,900,ridge,0.847461,0.8387720940513681
T35_C1_D80_2,T35_C1_D80,4,850,900,random_forest,0.847461,0.841768060544057
T35_C1_D80_2,T35_C1_D80,4,900,950,persistence,0.839217,0.8539486075988689
T35_C1_D80_2,T35_C1_D80,4,900,950,local_linear,0.839217,0.8481540593172213
T35_C1_D80_2,T35_C1_D80,4,900,950,ridge,0.839217,0.8351703116462812
T35_C1_D80_2,T35_C1_D80,4,900,950,random_forest,0.839217,0.835559236008956
T35_C1_D80_2,T35_C1_D80,4,950,1000,persistence,0.831187,0.8395433543667823
T35_C1_D80_2,T35_C1_D80,4,950,1000,local_linear,0.831187,0.8313433278838174
T35_C1_D80_2,T35_C1_D80,4,950,1000,ridge,0.831187,0.8193856640619895
T35_C1_D80_2,T35_C1_D80,4,950,1000,random_forest,0.831187,0.8196244996160263
T35_C2_D100_3,T35_C2_D100,4,100,150,persistence,0.912473,0.9491232084125659
T35_C2_D100_3,T35_C2_D100,4,100,150,local_linear,0.912473,0.9213394731534928
T35_C2_D100_3,T35_C2_D100,4,100,150,ridge,0.912473,0.9179078276390131
T35_C2_D100_3,T35_C2_D100,4,100,150,random_forest,0.912473,0.922458446868899
T35_C2_D100_3,T35_C2_D100,4,150,200,persistence,0.898932,0.9248349192029579
T35_C2_D100_3,T35_C2_D100,4,150,200,local_linear,0.898932,0.9061014952685277
T35_C2_D100_3,T35_C2_D100,4,150,200,ridge,0.898932,0.8992734824276216
T35_C2_D100_3,T35_C2_D100,4,150,200,random_forest,0.898932,0.8996765546072325
T35_C2_D100_3,T35_C2_D100,4,200,250,persistence,0.887003,0.9105995294176576
T35_C2_D100_3,T35_C2_D100,4,200,250,local_linear,0.887003,0.8945010318865022
T35_C2_D100_3,T35_C2_D100,4,200,250,ridge,0.887003,0.8857750144614847
T35_C2_D100_3,T35_C2_D100,4,200,250,random_forest,0.887003,0.8841901889416486
T35_C2_D100_3,T35_C2_D100,4,250,300,persistence,0.876218,0.898939585293767
T35_C2_D100_3,T35_C2_D100,4,250,300,local_linear,0.876218,0.884719560340101
T35_C2_D100_3,T35_C2_D100,4,250,300,ridge,0.876218,0.874939781825525
T35_C2_D100_3,T35_C2_D100,4,250,300,random_forest,0.876218,0.870240773849206
T35_C2_D100_3,T35_C2_D100,4,300,350,persistence,0.8663,0.8912753386729306
T35_C2_D100_3,T35_C2_D100,4,300,350,local_linear,0.8663,0.8816112847537803
T35_C2_D100_3,T35_C2_D100,4,300,350,ridge,0.8663,0.8680285682710502
T35_C2_D100_3,T35_C2_D100,4,300,350,random_forest,0.8663,0.8700061205546538
T35_C2_D100_3,T35_C2_D100,4,350,400,persistence,0.857069,0.8835829165930756
T35_C2_D100_3,T35_C2_D100,4,350,400,local_linear,0.857069,0.8706634149220098
T35_C2_D100_3,T35_C2_D100,4,350,400,ridge,0.857069,0.8604080728304131
T35_C2_D100_3,T35_C2_D100,4,350,400,random_forest,0.857069,0.8624480111013112
T35_C2_D100_3,T35_C2_D100,4,400,450,persistence,0.848398,0.8682497274415665
T35_C2_D100_3,T35_C2_D100,4,400,450,local_linear,0.848398,0.856770619757527
T35_C2_D100_3,T35_C2_D100,4,400,450,ridge,0.848398,0.8461523698123228
T35_C2_D100_3,T35_C2_D100,4,400,450,random_forest,0.848398,0.8471347917164952
T35_C2_D100_3,T35_C2_D100,4,450,500,persistence,0.840198,0.8618043303071673
T35_C2_D100_3,T35_C2_D100,4,450,500,local_linear,0.840198,0.8526116698421037
T35_C2_D100_3,T35_C2_D100,4,450,500,ridge,0.840198,0.8406483691732505
T35_C2_D100_3,T35_C2_D100,4,450,500,random_forest,0.840198,0.8433400142088292
T35_C2_D100_3,T35_C2_D100,4,500,550,persistence,0.832398,0.8540080764431509
T35_C2_D100_3,T35_C2_D100,4,500,550,local_linear,0.832398,0.8460644470603085
T35_C2_D100_3,T35_C2_D100,4,500,550,ridge,0.832398,0.8336032915503259
T35_C2_D100_3,T35_C2_D100,4,500,550,random_forest,0.832398,0.8365375683500178
T35_C2_D100_3,T35_C2_D100,4,550,600,persistence,0.824946,0.8463297420928052
T35_C2_D100_3,T35_C2_D100,4,550,600,local_linear,0.824946,0.839326729108089
T35_C2_D100_3,T35_C2_D100,4,550,600,ridge,0.824946,0.8254498154405036
T35_C2_D100_3,T35_C2_D100,4,550,600,random_forest,0.824946,0.8258982863113274
T35_C2_D100_3,T35_C2_D100,4,600,650,persistence,0.817798,0.8376569183926527
T35_C2_D100_3,T35_C2_D100,4,600,650,local_linear,0.817798,0.8292714530026756
T35_C2_D100_3,T35_C2_D100,4,600,650,ridge,0.817798,0.8164634443829576
T35_C2_D100_3,T35_C2_D100,4,600,650,random_forest,0.817798,0.8142910562554112
T35_C2_D100_3,T35_C2_D100,4,650,700,persistence,0.81092,0.8266893600857577
T35_C2_D100_3,T35_C2_D100,4,650,700,local_linear,0.81092,0.8186682498343467
T35_C2_D100_3,T35_C2_D100,4,650,700,ridge,0.81092,0.80664942322732
T35_C2_D100_3,T35_C2_D100,4,650,700,random_forest,0.81092,0.8045056261401964
T35_C2_D100_3,T35_C2_D100,4,700,750,persistence,0.797647,0.826799974850794
T35_C2_D100_3,T35_C2_D100,4,700,750,local_linear,0.797647,0.8203143477470872
T35_C2_D100_3,T35_C2_D100,4,700,750,ridge,0.797647,0.8054257866682223
T35_C2_D100_3,T35_C2_D100,4,700,750,random_forest,0.797647,0.8041318090699405
T35_C2_D100_3,T35_C2_D100,4,750,800,persistence,0.78481,0.8074867412290188
T35_C2_D100_3,T35_C2_D100,4,750,800,local_linear,0.78481,0.7981575180326848
T35_C2_D100_3,T35_C2_D100,4,750,800,ridge,0.78481,0.7872890526807672
T35_C2_D100_3,T35_C2_D100,4,750,800,random_forest,0.78481,0.7849346029924245
T35_C2_D100_3,T35_C2_D100,4,800,850,persistence,0.772368,0.798741391810281
T35_C2_D100_3,T35_C2_D100,4,800,850,local_linear,0.772368,0.7848550699787197
T35_C2_D100_3,T35_C2_D100,4,800,850,ridge,0.772368,0.7753632133527487
T35_C2_D100_3,T35_C2_D100,4,800,850,random_forest,0.772368,0.7694616053717986
T35_C2_D100_3,T35_C2_D100,4,850,900,persistence,0.760286,0.7901875311593184
T35_C2_D100_3,T35_C2_D100,4,850,900,local_linear,0.760286,0.7788230447216448
T35_C2_D100_3,T35_C2_D100,4,850,900,ridge,0.760286,0.7680844910750191
T35_C2_D100_3,T35_C2_D100,4,850,900,random_forest,0.760286,0.7652736296758623
T35_C2_D100_3,T35_C2_D100,4,900,950,persistence,0.748536,0.767966485813265
T35_C2_D100_3,T35_C2_D100,4,900,950,local_linear,0.748536,0.7554268814789981
T35_C2_D100_3,T35_C2_D100,4,900,950,ridge,0.748536,0.7487331784179826
T35_C2_D100_3,T35_C2_D100,4,900,950,random_forest,0.748536,0.7436708755659274
T35_C2_D100_3,T35_C2_D100,4,950,1000,persistence,0.737092,0.7563858503888343
T35_C2_D100_3,T35_C2_D100,4,950,1000,local_linear,0.737092,0.7441389397649176
T35_C2_D100_3,T35_C2_D100,4,950,1000,ridge,0.737092,0.7371672606886334
T35_C2_D100_3,T35_C2_D100,4,950,1000,random_forest,0.737092,0.7351182443477182
T35_C2_D80_0,T35_C2_D80,4,100,150,persistence,0.924155,0.9473848212802369
T35_C2_D80_0,T35_C2_D80,4,100,150,local_linear,0.924155,0.9229676689586845
T35_C2_D80_0,T35_C2_D80,4,100,150,ridge,0.924155,0.9215079527377056
T35_C2_D80_0,T35_C2_D80,4,100,150,random_forest,0.924155,0.9230722667406205
T35_C2_D80_0,T35_C2_D80,4,150,200,persistence,0.912422,0.9356063953388778
T35_C2_D80_0,T35_C2_D80,4,150,200,local_linear,0.912422,0.9182555899458832
T35_C2_D80_0,T35_C2_D80,4,150,200,ridge,0.912422,0.9122094671736052
T35_C2_D80_0,T35_C2_D80,4,150,200,random_forest,0.912422,0.9102163755686329
T35_C2_D80_0,T35_C2_D80,4,200,250,persistence,0.902085,0.9211709035519358
T35_C2_D80_0,T35_C2_D80,4,200,250,local_linear,0.902085,0.9076908512551316
T35_C2_D80_0,T35_C2_D80,4,200,250,ridge,0.902085,0.9001137461906743
T35_C2_D80_0,T35_C2_D80,4,200,250,random_forest,0.902085,0.8999999401670722
T35_C2_D80_0,T35_C2_D80,4,250,300,persistence,0.89274,0.9119560077776003
T35_C2_D80_0,T35_C2_D80,4,250,300,local_linear,0.89274,0.8993147971241391
T35_C2_D80_0,T35_C2_D80,4,250,300,ridge,0.89274,0.8922680506853152
T35_C2_D80_0,T35_C2_D80,4,250,300,random_forest,0.89274,0.8893930648132942
T35_C2_D80_0,T35_C2_D80,4,300,350,persistence,0.884146,0.9005163767649761
T35_C2_D80_0,T35_C2_D80,4,300,350,local_linear,0.884146,0.8901429380475437
T35_C2_D80_0,T35_C2_D80,4,300,350,ridge,0.884146,0.8817070980256073
T35_C2_D80_0,T35_C2_D80,4,300,350,random_forest,0.884146,0.8776553945517506
T35_C2_D80_0,T35_C2_D80,4,350,400,persistence,0.876146,0.8966504166552239
T35_C2_D80_0,T35_C2_D80,4,350,400,local_linear,0.876146,0.8894140143198348
T35_C2_D80_0,T35_C2_D80,4,350,400,ridge,0.876146,0.8771283194754272
T35_C2_D80_0,T35_C2_D80,4,350,400,random_forest,0.876146,0.8769443445812867
T35_C2_D80_0,T35_C2_D80,4,400,450,persistence,0.868633,0.892705603793198
T35_C2_D80_0,T35_C2_D80,4,400,450,local_linear,0.868633,0.8841937769327792
T35_C2_D80_0,T35_C2_D80,4,400,450,ridge,0.868633,0.8732252288507046
T35_C2_D80_0,T35_C2_D80,4,400,450,random_forest,0.868633,0.8758490533854163
T35_C2_D80_0,T35_C2_D80,4,450,500,persistence,0.861527,0.877648534793505
T35_C2_D80_0,T35_C2_D80,4,450,500,local_linear,0.861527,0.8686102172341374
T35_C2_D80_0,T35_C2_D80,4,450,500,ridge,0.861527,0.8596376239056839
T35_C2_D80_0,T35_C2_D80,4,450,500,random_forest,0.861527,0.8606471844391889
T35_C2_D80_0,T35_C2_D80,4,500,550,persistence,0.854769,0.870620851223618
T35_C2_D80_0,T35_C2_D80,4,500,550,local_linear,0.854769,0.8624238938444488
T35_C2_D80_0,T35_C2_D80,4,500,550,ridge,0.854769,0.8517298293421912
T35_C2_D80_0,T35_C2_D80,4,500,550,random_forest,0.854769,0.8541051621230163
T35_C2_D80_0,T35_C2_D80,4,550,600,persistence,0.848311,0.8603955525960093
T35_C2_D80_0,T35_C2_D80,4,550,600,local_linear,0.848311,0.8506996399405095
T35_C2_D80_0,T35_C2_D80,4,550,600,ridge,0.848311,0.8433267091828814
T35_C2_D80_0,T35_C2_D80,4,550,600,random_forest,0.848311,0.843950813775946
T35_C2_D80_0,T35_C2_D80,4,600,650,persistence,0.842117,0.855922154387707
T35_C2_D80_0,T35_C2_D80,4,600,650,local_linear,0.842117,0.8494761546091019
T35_C2_D80_0,T35_C2_D80,4,600,650,ridge,0.842117,0.8375968251219209
T35_C2_D80_0,T35_C2_D80,4,600,650,random_forest,0.842117,0.8373836947347961
T35_C2_D80_0,T35_C2_D80,4,650,700,persistence,0.836157,0.8489863750601251
T35_C2_D80_0,T35_C2_D80,4,650,700,local_linear,0.836157,0.8438073017841622
T35_C2_D80_0,T35_C2_D80,4,650,700,ridge,0.836157,0.8330014106328619
T35_C2_D80_0,T35_C2_D80,4,650,700,random_forest,0.836157,0.8293182978926973
T35_C2_D80_0,T35_C2_D80,4,700,750,persistence,0.830406,0.8503377480904718
T35_C2_D80_0,T35_C2_D80,4,700,750,local_linear,0.830406,0.8445778050281747
T35_C2_D80_0,T35_C2_D80,4,700,750,ridge,0.830406,0.8319023845186058
T35_C2_D80_0,T35_C2_D80,4,700,750,random_forest,0.830406,0.8319553101043395
T35_C2_D80_0,T35_C2_D80,4,750,800,persistence,0.824845,0.834863575221855
T35_C2_D80_0,T35_C2_D80,4,750,800,local_linear,0.824845,0.8283314101887229
T35_C2_D80_0,T35_C2_D80,4,750,800,ridge,0.824845,0.8179316535705181
T35_C2_D80_0,T35_C2_D80,4,750,800,random_forest,0.824845,0.815162112780258
T35_C2_D80_0,T35_C2_D80,4,800,850,persistence,0.819454,0.8300584516419182
T35_C2_D80_0,T35_C2_D80,4,800,850,local_linear,0.819454,0.8242320799674041
T35_C2_D80_0,T35_C2_D80,4,800,850,ridge,0.819454,0.8121481238526181
T35_C2_D80_0,T35_C2_D80,4,800,850,random_forest,0.819454,0.8076539882284731
T35_C2_D80_0,T35_C2_D80,4,850,900,persistence,0.811621,0.8264899567424677
T35_C2_D80_0,T35_C2_D80,4,850,900,local_linear,0.811621,0.8223027678295904
T35_C2_D80_0,T35_C2_D80,4,850,900,ridge,0.811621,0.8079148691114643
T35_C2_D80_0,T35_C2_D80,4,850,900,random_forest,0.811621,0.8025636077071192
T35_C2_D80_0,T35_C2_D80,4,900,950,persistence,0.801439,0.8190228730081863
T35_C2_D80_0,T35_C2_D80,4,900,950,local_linear,0.801439,0.8110090525473089
T35_C2_D80_0,T35_C2_D80,4,900,950,ridge,0.801439,0.8009039191016141
T35_C2_D80_0,T35_C2_D80,4,900,950,random_forest,0.801439,0.7969569002750724
T35_C2_D80_0,T35_C2_D80,4,950,1000,persistence,0.791522,0.8102365011565523
T35_C2_D80_0,T35_C2_D80,4,950,1000,local_linear,0.791522,0.7996136160153685
T35_C2_D80_0,T35_C2_D80,4,950,1000,ridge,0.791522,0.7926116072181162
T35_C2_D80_0,T35_C2_D80,4,950,1000,random_forest,0.791522,0.7871491975331446
T45_C0p5_D100_1,T45_C0p5_D100,4,100,150,persistence,0.907579,0.9443134100326701
T45_C0p5_D100_1,T45_C0p5_D100,4,100,150,local_linear,0.907579,0.9152321476036295
T45_C0p5_D100_1,T45_C0p5_D100,4,100,150,ridge,0.907579,0.909646248532603
T45_C0p5_D100_1,T45_C0p5_D100,4,100,150,random_forest,0.907579,0.9122064443620269
T45_C0p5_D100_1,T45_C0p5_D100,4,150,200,persistence,0.893282,0.921736959436866
T45_C0p5_D100_1,T45_C0p5_D100,4,150,200,local_linear,0.893282,0.9001663198305686
T45_C0p5_D100_1,T45_C0p5_D100,4,150,200,ridge,0.893282,0.8935764400370507
T45_C0p5_D100_1,T45_C0p5_D100,4,150,200,random_forest,0.893282,0.8936126050315651
T45_C0p5_D100_1,T45_C0p5_D100,4,200,250,persistence,0.880685,0.9124112152788498
T45_C0p5_D100_1,T45_C0p5_D100,4,200,250,local_linear,0.880685,0.8965100540530044
T45_C0p5_D100_1,T45_C0p5_D100,4,200,250,ridge,0.880685,0.8841637290290412
T45_C0p5_D100_1,T45_C0p5_D100,4,200,250,random_forest,0.880685,0.8829821043600671
T45_C0p5_D100_1,T45_C0p5_D100,4,250,300,persistence,0.869297,0.8969488907732507
T45_C0p5_D100_1,T45_C0p5_D100,4,250,300,local_linear,0.869297,0.8851016973779288
T45_C0p5_D100_1,T45_C0p5_D100,4,250,300,ridge,0.869297,0.8710055863159917
T45_C0p5_D100_1,T45_C0p5_D100,4,250,300,random_forest,0.869297,0.8687454661913776
T45_C0p5_D100_1,T45_C0p5_D100,4,300,350,persistence,0.858825,0.8799357944578117
T45_C0p5_D100_1,T45_C0p5_D100,4,300,350,local_linear,0.858825,0.8648324766428963
T45_C0p5_D100_1,T45_C0p5_D100,4,300,350,ridge,0.858825,0.8544495643613054
T45_C0p5_D100_1,T45_C0p5_D100,4,300,350,random_forest,0.858825,0.8526584951542207
T45_C0p5_D100_1,T45_C0p5_D100,4,350,400,persistence,0.849077,0.8721909085606773
T45_C0p5_D100_1,T45_C0p5_D100,4,350,400,local_linear,0.849077,0.862371381636262
T45_C0p5_D100_1,T45_C0p5_D100,4,350,400,ridge,0.849077,0.8473745753938541
T45_C0p5_D100_1,T45_C0p5_D100,4,350,400,random_forest,0.849077,0.847119375427489
T45_C0p5_D100_1,T45_C0p5_D100,4,400,450,persistence,0.839922,0.8630979385238794
T45_C0p5_D100_1,T45_C0p5_D100,4,400,450,local_linear,0.839922,0.8530490898478656
T45_C0p5_D100_1,T45_C0p5_D100,4,400,450,ridge,0.839922,0.8386573597063042
T45_C0p5_D100_1,T45_C0p5_D100,4,400,450,random_forest,0.839922,0.837854057261905
T45_C0p5_D100_1,T45_C0p5_D100,4,450,500,persistence,0.831263,0.8522620656565536
T45_C0p5_D100_1,T45_C0p5_D100,4,450,500,local_linear,0.831263,0.8431658199861222
T45_C0p5_D100_1,T45_C0p5_D100,4,450,500,ridge,0.831263,0.8296370864048545
T45_C0p5_D100_1,T45_C0p5_D100,4,450,500,random_forest,0.831263,0.8298895901792473
T45_C0p5_D100_1,T45_C0p5_D100,4,500,550,persistence,0.823027,0.8386640454505987
T45_C0p5_D100_1,T45_C0p5_D100,4,500,550,local_linear,0.823027,0.8276406115180945
T45_C0p5_D100_1,T45_C0p5_D100,4,500,550,ridge,0.823027,0.8156609359987983
T45_C0p5_D100_1,T45_C0p5_D100,4,500,550,random_forest,0.823027,0.814211139512085
T45_C0p5_D100_1,T45_C0p5_D100,4,550,600,persistence,0.815158,0.8415185634722507
T45_C0p5_D100_1,T45_C0p5_D100,4,550,600,local_linear,0.815158,0.8347280404973768
T45_C0p5_D100_1,T45_C0p5_D100,4,550,600,ridge,0.815158,0.8182075747339909
T45_C0p5_D100_1,T45_C0p5_D100,4,550,600,random_forest,0.815158,0.818141911923927
T45_C0p5_D100_1,T45_C0p5_D100,4,600,650,persistence,0.807611,0.8281068681297655
T45_C0p5_D100_1,T45_C0p5_D100,4,600,650,local_linear,0.807611,0.8181741703121
T45_C0p5_D100_1,T45_C0p5_D100,4,600,650,ridge,0.807611,0.8030112673504525
T45_C0p5_D100_1,T45_C0p5_D100,4,600,650,random_forest,0.807611,0.8053410004927709
T45_C0p5_D100_1,T45_C0p5_D100,4,650,700,persistence,0.800348,0.8205609750754865
T45_C0p5_D100_1,T45_C0p5_D100,4,650,700,local_linear,0.800348,0.8136519596488149
T45_C0p5_D100_1,T45_C0p5_D100,4,650,700,ridge,0.800348,0.7966961190693326
T45_C0p5_D100_1,T45_C0p5_D100,4,650,700,random_forest,0.800348,0.7959066481353716
T45_C0p5_D100_1,T45_C0p5_D100,4,700,750,persistence,0.786333,0.8163958490198545
T45_C0p5_D100_1,T45_C0p5_D100,4,700,750,local_linear,0.786333,0.809503450576644
T45_C0p5_D100_1,T45_C0p5_D100,4,700,750,ridge,0.786333,0.7934886159624321
T45_C0p5_D100_1,T45_C0p5_D100,4,700,750,random_forest,0.786333,0.7946103891698233
T45_C0p5_D100_1,T45_C0p5_D100,4,750,800,persistence,0.772778,0.799087694351216
T45_C0p5_D100_1,T45_C0p5_D100,4,750,800,local_linear,0.772778,0.7885838452137814
T45_C0p5_D100_1,T45_C0p5_D100,4,750,800,ridge,0.772778,0.7732086967214833
T45_C0p5_D100_1,T45_C0p5_D100,4,750,800,random_forest,0.772778,0.7699031014511186
T45_C0p5_D100_1,T45_C0p5_D100,4,800,850,persistence,0.75964,0.7844857367789181
T45_C0p5_D100_1,T45_C0p5_D100,4,800,850,local_linear,0.75964,0.772134525766565
T45_C0p5_D100_1,T45_C0p5_D100,4,800,850,ridge,0.75964,0.7595753744480689
T45_C0p5_D100_1,T45_C0p5_D100,4,800,850,random_forest,0.75964,0.758628676170045
T45_C0p5_D100_1,T45_C0p5_D100,4,850,900,persistence,0.746884,0.7758007812448453
T45_C0p5_D100_1,T45_C0p5_D100,4,850,900,local_linear,0.746884,0.7623668976178337
T45_C0p5_D100_1,T45_C0p5_D100,4,850,900,ridge,0.746884,0.7493906180863557
T45_C0p5_D100_1,T45_C0p5_D100,4,850,900,random_forest,0.746884,0.7481168850368387
T45_C0p5_D100_1,T45_C0p5_D100,4,900,950,persistence,0.734477,0.7685003302911708
T45_C0p5_D100_1,T45_C0p5_D100,4,900,950,local_linear,0.734477,0.7551888127380163
T45_C0p5_D100_1,T45_C0p5_D100,4,900,950,ridge,0.734477,0.743215624264014
T45_C0p5_D100_1,T45_C0p5_D100,4,900,950,random_forest,0.734477,0.7408143773670949
T45_C0p5_D100_1,T45_C0p5_D100,4,950,1000,persistence,0.722393,0.7516418888907362
T45_C0p5_D100_1,T45_C0p5_D100,4,950,1000,local_linear,0.722393,0.7393186998757387
T45_C0p5_D100_1,T45_C0p5_D100,4,950,1000,ridge,0.722393,0.7267435804026547
T45_C0p5_D100_1,T45_C0p5_D100,4,950,1000,random_forest,0.722393,0.721715193202336
T45_C0p5_D50_2,T45_C0p5_D50,4,100,150,persistence,0.947498,0.9710983444847762
T45_C0p5_D50_2,T45_C0p5_D50,4,100,150,local_linear,0.947498,0.9546031048047982
T45_C0p5_D50_2,T45_C0p5_D50,4,100,150,ridge,0.947498,0.9494711782028336
T45_C0p5_D50_2,T45_C0p5_D50,4,100,150,random_forest,0.947498,0.9498795284917682
T45_C0p5_D50_2,T45_C0p5_D50,4,150,200,persistence,0.939376,0.9552795540750089
T45_C0p5_D50_2,T45_C0p5_D50,4,150,200,local_linear,0.939376,0.9421985771143473
T45_C0p5_D50_2,T45_C0p5_D50,4,150,200,ridge,0.939376,0.9376406444610063
T45_C0p5_D50_2,T45_C0p5_D50,4,150,200,random_forest,0.939376,0.9405272648890353
T45_C0p5_D50_2,T45_C0p5_D50,4,200,250,persistence,0.932221,0.9512663456909237
T45_C0p5_D50_2,T45_C0p5_D50,4,200,250,local_linear,0.932221,0.9426629685155756
T45_C0p5_D50_2,T45_C0p5_D50,4,200,250,ridge,0.932221,0.9339821160642681
T45_C0p5_D50_2,T45_C0p5_D50,4,200,250,random_forest,0.932221,0.935158456781795
T45_C0p5_D50_2,T45_C0p5_D50,4,250,300,persistence,0.925751,0.9467665995208915
T45_C0p5_D50_2,T45_C0p5_D50,4,250,300,local_linear,0.925751,0.9392324950377414
T45_C0p5_D50_2,T45_C0p5_D50,4,250,300,ridge,0.925751,0.9296371019376614
T45_C0p5_D50_2,T45_C0p5_D50,4,250,300,random_forest,0.925751,0.9294398675343929
T45_C0p5_D50_2,T45_C0p5_D50,4,300,350,persistence,0.919802,0.9341928510507299
T45_C0p5_D50_2,T45_C0p5_D50,4,300,350,local_linear,0.919802,0.926409147534605
T45_C0p5_D50_2,T45_C0p5_D50,4,300,350,ridge,0.919802,0.9188598749574036
T45_C0p5_D50_2,T45_C0p5_D50,4,300,350,random_forest,0.919802,0.9224291799160911
T45_C0p5_D50_2,T45_C0p5_D50,4,350,400,persistence,0.914265,0.9256876655630546
T45_C0p5_D50_2,T45_C0p5_D50,4,350,400,local_linear,0.914265,0.918559934477528
T45_C0p5_D50_2,T45_C0p5_D50,4,350,400,ridge,0.914265,0.9110329880057179
T45_C0p5_D50_2,T45_C0p5_D50,4,350,400,random_forest,0.914265,0.9111936505128208
T45_C0p5_D50_2,T45_C0p5_D50,4,400,450,persistence,0.909064,0.9305413898228629
T45_C0p5_D50_2,T45_C0p5_D50,4,400,450,local_linear,0.909064,0.9249470674457217
T45_C0p5_D50_2,T45_C0p5_D50,4,400,450,ridge,0.909064,0.9151128135873484
T45_C0p5_D50_2,T45_C0p5_D50,4,400,450,random_forest,0.909064,0.9177647192216464
T45_C0p5_D50_2,T45_C0p5_D50,4,450,500,persistence,0.904146,0.9177651600585497
T45_C0p5_D50_2,T45_C0p5_D50,4,450,500,local_linear,0.904146,0.9118758852953682
T45_C0p5_D50_2,T45_C0p5_D50,4,450,500,ridge,0.904146,0.9030636962144103
T45_C0p5_D50_2,T45_C0p5_D50,4,450,500,random_forest,0.904146,0.9049225238715278
T45_C0p5_D50_2,T45_C0p5_D50,4,500,550,persistence,0.899467,0.9151086249019459
T45_C0p5_D50_2,T45_C0p5_D50,4,500,550,local_linear,0.899467,0.9095732354274729
T45_C0p5_D50_2,T45_C0p5_D50,4,500,550,ridge,0.899467,0.9005599572673831
T45_C0p5_D50_2,T45_C0p5_D50,4,500,550,random_forest,0.899467,0.9033174613325221
T45_C0p5_D50_2,T45_C0p5_D50,4,550,600,persistence,0.894997,0.9090997375755026
T45_C0p5_D50_2,T45_C0p5_D50,4,550,600,local_linear,0.894997,0.9038912278420632
T45_C0p5_D50_2,T45_C0p5_D50,4,550,600,ridge,0.894997,0.8952289394505215
T45_C0p5_D50_2,T45_C0p5_D50,4,550,600,random_forest,0.894997,0.8988034884145018
T45_C0p5_D50_2,T45_C0p5_D50,4,600,650,persistence,0.890709,0.902458156900667
T45_C0p5_D50_2,T45_C0p5_D50,4,600,650,local_linear,0.890709,0.8983215314009246
T45_C0p5_D50_2,T45_C0p5_D50,4,600,650,ridge,0.890709,0.8897169463252851
T45_C0p5_D50_2,T45_C0p5_D50,4,600,650,random_forest,0.890709,0.8876303139617157
T45_C0p5_D50_2,T45_C0p5_D50,4,650,700,persistence,0.886583,0.9036385694332393
T45_C0p5_D50_2,T45_C0p5_D50,4,650,700,local_linear,0.886583,0.8986052888023096
T45_C0p5_D50_2,T45_C0p5_D50,4,650,700,ridge,0.886583,0.8887142326509789
T45_C0p5_D50_2,T45_C0p5_D50,4,650,700,random_forest,0.886583,0.8901233691677939
T45_C0p5_D50_2,T45_C0p5_D50,4,700,750,persistence,0.882603,0.8990591903321737
T45_C0p5_D50_2,T45_C0p5_D50,4,700,750,local_linear,0.882603,0.8941849968083502
T45_C0p5_D50_2,T45_C0p5_D50,4,700,750,ridge,0.882603,0.8837370653679153
T45_C0p5_D50_2,T45_C0p5_D50,4,700,750,random_forest,0.882603,0.8815620393231427
T45_C0p5_D50_2,T45_C0p5_D50,4,750,800,persistence,0.878753,0.8962016305813763
T45_C0p5_D50_2,T45_C0p5_D50,4,750,800,local_linear,0.878753,0.892553931657381
T45_C0p5_D50_2,T45_C0p5_D50,4,750,800,ridge,0.878753,0.8833526023945211
T45_C0p5_D50_2,T45_C0p5_D50,4,750,800,random_forest,0.878753,0.8843800883083063
T45_C0p5_D50_2,T45_C0p5_D50,4,800,850,persistence,0.875021,0.8900461021258351
T45_C0p5_D50_2,T45_C0p5_D50,4,800,850,local_linear,0.875021,0.8870120822379601
T45_C0p5_D50_2,T45_C0p5_D50,4,800,850,ridge,0.875021,0.8766307168516596
T45_C0p5_D50_2,T45_C0p5_D50,4,800,850,random_forest,0.875021,0.8779141307215175
T45_C0p5_D50_2,T45_C0p5_D50,4,850,900,persistence,0.871398,0.8786537373215512
T45_C0p5_D50_2,T45_C0p5_D50,4,850,900,local_linear,0.871398,0.8725204292584875
T45_C0p5_D50_2,T45_C0p5_D50,4,850,900,ridge,0.871398,0.8671169185391071
T45_C0p5_D50_2,T45_C0p5_D50,4,850,900,random_forest,0.871398,0.8669035572666397
T45_C0p5_D50_2,T45_C0p5_D50,4,900,950,persistence,0.867874,0.8807829470933859
T45_C0p5_D50_2,T45_C0p5_D50,4,900,950,local_linear,0.867874,0.8776575950755456
T45_C0p5_D50_2,T45_C0p5_D50,4,900,950,ridge,0.867874,0.8682476406677859
T45_C0p5_D50_2,T45_C0p5_D50,4,900,950,random_forest,0.867874,0.8670620733184524
T45_C0p5_D50_2,T45_C0p5_D50,4,950,1000,persistence,0.864441,0.8751280378567186
T45_C0p5_D50_2,T45_C0p5_D50,4,950,1000,local_linear,0.864441,0.8700725659702242
T45_C0p5_D50_2,T45_C0p5_D50,4,950,1000,ridge,0.864441,0.862788934244456
T45_C0p5_D50_2,T45_C0p5_D50,4,950,1000,random_forest,0.864441,0.8632658734120223
T45_C0p5_D80_3,T45_C0p5_D80,4,100,150,persistence,0.930918,0.9580757730955102
T45_C0p5_D80_3,T45_C0p5_D80,4,100,150,local_linear,0.930918,0.9358644387826238
T45_C0p5_D80_3,T45_C0p5_D80,4,100,150,ridge,0.930918,0.9297232179601855
T45_C0p5_D80_3,T45_C0p5_D80,4,100,150,random_forest,0.930918,0.9334074792717351
T45_C0p5_D80_3,T45_C0p5_D80,4,150,200,persistence,0.920231,0.9500594623162145
T45_C0p5_D80_3,T45_C0p5_D80,4,150,200,local_linear,0.920231,0.9366124732990748
T45_C0p5_D80_3,T45_C0p5_D80,4,150,200,ridge,0.920231,0.9249191313104106
T45_C0p5_D80_3,T45_C0p5_D80,4,150,200,random_forest,0.920231,0.9288660862878787
T45_C0p5_D80_3,T45_C0p5_D80,4,200,250,persistence,0.910815,0.9390263600815344
T45_C0p5_D80_3,T45_C0p5_D80,4,200,250,local_linear,0.910815,0.9272581876557682
T45_C0p5_D80_3,T45_C0p5_D80,4,200,250,ridge,0.910815,0.9157545638866359
T45_C0p5_D80_3,T45_C0p5_D80,4,200,250,random_forest,0.910815,0.9211816710828232
T45_C0p5_D80_3,T45_C0p5_D80,4,250,300,persistence,0.902303,0.9256157411903296
T45_C0p5_D80_3,T45_C0p5_D80,4,250,300,local_linear,0.902303,0.9152936398004095
T45_C0p5_D80_3,T45_C0p5_D80,4,250,300,ridge,0.902303,0.9027126698605449
T45_C0p5_D80_3,T45_C0p5_D80,4,250,300,random_forest,0.902303,0.903789215115891
T45_C0p5_D80_3,T45_C0p5_D80,4,300,350,persistence,0.894475,0.9131274347951905
T45_C0p5_D80_3,T45_C0p5_D80,4,300,350,local_linear,0.894475,0.9042427137779503
T45_C0p5_D80_3,T45_C0p5_D80,4,300,350,ridge,0.894475,0.8923468460608911
T45_C0p5_D80_3,T45_C0p5_D80,4,300,350,random_forest,0.894475,0.8933570507299302
T45_C0p5_D80_3,T45_C0p5_D80,4,350,400,persistence,0.887189,0.9059753649844305
T45_C0p5_D80_3,T45_C0p5_D80,4,350,400,local_linear,0.887189,0.8959228700538575
T45_C0p5_D80_3,T45_C0p5_D80,4,350,400,ridge,0.887189,0.884220160023716
T45_C0p5_D80_3,T45_C0p5_D80,4,350,400,random_forest,0.887189,0.8862436863520682
T45_C0p5_D80_3,T45_C0p5_D80,4,400,450,persistence,0.880346,0.9043913298721401
T45_C0p5_D80_3,T45_C0p5_D80,4,400,450,local_linear,0.880346,0.8979510871172398
T45_C0p5_D80_3,T45_C0p5_D80,4,400,450,ridge,0.880346,0.8826620491257079
T45_C0p5_D80_3,T45_C0p5_D80,4,400,450,random_forest,0.880346,0.8859599336288019
T45_C0p5_D80_3,T45_C0p5_D80,4,450,500,persistence,0.873874,0.891157365543674
T45_C0p5_D80_3,T45_C0p5_D80,4,450,500,local_linear,0.873874,0.8841212869572261
T45_C0p5_D80_3,T45_C0p5_D80,4,450,500,ridge,0.873874,0.8712831867241783
T45_C0p5_D80_3,T45_C0p5_D80,4,450,500,random_forest,0.873874,0.8743559886034455
T45_C0p5_D80_3,T45_C0p5_D80,4,500,550,persistence,0.867718,0.8900881662426795
T45_C0p5_D80_3,T45_C0p5_D80,4,500,550,local_linear,0.867718,0.8820701392049203
T45_C0p5_D80_3,T45_C0p5_D80,4,500,550,ridge,0.867718,0.8688857272838912
T45_C0p5_D80_3,T45_C0p5_D80,4,500,550,random_forest,0.867718,0.8731931834733496
T45_C0p5_D80_3,T45_C0p5_D80,4,550,600,persistence,0.861836,0.882294381652911
T45_C0p5_D80_3,T45_C0p5_D80,4,550,600,local_linear,0.861836,0.8756014680824533
T45_C0p5_D80_3,T45_C0p5_D80,4,550,600,ridge,0.861836,0.8614109322508494
T45_C0p5_D80_3,T45_C0p5_D80,4,550,600,random_forest,0.861836,0.8666797933031211
T45_C0p5_D80_3,T45_C0p5_D80,4,600,650,persistence,0.856194,0.8793585975384505
T45_C0p5_D80_3,T45_C0p5_D80,4,600,650,local_linear,0.856194,0.8730926257353188
T45_C0p5_D80_3,T45_C0p5_D80,4,600,650,ridge,0.856194,0.8571432739051736
T45_C0p5_D80_3,T45_C0p5_D80,4,600,650,random_forest,0.856194,0.8609984253965995
T45_C0p5_D80_3,T45_C0p5_D80,4,650,700,persistence,0.850766,0.8679004507619327
T45_C0p5_D80_3,T45_C0p5_D80,4,650,700,local_linear,0.850766,0.8634170035644915
T45_C0p5_D80_3,T45_C0p5_D80,4,650,700,ridge,0.850766,0.8485625709211049
T45_C0p5_D80_3,T45_C0p5_D80,4,650,700,random_forest,0.850766,0.8503694815649805
T45_C0p5_D80_3,T45_C0p5_D80,4,700,750,persistence,0.845528,0.8626471735025963
T45_C0p5_D80_3,T45_C0p5_D80,4,700,750,local_linear,0.845528,0.8553805454159616
T45_C0p5_D80_3,T45_C0p5_D80,4,700,750,ridge,0.845528,0.8411016125638138
T45_C0p5_D80_3,T45_C0p5_D80,4,700,750,random_forest,0.845528,0.845724091006268
T45_C0p5_D80_3,T45_C0p5_D80,4,750,800,persistence,0.840462,0.8608108444429696
T45_C0p5_D80_3,T45_C0p5_D80,4,750,800,local_linear,0.840462,0.8554236694479428
T45_C0p5_D80_3,T45_C0p5_D80,4,750,800,ridge,0.840462,0.8410918060703428
T45_C0p5_D80_3,T45_C0p5_D80,4,750,800,random_forest,0.840462,0.8439485451839829
T45_C0p5_D80_3,T45_C0p5_D80,4,800,850,persistence,0.835552,0.855520479485379
T45_C0p5_D80_3,T45_C0p5_D80,4,800,850,local_linear,0.835552,0.849034302585147
T45_C0p5_D80_3,T45_C0p5_D80,4,800,850,ridge,0.835552,0.8346421623127497
T45_C0p5_D80_3,T45_C0p5_D80,4,800,850,random_forest,0.835552,0.8407952292378453
T45_C0p5_D80_3,T45_C0p5_D80,4,850,900,persistence,0.828417,0.8533859848516273
T45_C0p5_D80_3,T45_C0p5_D80,4,850,900,local_linear,0.828417,0.8489582867715685
T45_C0p5_D80_3,T45_C0p5_D80,4,850,900,ridge,0.828417,0.8314363076448253
T45_C0p5_D80_3,T45_C0p5_D80,4,850,900,random_forest,0.828417,0.835154025251432
T45_C0p5_D80_3,T45_C0p5_D80,4,900,950,persistence,0.819144,0.8349758466365118
T45_C0p5_D80_3,T45_C0p5_D80,4,900,950,local_linear,0.819144,0.8293624807232984
T45_C0p5_D80_3,T45_C0p5_D80,4,900,950,ridge,0.819144,0.8154265269341446
T45_C0p5_D80_3,T45_C0p5_D80,4,900,950,random_forest,0.819144,0.8174267455210588
T45_C0p5_D80_3,T45_C0p5_D80,4,950,1000,persistence,0.810111,0.8255243395339735
T45_C0p5_D80_3,T45_C0p5_D80,4,950,1000,local_linear,0.810111,0.814457279627778
T45_C0p5_D80_3,T45_C0p5_D80,4,950,1000,ridge,0.810111,0.8042374505665713
T45_C0p5_D80_3,T45_C0p5_D80,4,950,1000,random_forest,0.810111,0.8035609329083245
T45_C1_D50_0,T45_C1_D50,4,100,150,persistence,0.945291,0.9663198907220818
T45_C1_D50_0,T45_C1_D50,4,100,150,local_linear,0.945291,0.9485763492589191
T45_C1_D50_0,T45_C1_D50,4,100,150,ridge,0.945291,0.944088133601255
T45_C1_D50_0,T45_C1_D50,4,100,150,random_forest,0.945291,0.9437273832983859
T45_C1_D50_0,T45_C1_D50,4,150,200,persistence,0.936828,0.9530650221804601
T45_C1_D50_0,T45_C1_D50,4,150,200,local_linear,0.936828,0.9429192676309908
T45_C1_D50_0,T45_C1_D50,4,150,200,ridge,0.936828,0.9341899053021819
T45_C1_D50_0,T45_C1_D50,4,150,200,random_forest,0.936828,0.9358177794080577
T45_C1_D50_0,T45_C1_D50,4,200,250,persistence,0.929371,0.9471188257428139
T45_C1_D50_0,T45_C1_D50,4,200,250,local_linear,0.929371,0.9379543558230834
T45_C1_D50_0,T45_C1_D50,4,200,250,ridge,0.929371,0.9296798340290598
T45_C1_D50_0,T45_C1_D50,4,200,250,random_forest,0.929371,0.9320248152941332
T45_C1_D50_0,T45_C1_D50,4,250,300,persistence,0.92263,0.9340141513691341
T45_C1_D50_0,T45_C1_D50,4,250,300,local_linear,0.92263,0.9252433236615298
T45_C1_D50_0,T45_C1_D50,4,250,300,ridge,0.92263,0.9192503115546589
T45_C1_D50_0,T45_C1_D50,4,250,300,random_forest,0.92263,0.9236737585540677
T45_C1_D50_0,T45_C1_D50,4,300,350,persistence,0.916431,0.9343313315995703
T45_C1_D50_0,T45_C1_D50,4,300,350,local_linear,0.916431,0.9276991504151741
T45_C1_D50_0,T45_C1_D50,4,300,350,ridge,0.916431,0.9184459423924527
T45_C1_D50_0,T45_C1_D50,4,300,350,random_forest,0.916431,0.9213523169015703
T45_C1_D50_0,T45_C1_D50,4,350,400,persistence,0.910661,0.9227859712116961
T45_C1_D50_0,T45_C1_D50,4,350,400,local_linear,0.910661,0.915352727455279
T45_C1_D50_0,T45_C1_D50,4,350,400,ridge,0.910661,0.9073225867587947
T45_C1_D50_0,T45_C1_D50,4,350,400,random_forest,0.910661,0.9068935242273183
T45_C1_D50_0,T45_C1_D50,4,400,450,persistence,0.905241,0.9142291016126516
T45_C1_D50_0,T45_C1_D50,4,400,450,local_linear,0.905241,0.9090983234537904
T45_C1_D50_0,T45_C1_D50,4,400,450,ridge,0.905241,0.9010254115135742
T45_C1_D50_0,T45_C1_D50,4,400,450,random_forest,0.905241,0.9019114125660621
T45_C1_D50_0,T45_C1_D50,4,450,500,persistence,0.900116,0.912383858977938
T45_C1_D50_0,T45_C1_D50,4,450,500,local_linear,0.900116,0.9066714269899206
T45_C1_D50_0,T45_C1_D50,4,450,500,ridge,0.900116,0.8977063116216687
T45_C1_D50_0,T45_C1_D50,4,450,500,random_forest,0.900116,0.8989238285802219
T45_C1_D50_0,T45_C1_D50,4,500,550,persistence,0.89524,0.9052855519973841
T45_C1_D50_0,T45_C1_D50,4,500,550,local_linear,0.89524,0.8983689043245819
T45_C1_D50_0,T45_C1_D50,4,500,550,ridge,0.89524,0.8908292969126056
T45_C1_D50_0,T45_C1_D50,4,500,550,random_forest,0.89524,0.8908421580409172
T45_C1_D50_0,T45_C1_D50,4,550,600,persistence,0.890582,0.905349920926502
T45_C1_D50_0,T45_C1_D50,4,550,600,local_linear,0.890582,0.9006984894448054
T45_C1_D50_0,T45_C1_D50,4,550,600,ridge,0.890582,0.8917427043707542
T45_C1_D50_0,T45_C1_D50,4,550,600,random_forest,0.890582,0.8908894368968883
T45_C1_D50_0,T45_C1_D50,4,600,650,persistence,0.886114,0.895677323222747
T45_C1_D50_0,T45_C1_D50,4,600,650,local_linear,0.886114,0.8922389607181077
T45_C1_D50_0,T45_C1_D50,4,600,650,ridge,0.886114,0.882301166331832
T45_C1_D50_0,T45_C1_D50,4,600,650,random_forest,0.886114,0.8807080784415587
T45_C1_D50_0,T45_C1_D50,4,650,700,persistence,0.881815,0.8966974308168114
T45_C1_D50_0,T45_C1_D50,4,650,700,local_linear,0.881815,0.8909272384509027
T45_C1_D50_0,T45_C1_D50,4,650,700,ridge,0.881815,0.8828677224320004
T45_C1_D50_0,T45_C1_D50,4,650,700,random_forest,0.881815,0.8823751307429205
T45_C1_D50_0,T45_C1_D50,4,700,750,persistence,0.877667,0.8912340013475495
T45_C1_D50_0,T45_C1_D50,4,700,750,local_linear,0.877667,0.8863595786338336
T45_C1_D50_0,T45_C1_D50,4,700,750,ridge,0.877667,0.8777180655397527
T45_C1_D50_0,T45_C1_D50,4,700,750,random_forest,0.877667,0.878191659918172
T45_C1_D50_0,T45_C1_D50,4,750,800,persistence,0.873655,0.8819247615842499
T45_C1_D50_0,T45_C1_D50,4,750,800,local_linear,0.873655,0.877877683385724
T45_C1_D50_0,T45_C1_D50,4,750,800,ridge,0.873655,0.8690960754998198
T45_C1_D50_0,T45_C1_D50,4,750,800,random_forest,0.873655,0.86833652630028
T45_C1_D50_0,T45_C1_D50,4,800,850,persistence,0.869767,0.880552024204583
T45_C1_D50_0,T45_C1_D50,4,800,850,local_linear,0.869767,0.8754412182233333
T45_C1_D50_0,T45_C1_D50,4,800,850,ridge,0.869767,0.8676901823739943
T45_C1_D50_0,T45_C1_D50,4,800,850,random_forest,0.869767,0.8651824854203876
T45_C1_D50_0,T45_C1_D50,4,850,900,persistence,0.865991,0.8755424423297541
T45_C1_D50_0,T45_C1_D50,4,850,900,local_linear,0.865991,0.8713650781853708
T45_C1_D50_0,T45_C1_D50,4,850,900,ridge,0.865991,0.8630329398322553
T45_C1_D50_0,T45_C1_D50,4,850,900,random_forest,0.865991,0.8634701080055024
T45_C1_D50_0,T45_C1_D50,4,900,950,persistence,0.862319,0.8725152368951508
T45_C1_D50_0,T45_C1_D50,4,900,950,local_linear,0.862319,0.8679882504143593
T45_C1_D50_0,T45_C1_D50,4,900,950,ridge,0.862319,0.8595671733550441
T45_C1_D50_0,T45_C1_D50,4,900,950,random_forest,0.862319,0.8577996061034451
T45_C1_D50_0,T45_C1_D50,4,950,1000,persistence,0.858742,0.8673410011654041
T45_C1_D50_0,T45_C1_D50,4,950,1000,local_linear,0.858742,0.8632788780238517
T45_C1_D50_0,T45_C1_D50,4,950,1000,ridge,0.858742,0.8554211579844092
T45_C1_D50_0,T45_C1_D50,4,950,1000,random_forest,0.858742,0.8530374834027779
T45_C1_D80_1,T45_C1_D80,4,100,150,persistence,0.926675,0.9570445764594073
T45_C1_D80_1,T45_C1_D80,4,100,150,local_linear,0.926675,0.9322334963109912
T45_C1_D80_1,T45_C1_D80,4,100,150,ridge,0.926675,0.92478990816444
T45_C1_D80_1,T45_C1_D80,4,100,150,random_forest,0.926675,0.9242446262540451
T45_C1_D80_1,T45_C1_D80,4,150,200,persistence,0.915331,0.9397756545141339
T45_C1_D80_1,T45_C1_D80,4,150,200,local_linear,0.915331,0.9242986741239213
T45_C1_D80_1,T45_C1_D80,4,150,200,ridge,0.915331,0.9127053710890918
T45_C1_D80_1,T45_C1_D80,4,150,200,random_forest,0.915331,0.9147065779389884
T45_C1_D80_1,T45_C1_D80,4,200,250,persistence,0.905337,0.9274473701746123
T45_C1_D80_1,T45_C1_D80,4,200,250,local_linear,0.905337,0.913799651783351
T45_C1_D80_1,T45_C1_D80,4,200,250,ridge,0.905337,0.9021166348038259
T45_C1_D80_1,T45_C1_D80,4,200,250,random_forest,0.905337,0.8996283091535895
T45_C1_D80_1,T45_C1_D80,4,250,300,persistence,0.896302,0.919816998783083
T45_C1_D80_1,T45_C1_D80,4,250,300,local_linear,0.896302,0.9101339626883514
T45_C1_D80_1,T45_C1_D80,4,250,300,ridge,0.896302,0.8949785765256165
T45_C1_D80_1,T45_C1_D80,4,250,300,random_forest,0.896302,0.8971944714711851
T45_C1_D80_1,T45_C1_D80,4,300,350,persistence,0.887994,0.9036578200538706
T45_C1_D80_1,T45_C1_D80,4,300,350,local_linear,0.887994,0.8943018686347532
T45_C1_D80_1,T45_C1_D80,4,300,350,ridge,0.887994,0.8805689484517613
T45_C1_D80_1,T45_C1_D80,4,300,350,random_forest,0.887994,0.8821736796556052
T45_C1_D80_1,T45_C1_D80,4,350,400,persistence,0.88026,0.8966101905337891
T45_C1_D80_1,T45_C1_D80,4,350,400,local_linear,0.88026,0.8871985502796771
T45_C1_D80_1,T45_C1_D80,4,350,400,ridge,0.88026,0.8727305160493325
T45_C1_D80_1,T45_C1_D80,4,350,400,random_forest,0.88026,0.872468882671131
T45_C1_D80_1,T45_C1_D80,4,400,450,persistence,0.872997,0.8978187465019652
T45_C1_D80_1,T45_C1_D80,4,400,450,local_linear,0.872997,0.88998342122371
T45_C1_D80_1,T45_C1_D80,4,400,450,ridge,0.872997,0.8722409372511698
T45_C1_D80_1,T45_C1_D80,4,400,450,random_forest,0.872997,0.8732143793204361
T45_C1_D80_1,T45_C1_D80,4,450,500,persistence,0.866127,0.8819813426322045
T45_C1_D80_1,T45_C1_D80,4,450,500,local_linear,0.866127,0.8739755128855328
T45_C1_D80_1,T45_C1_D80,4,450,500,ridge,0.866127,0.8599563477286516
T45_C1_D80_1,T45_C1_D80,4,450,500,random_forest,0.866127,0.8606407592937269
T45_C1_D80_1,T45_C1_D80,4,500,550,persistence,0.859593,0.8802356506781722
T45_C1_D80_1,T45_C1_D80,4,500,550,local_linear,0.859593,0.8731354589192128
T45_C1_D80_1,T45_C1_D80,4,500,550,ridge,0.859593,0.8573479524026846
T45_C1_D80_1,T45_C1_D80,4,500,550,random_forest,0.859593,0.8608891206428115
T45_C1_D80_1,T45_C1_D80,4,550,600,persistence,0.853349,0.8736602954399942
T45_C1_D80_1,T45_C1_D80,4,550,600,local_linear,0.853349,0.869758006105975
T45_C1_D80_1,T45_C1_D80,4,550,600,ridge,0.853349,0.8518412311015753
T45_C1_D80_1,T45_C1_D80,4,550,600,random_forest,0.853349,0.8534113727466635
T45_C1_D80_1,T45_C1_D80,4,600,650,persistence,0.847361,0.8526491572159026
T45_C1_D80_1,T45_C1_D80,4,600,650,local_linear,0.847361,0.8456316035284025
T45_C1_D80_1,T45_C1_D80,4,600,650,ridge,0.847361,0.8328311020402216
T45_C1_D80_1,T45_C1_D80,4,600,650,random_forest,0.847361,0.8335261460334797
T45_C1_D80_1,T45_C1_D80,4,650,700,persistence,0.841599,0.8589351684466053
T45_C1_D80_1,T45_C1_D80,4,650,700,local_linear,0.841599,0.8532695049006018
T45_C1_D80_1,T45_C1_D80,4,650,700,ridge,0.841599,0.8347235572477448
T45_C1_D80_1,T45_C1_D80,4,650,700,random_forest,0.841599,0.837722649530799
T45_C1_D80_1,T45_C1_D80,4,700,750,persistence,0.836039,0.852366907457297
T45_C1_D80_1,T45_C1_D80,4,700,750,local_linear,0.836039,0.8468434875388349
T45_C1_D80_1,T45_C1_D80,4,700,750,ridge,0.836039,0.8296569620805329
T45_C1_D80_1,T45_C1_D80,4,700,750,random_forest,0.836039,0.8334578848687768
T45_C1_D80_1,T45_C1_D80,4,750,800,persistence,0.830662,0.8442328443960122
T45_C1_D80_1,T45_C1_D80,4,750,800,local_linear,0.830662,0.8368308144078956
T45_C1_D80_1,T45_C1_D80,4,750,800,ridge,0.830662,0.8215078814533823
T45_C1_D80_1,T45_C1_D80,4,750,800,random_forest,0.830662,0.8235119977661055
T45_C1_D80_1,T45_C1_D80,4,800,850,persistence,0.825451,0.8428884842351855
T45_C1_D80_1,T45_C1_D80,4,800,850,local_linear,0.825451,0.8380720574067233
T45_C1_D80_1,T45_C1_D80,4,800,850,ridge,0.825451,0.8192764531080496
T45_C1_D80_1,T45_C1_D80,4,800,850,random_forest,0.825451,0.821225834335092
T45_C1_D80_1,T45_C1_D80,4,850,900,persistence,0.817878,0.8349895448507282
T45_C1_D80_1,T45_C1_D80,4,850,900,local_linear,0.817878,0.8298944865403921
T45_C1_D80_1,T45_C1_D80,4,850,900,ridge,0.817878,0.8124550353040861
T45_C1_D80_1,T45_C1_D80,4,850,900,random_forest,0.817878,0.8142351486068277
T45_C1_D80_1,T45_C1_D80,4,900,950,persistence,0.808035,0.830414767793833
T45_C1_D80_1,T45_C1_D80,4,900,950,local_linear,0.808035,0.8239839099473995
T45_C1_D80_1,T45_C1_D80,4,900,950,ridge,0.808035,0.807512751371604
T45_C1_D80_1,T45_C1_D80,4,900,950,random_forest,0.808035,0.8052143252113686
T45_C1_D80_1,T45_C1_D80,4,950,1000,persistence,0.798447,0.8187376341541464
T45_C1_D80_1,T45_C1_D80,4,950,1000,local_linear,0.798447,0.8087819835076612
T45_C1_D80_1,T45_C1_D80,4,950,1000,ridge,0.798447,0.7930469847630922
T45_C1_D80_1,T45_C1_D80,4,950,1000,random_forest,0.798447,0.7968102663958783
T45_C2_D100_2,T45_C2_D100,4,100,150,persistence,0.892651,0.9267054985313635
T45_C2_D100_2,T45_C2_D100,4,100,150,local_linear,0.892651,0.889993626638771
T45_C2_D100_2,T45_C2_D100,4,100,150,ridge,0.892651,0.8880720993681036
T45_C2_D100_2,T45_C2_D100,4,100,150,random_forest,0.892651,0.8954960933928572
T45_C2_D100_2,T45_C2_D100,4,150,200,persistence,0.876044,0.9080221324064216
T45_C2_D100_2,T45_C2_D100,4,150,200,local_linear,0.876044,0.8843712329856214
T45_C2_D100_2,T45_C2_D100,4,150,200,ridge,0.876044,0.8756114427470812
T45_C2_D100_2,T45_C2_D100,4,150,200,random_forest,0.876044,0.8799619654710042
T45_C2_D100_2,T45_C2_D100,4,200,250,persistence,0.861413,0.9033249440395873
T45_C2_D100_2,T45_C2_D100,4,200,250,local_linear,0.861413,0.8853615545207935
T45_C2_D100_2,T45_C2_D100,4,200,250,ridge,0.861413,0.8705722181818244
T45_C2_D100_2,T45_C2_D100,4,200,250,random_forest,0.861413,0.8757615352814376
T45_C2_D100_2,T45_C2_D100,4,250,300,persistence,0.848185,0.8770797699681736
T45_C2_D100_2,T45_C2_D100,4,250,300,local_linear,0.848185,0.8620025553331673
T45_C2_D100_2,T45_C2_D100,4,250,300,ridge,0.848185,0.8502036967942498
T45_C2_D100_2,T45_C2_D100,4,250,300,random_forest,0.848185,0.8528773751285176
T45_C2_D100_2,T45_C2_D100,4,300,350,persistence,0.836022,0.8625799619807178
T45_C2_D100_2,T45_C2_D100,4,300,350,local_linear,0.836022,0.8480805070761674
T45_C2_D100_2,T45_C2_D100,4,300,350,ridge,0.836022,0.834008060071892
T45_C2_D100_2,T45_C2_D100,4,300,350,random_forest,0.836022,0.8364066259176592
T45_C2_D100_2,T45_C2_D100,4,350,400,persistence,0.8247,0.8564637703066905
T45_C2_D100_2,T45_C2_D100,4,350,400,local_linear,0.8247,0.8446952467110792
T45_C2_D100_2,T45_C2_D100,4,350,400,ridge,0.8247,0.8285059277522645
T45_C2_D100_2,T45_C2_D100,4,350,400,random_forest,0.8247,0.8334260698644931
T45_C2_D100_2,T45_C2_D100,4,400,450,persistence,0.814066,0.8399557479613804
T45_C2_D100_2,T45_C2_D100,4,400,450,local_linear,0.814066,0.8261789793467126
T45_C2_D100_2,T45_C2_D100,4,400,450,ridge,0.814066,0.8121613134455591
T45_C2_D100_2,T45_C2_D100,4,400,450,random_forest,0.814066,0.8157237378237212
T45_C2_D100_2,T45_C2_D100,4,450,500,persistence,0.804008,0.8303713546558185
T45_C2_D100_2,T45_C2_D100,4,450,500,local_linear,0.804008,0.8197960107813603
T45_C2_D100_2,T45_C2_D100,4,450,500,ridge,0.804008,0.8034423779027899
T45_C2_D100_2,T45_C2_D100,4,450,500,random_forest,0.804008,0.8065705553663698
T45_C2_D100_2,T45_C2_D100,4,500,550,persistence,0.794442,0.8249268742247311
T45_C2_D100_2,T45_C2_D100,4,500,550,local_linear,0.794442,0.8139049885877285
T45_C2_D100_2,T45_C2_D100,4,500,550,ridge,0.794442,0.79809843021723
T45_C2_D100_2,T45_C2_D100,4,500,550,random_forest,0.794442,0.7992156675280969
T45_C2_D100_2,T45_C2_D100,4,550,600,persistence,0.785302,0.8114990364775931
T45_C2_D100_2,T45_C2_D100,4,550,600,local_linear,0.785302,0.8011325057694595
T45_C2_D100_2,T45_C2_D100,4,550,600,ridge,0.785302,0.7853542623848135
T45_C2_D100_2,T45_C2_D100,4,550,600,random_forest,0.785302,0.7857952413329208
T45_C2_D100_2,T45_C2_D100,4,600,650,persistence,0.776535,0.803277759252197
T45_C2_D100_2,T45_C2_D100,4,600,650,local_linear,0.776535,0.7951586940184542
T45_C2_D100_2,T45_C2_D100,4,600,650,ridge,0.776535,0.7771329403702976
T45_C2_D100_2,T45_C2_D100,4,600,650,random_forest,0.776535,0.7754654465507758
T45_C2_D100_2,T45_C2_D100,4,650,700,persistence,0.7681,0.7880407721272835
T45_C2_D100_2,T45_C2_D100,4,650,700,local_linear,0.7681,0.7787745002913518
T45_C2_D100_2,T45_C2_D100,4,650,700,ridge,0.7681,0.764448753458976
T45_C2_D100_2,T45_C2_D100,4,650,700,random_forest,0.7681,0.7624162943755374
T45_C2_D100_2,T45_C2_D100,4,700,750,persistence,0.751821,0.7864014134678105
T45_C2_D100_2,T45_C2_D100,4,700,750,local_linear,0.751821,0.7758588682964314
T45_C2_D100_2,T45_C2_D100,4,700,750,ridge,0.751821,0.7598411311078284
T45_C2_D100_2,T45_C2_D100,4,700,750,random_forest,0.751821,0.7602488846197205
T45_C2_D100_2,T45_C2_D100,4,750,800,persistence,0.736076,0.7605277563913033
T45_C2_D100_2,T45_C2_D100,4,750,800,local_linear,0.736076,0.7478524310974619
T45_C2_D100_2,T45_C2_D100,4,750,800,ridge,0.736076,0.7355247129640679
T45_C2_D100_2,T45_C2_D100,4,750,800,random_forest,0.736076,0.7334485180584863
T45_C2_D100_2,T45_C2_D100,4,800,850,persistence,0.720817,0.7529127225143292
T45_C2_D100_2,T45_C2_D100,4,800,850,local_linear,0.720817,0.7376603538460611
T45_C2_D100_2,T45_C2_D100,4,800,850,ridge,0.720817,0.7253160472469555
T45_C2_D100_2,T45_C2_D100,4,800,850,random_forest,0.720817,0.7194050191761364
T45_C2_D100_2,T45_C2_D100,4,850,900,persistence,0.706,0.7371142018226156
T45_C2_D100_2,T45_C2_D100,4,850,900,local_linear,0.706,0.721550694294412
T45_C2_D100_2,T45_C2_D100,4,850,900,ridge,0.706,0.7108013796078783
T45_C2_D100_2,T45_C2_D100,4,850,900,random_forest,0.706,0.7056377188760368
T45_C2_D100_2,T45_C2_D100,4,900,950,persistence,0.691589,0.718824175324086
T45_C2_D100_2,T45_C2_D100,4,900,950,local_linear,0.691589,0.70395719656712
T45_C2_D100_2,T45_C2_D100,4,900,950,ridge,0.691589,0.6924990635130996
T45_C2_D100_2,T45_C2_D100,4,900,950,random_forest,0.691589,0.6879985432280393
T45_C2_D100_2,T45_C2_D100,4,950,1000,persistence,0.677552,0.7054431763957901
T45_C2_D100_2,T45_C2_D100,4,950,1000,local_linear,0.677552,0.6899656462318147
T45_C2_D100_2,T45_C2_D100,4,950,1000,ridge,0.677552,0.6782976470632968
T45_C2_D100_2,T45_C2_D100,4,950,1000,random_forest,0.677552,0.6876654119879599
T45_C2_D50_3,T45_C2_D50,4,100,150,persistence,0.943975,0.9681752463421335
T45_C2_D50_3,T45_C2_D50,4,100,150,local_linear,0.943975,0.9510842029217528
T45_C2_D50_3,T45_C2_D50,4,100,150,ridge,0.943975,0.9430402490680333
T45_C2_D50_3,T45_C2_D50,4,100,150,random_forest,0.943975,0.9441633441689218
T45_C2_D50_3,T45_C2_D50,4,150,200,persistence,0.935308,0.9571953141897356
T45_C2_D50_3,T45_C2_D50,4,150,200,local_linear,0.935308,0.9440322280660967
T45_C2_D50_3,T45_C2_D50,4,150,200,ridge,0.935308,0.9346126993232207
T45_C2_D50_3,T45_C2_D50,4,150,200,random_forest,0.935308,0.939667186445482
T45_C2_D50_3,T45_C2_D50,4,200,250,persistence,0.927672,0.94881325152131
T45_C2_D50_3,T45_C2_D50,4,200,250,local_linear,0.927672,0.9399086949179399
T45_C2_D50_3,T45_C2_D50,4,200,250,ridge,0.927672,0.9283572617639378
T45_C2_D50_3,T45_C2_D50,4,200,250,random_forest,0.927672,0.9338067451187182
T45_C2_D50_3,T45_C2_D50,4,250,300,persistence,0.920769,0.9411448357296929
T45_C2_D50_3,T45_C2_D50,4,250,300,local_linear,0.920769,0.9335599734962632
T45_C2_D50_3,T45_C2_D50,4,250,300,ridge,0.920769,0.9204545244668167
T45_C2_D50_3,T45_C2_D50,4,250,300,random_forest,0.920769,0.9242361485378685
T45_C2_D50_3,T45_C2_D50,4,300,350,persistence,0.914421,0.9270472653441385
T45_C2_D50_3,T45_C2_D50,4,300,350,local_linear,0.914421,0.9204927998513897
T45_C2_D50_3,T45_C2_D50,4,300,350,ridge,0.914421,0.9091173611338244
T45_C2_D50_3,T45_C2_D50,4,300,350,random_forest,0.914421,0.9119509790789591
T45_C2_D50_3,T45_C2_D50,4,350,400,persistence,0.908512,0.9244420888955571
T45_C2_D50_3,T45_C2_D50,4,350,400,local_linear,0.908512,0.9183463657340404
T45_C2_D50_3,T45_C2_D50,4,350,400,ridge,0.908512,0.9051619385012087
T45_C2_D50_3,T45_C2_D50,4,350,400,random_forest,0.908512,0.9084434898320254
T45_C2_D50_3,T45_C2_D50,4,400,450,persistence,0.902962,0.9148855534489847
T45_C2_D50_3,T45_C2_D50,4,400,450,local_linear,0.902962,0.9087802349911283
T45_C2_D50_3,T45_C2_D50,4,400,450,ridge,0.902962,0.8975682170442535
T45_C2_D50_3,T45_C2_D50,4,400,450,random_forest,0.902962,0.9022837146811866
T45_C2_D50_3,T45_C2_D50,4,450,500,persistence,0.897713,0.9098096487006269
T45_C2_D50_3,T45_C2_D50,4,450,500,local_linear,0.897713,0.9036921469991893
T45_C2_D50_3,T45_C2_D50,4,450,500,ridge,0.897713,0.8910406166077879
T45_C2_D50_3,T45_C2_D50,4,450,500,random_forest,0.897713,0.8950472745849115
T45_C2_D50_3,T45_C2_D50,4,500,550,persistence,0.892721,0.9039889206931289
T45_C2_D50_3,T45_C2_D50,4,500,550,local_linear,0.892721,0.8978414140329288
T45_C2_D50_3,T45_C2_D50,4,500,550,ridge,0.892721,0.8871204410994501
T45_C2_D50_3,T45_C2_D50,4,500,550,random_forest,0.892721,0.8906122773635913
T45_C2_D50_3,T45_C2_D50,4,550,600,persistence,0.887951,0.8989519864226855
T45_C2_D50_3,T45_C2_D50,4,550,600,local_linear,0.887951,0.8950640438735276
T45_C2_D50_3,T45_C2_D50,4,550,600,ridge,0.887951,0.8815534439039474
T45_C2_D50_3,T45_C2_D50,4,550,600,random_forest,0.887951,0.8833124873347311
T45_C2_D50_3,T45_C2_D50,4,600,650,persistence,0.883375,0.9008308505891361
T45_C2_D50_3,T45_C2_D50,4,600,650,local_linear,0.883375,0.8938004210117646
T45_C2_D50_3,T45_C2_D50,4,600,650,ridge,0.883375,0.8818378998535306
T45_C2_D50_3,T45_C2_D50,4,600,650,random_forest,0.883375,0.8830817555952379
T45_C2_D50_3,T45_C2_D50,4,650,700,persistence,0.878973,0.8939311274743817
T45_C2_D50_3,T45_C2_D50,4,650,700,local_linear,0.878973,0.8896578991094747
T45_C2_D50_3,T45_C2_D50,4,650,700,ridge,0.878973,0.8765569231741531
T45_C2_D50_3,T45_C2_D50,4,650,700,random_forest,0.878973,0.8799272102867969
T45_C2_D50_3,T45_C2_D50,4,700,750,persistence,0.874725,0.8901193276033741
T45_C2_D50_3,T45_C2_D50,4,700,750,local_linear,0.874725,0.8857180349461908
T45_C2_D50_3,T45_C2_D50,4,700,750,ridge,0.874725,0.8725420651552959
T45_C2_D50_3,T45_C2_D50,4,700,750,random_forest,0.874725,0.8777000739520368
T45_C2_D50_3,T45_C2_D50,4,750,800,persistence,0.870616,0.8841168997426
T45_C2_D50_3,T45_C2_D50,4,750,800,local_linear,0.870616,0.8793635445374747
T45_C2_D50_3,T45_C2_D50,4,750,800,ridge,0.870616,0.8663073487769055
T45_C2_D50_3,T45_C2_D50,4,750,800,random_forest,0.870616,0.8695125440045024
T45_C2_D50_3,T45_C2_D50,4,800,850,persistence,0.866634,0.8772405589145943
T45_C2_D50_3,T45_C2_D50,4,800,850,local_linear,0.866634,0.87181210185655
T45_C2_D50_3,T45_C2_D50,4,800,850,ridge,0.866634,0.859939451825693
T45_C2_D50_3,T45_C2_D50,4,800,850,random_forest,0.866634,0.8644195102778387
T45_C2_D50_3,T45_C2_D50,4,850,900,persistence,0.862768,0.8798564522446021
T45_C2_D50_3,T45_C2_D50,4,850,900,local_linear,0.862768,0.8768033681462646
T45_C2_D50_3,T45_C2_D50,4,850,900,ridge,0.862768,0.8626530068593246
T45_C2_D50_3,T45_C2_D50,4,850,900,random_forest,0.862768,0.8643683278512284
T45_C2_D50_3,T45_C2_D50,4,900,950,persistence,0.859007,0.8734346046152737
T45_C2_D50_3,T45_C2_D50,4,900,950,local_linear,0.859007,0.8690268415784485
T45_C2_D50_3,T45_C2_D50,4,900,950,ridge,0.859007,0.858245949180949
T45_C2_D50_3,T45_C2_D50,4,900,950,random_forest,0.859007,0.8590601377872475
T45_C2_D50_3,T45_C2_D50,4,950,1000,persistence,0.855345,0.8683791593678208
T45_C2_D50_3,T45_C2_D50,4,950,1000,local_linear,0.855345,0.8642095120310554
T45_C2_D50_3,T45_C2_D50,4,950,1000,ridge,0.855345,0.851252110755392
T45_C2_D50_3,T45_C2_D50,4,950,1000,random_forest,0.855345,0.8521008898811779
baseline_0,baseline,4,100,150,persistence,0.942936,0.9611838748447281
baseline_0,baseline,4,100,150,local_linear,0.942936,0.9404727875155819
baseline_0,baseline,4,100,150,ridge,0.942936,0.9435653098038608
baseline_0,baseline,4,100,150,random_forest,0.942936,0.9408147998275165
baseline_0,baseline,4,150,200,persistence,0.934108,0.9549125332422476
baseline_0,baseline,4,150,200,local_linear,0.934108,0.9436597019038534
baseline_0,baseline,4,150,200,ridge,0.934108,0.9387434589872198
baseline_0,baseline,4,150,200,random_forest,0.934108,0.9382584318175052
baseline_0,baseline,4,200,250,persistence,0.926331,0.9445131595277824
baseline_0,baseline,4,200,250,local_linear,0.926331,0.9352482005337738
baseline_0,baseline,4,200,250,ridge,0.926331,0.9303006235985751
baseline_0,baseline,4,200,250,random_forest,0.926331,0.9300155715801035
baseline_0,baseline,4,250,300,persistence,0.919299,0.9368596193278674
baseline_0,baseline,4,250,300,local_linear,0.919299,0.9310592525613581
baseline_0,baseline,4,250,300,ridge,0.919299,0.9236909460896605
baseline_0,baseline,4,250,300,random_forest,0.919299,0.921094220790043
baseline_0,baseline,4,300,350,persistence,0.912833,0.9314708481268186
baseline_0,baseline,4,300,350,local_linear,0.912833,0.9232226420580747
baseline_0,baseline,4,300,350,ridge,0.912833,0.9172180008385621
baseline_0,baseline,4,300,350,random_forest,0.912833,0.9165865887896822
baseline_0,baseline,4,350,400,persistence,0.906815,0.9216761199998726
baseline_0,baseline,4,350,400,local_linear,0.906815,0.9145283669271624
baseline_0,baseline,4,350,400,ridge,0.906815,0.9089589805019347
baseline_0,baseline,4,350,400,random_forest,0.906815,0.9079652815989915
baseline_0,baseline,4,400,450,persistence,0.901162,0.9111701377212923
baseline_0,baseline,4,400,450,local_linear,0.901162,0.9058933450332879
baseline_0,baseline,4,400,450,ridge,0.901162,0.9001389137013163
baseline_0,baseline,4,400,450,random_forest,0.901162,0.8988860486039483
baseline_0,baseline,4,450,500,persistence,0.895816,0.9109606333291256
baseline_0,baseline,4,450,500,local_linear,0.895816,0.9059660930816785
baseline_0,baseline,4,450,500,ridge,0.895816,0.8987715980171502
baseline_0,baseline,4,450,500,random_forest,0.895816,0.8986845304178465
baseline_0,baseline,4,500,550,persistence,0.890731,0.903632753121085
baseline_0,baseline,4,500,550,local_linear,0.890731,0.8973181250676322
baseline_0,baseline,4,500,550,ridge,0.890731,0.8908303576121872
baseline_0,baseline,4,500,550,random_forest,0.890731,0.8912433251589558
baseline_0,baseline,4,550,600,persistence,0.885872,0.8991233699762703
baseline_0,baseline,4,550,600,local_linear,0.885872,0.8943846520589116
baseline_0,baseline,4,550,600,ridge,0.885872,0.887540495446027
baseline_0,baseline,4,550,600,random_forest,0.885872,0.8850101346965186
baseline_0,baseline,4,600,650,persistence,0.881212,0.8940597283762296
baseline_0,baseline,4,600,650,local_linear,0.881212,0.891192150186663
baseline_0,baseline,4,600,650,ridge,0.881212,0.8825339023688263
baseline_0,baseline,4,600,650,random_forest,0.881212,0.8821134703330176
baseline_0,baseline,4,650,700,persistence,0.876728,0.891819887748077
baseline_0,baseline,4,650,700,local_linear,0.876728,0.885584838693607
baseline_0,baseline,4,650,700,ridge,0.876728,0.8797901052842586
baseline_0,baseline,4,650,700,random_forest,0.876728,0.8795121939707338
baseline_0,baseline,4,700,750,persistence,0.872401,0.8922728415478502
baseline_0,baseline,4,700,750,local_linear,0.872401,0.8902456507381658
baseline_0,baseline,4,700,750,ridge,0.872401,0.8790308644752782
baseline_0,baseline,4,700,750,random_forest,0.872401,0.8789697741880864
baseline_0,baseline,4,750,800,persistence,0.868216,0.8807198676993023
baseline_0,baseline,4,750,800,local_linear,0.868216,0.8757778078219086
baseline_0,baseline,4,750,800,ridge,0.868216,0.8677400751693762
baseline_0,baseline,4,750,800,random_forest,0.868216,0.8657937748006853
baseline_0,baseline,4,800,850,persistence,0.864161,0.8789722297950251
baseline_0,baseline,4,800,850,local_linear,0.864161,0.8741969564416536
baseline_0,baseline,4,800,850,ridge,0.864161,0.866833556752283
baseline_0,baseline,4,800,850,random_forest,0.864161,0.8657106692434388
baseline_0,baseline,4,850,900,persistence,0.858267,0.8813722484647836
baseline_0,baseline,4,850,900,local_linear,0.858267,0.8758322526909851
baseline_0,baseline,4,850,900,ridge,0.858267,0.8671641484419884
baseline_0,baseline,4,850,900,random_forest,0.858267,0.8645377606733631
baseline_0,baseline,4,900,950,persistence,0.850607,0.8648171583566794
baseline_0,baseline,4,900,950,local_linear,0.850607,0.8590486129734135
baseline_0,baseline,4,900,950,ridge,0.850607,0.853797847235446
baseline_0,baseline,4,900,950,random_forest,0.850607,0.8532462071760009
baseline_0,baseline,4,950,1000,persistence,0.843146,0.8614380381478327
baseline_0,baseline,4,950,1000,local_linear,0.843146,0.8534193264622054
baseline_0,baseline,4,950,1000,ridge,0.843146,0.848077483076039
baseline_0,baseline,4,950,1000,random_forest,0.843146,0.8446248331750542
T25_C0p5_D100_3,T25_C0p5_D100,5,100,150,persistence,0.9384,0.956269097488947
T25_C0p5_D100_3,T25_C0p5_D100,5,100,150,local_linear,0.9384,0.9360711147382764
T25_C0p5_D100_3,T25_C0p5_D100,5,100,150,ridge,0.9384,0.9347570027727076
T25_C0p5_D100_3,T25_C0p5_D100,5,100,150,random_forest,0.9384,0.9371269554559332
T25_C0p5_D100_3,T25_C0p5_D100,5,150,200,persistence,0.92887,0.9408803927163122
T25_C0p5_D100_3,T25_C0p5_D100,5,150,200,local_linear,0.92887,0.9270178444074754
T25_C0p5_D100_3,T25_C0p5_D100,5,150,200,ridge,0.92887,0.9221928806618499
T25_C0p5_D100_3,T25_C0p5_D100,5,150,200,random_forest,0.92887,0.9213187742399441
T25_C0p5_D100_3,T25_C0p5_D100,5,200,250,persistence,0.920474,0.9413564124886908
T25_C0p5_D100_3,T25_C0p5_D100,5,200,250,local_linear,0.920474,0.933253332941807
T25_C0p5_D100_3,T25_C0p5_D100,5,200,250,ridge,0.920474,0.9242053050023066
T25_C0p5_D100_3,T25_C0p5_D100,5,200,250,random_forest,0.920474,0.9261767277033728
T25_C0p5_D100_3,T25_C0p5_D100,5,250,300,persistence,0.912884,0.9270845983705102
T25_C0p5_D100_3,T25_C0p5_D100,5,250,300,local_linear,0.912884,0.9177414714892905
T25_C0p5_D100_3,T25_C0p5_D100,5,250,300,ridge,0.912884,0.9089489882926345
T25_C0p5_D100_3,T25_C0p5_D100,5,250,300,random_forest,0.912884,0.9092242334113629
T25_C0p5_D100_3,T25_C0p5_D100,5,300,350,persistence,0.905904,0.9207724591347267
T25_C0p5_D100_3,T25_C0p5_D100,5,300,350,local_linear,0.905904,0.9131817712494277
T25_C0p5_D100_3,T25_C0p5_D100,5,300,350,ridge,0.905904,0.9024109770084937
T25_C0p5_D100_3,T25_C0p5_D100,5,300,350,random_forest,0.905904,0.9052024066112011
T25_C0p5_D100_3,T25_C0p5_D100,5,350,400,persistence,0.899407,0.9158630175068952
T25_C0p5_D100_3,T25_C0p5_D100,5,350,400,local_linear,0.899407,0.9068989136694324
T25_C0p5_D100_3,T25_C0p5_D100,5,350,400,ridge,0.899407,0.8992385409899922
T25_C0p5_D100_3,T25_C0p5_D100,5,350,400,random_forest,0.899407,0.8996229374125179
T25_C0p5_D100_3,T25_C0p5_D100,5,400,450,persistence,0.893305,0.9066620820500065
T25_C0p5_D100_3,T25_C0p5_D100,5,400,450,local_linear,0.893305,0.9007251275647358
T25_C0p5_D100_3,T25_C0p5_D100,5,400,450,ridge,0.893305,0.890439171207431
T25_C0p5_D100_3,T25_C0p5_D100,5,400,450,random_forest,0.893305,0.8903896870567278
T25_C0p5_D100_3,T25_C0p5_D100,5,450,500,persistence,0.887534,0.8983258833312605
T25_C0p5_D100_3,T25_C0p5_D100,5,450,500,local_linear,0.887534,0.8907098442726948
T25_C0p5_D100_3,T25_C0p5_D100,5,450,500,ridge,0.887534,0.8817822299430994
T25_C0p5_D100_3,T25_C0p5_D100,5,450,500,random_forest,0.887534,0.8836600821297802
T25_C0p5_D100_3,T25_C0p5_D100,5,500,550,persistence,0.882044,0.8946825762619278
T25_C0p5_D100_3,T25_C0p5_D100,5,500,550,local_linear,0.882044,0.8900639539039681
T25_C0p5_D100_3,T25_C0p5_D100,5,500,550,ridge,0.882044,0.8780724612462117
T25_C0p5_D100_3,T25_C0p5_D100,5,500,550,random_forest,0.882044,0.8790575062529484
T25_C0p5_D100_3,T25_C0p5_D100,5,550,600,persistence,0.876799,0.8914455442647178
T25_C0p5_D100_3,T25_C0p5_D100,5,550,600,local_linear,0.876799,0.8852520682863743
T25_C0p5_D100_3,T25_C0p5_D100,5,550,600,ridge,0.876799,0.8738778129275115
T25_C0p5_D100_3,T25_C0p5_D100,5,550,600,random_forest,0.876799,0.8766178500383293
T25_C0p5_D100_3,T25_C0p5_D100,5,600,650,persistence,0.871769,0.88210316850661
T25_C0p5_D100_3,T25_C0p5_D100,5,600,650,local_linear,0.871769,0.8762957386389679
T25_C0p5_D100_3,T25_C0p5_D100,5,600,650,ridge,0.871769,0.8655436987795222
T25_C0p5_D100_3,T25_C0p5_D100,5,600,650,random_forest,0.871769,0.8669263709529537
T25_C0p5_D100_3,T25_C0p5_D100,5,650,700,persistence,0.866928,0.8782013670936701
T25_C0p5_D100_3,T25_C0p5_D100,5,650,700,local_linear,0.866928,0.8724573088669109
T25_C0p5_D100_3,T25_C0p5_D100,5,650,700,ridge,0.866928,0.8609877177193085
T25_C0p5_D100_3,T25_C0p5_D100,5,650,700,random_forest,0.866928,0.862656945049031
T25_C0p5_D100_3,T25_C0p5_D100,5,700,750,persistence,0.857587,0.8699373517010635
T25_C0p5_D100_3,T25_C0p5_D100,5,700,750,local_linear,0.857587,0.8654844530316268
T25_C0p5_D100_3,T25_C0p5_D100,5,700,750,ridge,0.857587,0.8536659344444913
T25_C0p5_D100_3,T25_C0p5_D100,5,700,750,random_forest,0.857587,0.8559495370477089
T25_C0p5_D100_3,T25_C0p5_D100,5,750,800,persistence,0.848552,0.868465397118032
T25_C0p5_D100_3,T25_C0p5_D100,5,750,800,local_linear,0.848552,0.8605837270951378
T25_C0p5_D100_3,T25_C0p5_D100,5,750,800,ridge,0.848552,0.8492135665777284
T25_C0p5_D100_3,T25_C0p5_D100,5,750,800,random_forest,0.848552,0.8488114759186127
T25_C0p5_D100_3,T25_C0p5_D100,5,800,850,persistence,0.839796,0.8614465441013298
T25_C0p5_D100_3,T25_C0p5_D100,5,800,850,local_linear,0.839796,0.8506057084649711
T25_C0p5_D100_3,T25_C0p5_D100,5,800,850,ridge,0.839796,0.8391435224519319
T25_C0p5_D100_3,T25_C0p5_D100,5,800,850,random_forest,0.839796,0.8412728493952921
T25_C0p5_D100_3,T25_C0p5_D100,5,850,900,persistence,0.831293,0.8455627982744283
T25_C0p5_D100_3,T25_C0p5_D100,5,850,900,local_linear,0.831293,0.8386047196486359
T25_C0p5_D100_3,T25_C0p5_D100,5,850,900,ridge,0.831293,0.8276697858837665
T25_C0p5_D100_3,T25_C0p5_D100,5,850,900,random_forest,0.831293,0.8266916662230995
T25_C0p5_D100_3,T25_C0p5_D100,5,900,950,persistence,0.823024,0.8420897072917353
T25_C0p5_D100_3,T25_C0p5_D100,5,900,950,local_linear,0.823024,0.8339984448005482
T25_C0p5_D100_3,T25_C0p5_D100,5,900,950,ridge,0.823024,0.822467765097274
T25_C0p5_D100_3,T25_C0p5_D100,5,900,950,random_forest,0.823024,0.8232996177405061
T25_C0p5_D100_3,T25_C0p5_D100,5,950,1000,persistence,0.814969,0.8286362960199187
T25_C0p5_D100_3,T25_C0p5_D100,5,950,1000,local_linear,0.814969,0.8181090326987326
T25_C0p5_D100_3,T25_C0p5_D100,5,950,1000,ridge,0.814969,0.8078521505408777
T25_C0p5_D100_3,T25_C0p5_D100,5,950,1000,random_forest,0.814969,0.807083415873692
T25_C0p5_D80_0,T25_C0p5_D80,5,100,150,persistence,0.951193,0.9685910043699693
T25_C0p5_D80_0,T25_C0p5_D80,5,100,150,local_linear,0.951193,0.9510920974286967
T25_C0p5_D80_0,T25_C0p5_D80,5,100,150,ridge,0.951193,0.9497742461272826
T25_C0p5_D80_0,T25_C0p5_D80,5,100,150,random_forest,0.951193,0.9487635037121211
T25_C0p5_D80_0,T25_C0p5_D80,5,150,200,persistence,0.943643,0.9554566574698574
T25_C0p5_D80_0,T25_C0p5_D80,5,150,200,local_linear,0.943643,0.9439881286221832
T25_C0p5_D80_0,T25_C0p5_D80,5,150,200,ridge,0.943643,0.9386686745654089
T25_C0p5_D80_0,T25_C0p5_D80,5,150,200,random_forest,0.943643,0.9352041389295082
T25_C0p5_D80_0,T25_C0p5_D80,5,200,250,persistence,0.936991,0.9440014622570181
T25_C0p5_D80_0,T25_C0p5_D80,5,200,250,local_linear,0.936991,0.9367681222415764
T25_C0p5_D80_0,T25_C0p5_D80,5,200,250,ridge,0.936991,0.9305486059619368
T25_C0p5_D80_0,T25_C0p5_D80,5,200,250,random_forest,0.936991,0.9282493409384018
T25_C0p5_D80_0,T25_C0p5_D80,5,250,300,persistence,0.930977,0.9451648526770963
T25_C0p5_D80_0,T25_C0p5_D80,5,250,300,local_linear,0.930977,0.9368631235114162
T25_C0p5_D80_0,T25_C0p5_D80,5,250,300,ridge,0.930977,0.9292333506862809
T25_C0p5_D80_0,T25_C0p5_D80,5,250,300,random_forest,0.930977,0.9260931819627073
T25_C0p5_D80_0,T25_C0p5_D80,5,300,350,persistence,0.925447,0.9409323517746413
T25_C0p5_D80_0,T25_C0p5_D80,5,300,350,local_linear,0.925447,0.9336457786511723
T25_C0p5_D80_0,T25_C0p5_D80,5,300,350,ridge,0.925447,0.9246959074054241
T25_C0p5_D80_0,T25_C0p5_D80,5,300,350,random_forest,0.925447,0.924657141815476
T25_C0p5_D80_0,T25_C0p5_D80,5,350,400,persistence,0.920299,0.9363291951934919
T25_C0p5_D80_0,T25_C0p5_D80,5,350,400,local_linear,0.920299,0.931143368729881
T25_C0p5_D80_0,T25_C0p5_D80,5,350,400,ridge,0.920299,0.9210588237594427
T25_C0p5_D80_0,T25_C0p5_D80,5,350,400,random_forest,0.920299,0.9185803249510386
T25_C0p5_D80_0,T25_C0p5_D80,5,400,450,persistence,0.915465,0.9308498045147694
T25_C0p5_D80_0,T25_C0p5_D80,5,400,450,local_linear,0.915465,0.9247097144031212
T25_C0p5_D80_0,T25_C0p5_D80,5,400,450,ridge,0.915465,0.9149617515355911
T25_C0p5_D80_0,T25_C0p5_D80,5,400,450,random_forest,0.915465,0.9132969528149977
T25_C0p5_D80_0,T25_C0p5_D80,5,450,500,persistence,0.910892,0.9270475289536563
T25_C0p5_D80_0,T25_C0p5_D80,5,450,500,local_linear,0.910892,0.9239287087265348
T25_C0p5_D80_0,T25_C0p5_D80,5,450,500,ridge,0.910892,0.9115978640520503
T25_C0p5_D80_0,T25_C0p5_D80,5,450,500,random_forest,0.910892,0.910918774439484
T25_C0p5_D80_0,T25_C0p5_D80,5,500,550,persistence,0.906543,0.9153326711087645
T25_C0p5_D80_0,T25_C0p5_D80,5,500,550,local_linear,0.906543,0.9101645682394078
T25_C0p5_D80_0,T25_C0p5_D80,5,500,550,ridge,0.906543,0.9006245426793623
T25_C0p5_D80_0,T25_C0p5_D80,5,500,550,random_forest,0.906543,0.9005160963643652
T25_C0p5_D80_0,T25_C0p5_D80,5,550,600,persistence,0.902387,0.913890270644834
T25_C0p5_D80_0,T25_C0p5_D80,5,550,600,local_linear,0.902387,0.9096228419310723
T25_C0p5_D80_0,T25_C0p5_D80,5,550,600,ridge,0.902387,0.8992510304017199
T25_C0p5_D80_0,T25_C0p5_D80,5,550,600,random_forest,0.902387,0.8988037988390255
T25_C0p5_D80_0,T25_C0p5_D80,5,600,650,persistence,0.898401,0.9065397815880865
T25_C0p5_D80_0,T25_C0p5_D80,5,600,650,local_linear,0.898401,0.9026344927527634
T25_C0p5_D80_0,T25_C0p5_D80,5,600,650,ridge,0.898401,0.892367464406002
T25_C0p5_D80_0,T25_C0p5_D80,5,600,650,random_forest,0.898401,0.8933260982415678
T25_C0p5_D80_0,T25_C0p5_D80,5,650,700,persistence,0.894566,0.9096837360055842
T25_C0p5_D80_0,T25_C0p5_D80,5,650,700,local_linear,0.894566,0.9053417196846264
T25_C0p5_D80_0,T25_C0p5_D80,5,650,700,ridge,0.894566,0.8937927929096019
T25_C0p5_D80_0,T25_C0p5_D80,5,650,700,random_forest,0.894566,0.895746950742816
T25_C0p5_D80_0,T25_C0p5_D80,5,700,750,persistence,0.890865,0.9051696793471979
T25_C0p5_D80_0,T25_C0p5_D80,5,700,750,local_linear,0.890865,0.9014069213642757
T25_C0p5_D80_0,T25_C0p5_D80,5,700,750,ridge,0.890865,0.8881296708195237
T25_C0p5_D80_0,T25_C0p5_D80,5,700,750,random_forest,0.890865,0.8914479703920908
T25_C0p5_D80_0,T25_C0p5_D80,5,750,800,persistence,0.887286,0.8985503187995236
T25_C0p5_D80_0,T25_C0p5_D80,5,750,800,local_linear,0.887286,0.8960203021468591
T25_C0p5_D80_0,T25_C0p5_D80,5,750,800,ridge,0.887286,0.8835272432727144
T25_C0p5_D80_0,T25_C0p5_D80,5,750,800,random_forest,0.887286,0.8835143913622836
T25_C0p5_D80_0,T25_C0p5_D80,5,800,850,persistence,0.883817,0.8944496857827581
T25_C0p5_D80_0,T25_C0p5_D80,5,800,850,local_linear,0.883817,0.8906378425297973
T25_C0p5_D80_0,T25_C0p5_D80,5,800,850,ridge,0.883817,0.8782264270680517
T25_C0p5_D80_0,T25_C0p5_D80,5,800,850,random_forest,0.883817,0.8795915033957884
T25_C0p5_D80_0,T25_C0p5_D80,5,850,900,persistence,0.878777,0.8926855073120488
T25_C0p5_D80_0,T25_C0p5_D80,5,850,900,local_linear,0.878777,0.8902576596401254
T25_C0p5_D80_0,T25_C0p5_D80,5,850,900,ridge,0.878777,0.8769889134776526
T25_C0p5_D80_0,T25_C0p5_D80,5,850,900,random_forest,0.878777,0.8792501406439399
T25_C0p5_D80_0,T25_C0p5_D80,5,900,950,persistence,0.872225,0.8798103139015735
T25_C0p5_D80_0,T25_C0p5_D80,5,900,950,local_linear,0.872225,0.8758909898139191
T25_C0p5_D80_0,T25_C0p5_D80,5,900,950,ridge,0.872225,0.8659242918000851
T25_C0p5_D80_0,T25_C0p5_D80,5,900,950,random_forest,0.872225,0.8637223534742517
T25_C0p5_D80_0,T25_C0p5_D80,5,950,1000,persistence,0.865843,0.8817847681900037
T25_C0p5_D80_0,T25_C0p5_D80,5,950,1000,local_linear,0.865843,0.8752557719430629
T25_C0p5_D80_0,T25_C0p5_D80,5,950,1000,ridge,0.865843,0.8640740822397383
T25_C0p5_D80_0,T25_C0p5_D80,5,950,1000,random_forest,0.865843,0.863640112248602
T25_C1_D100_1,T25_C1_D100,5,100,150,persistence,0.937199,0.9684143614623372
T25_C1_D100_1,T25_C1_D100,5,100,150,local_linear,0.937199,0.9492601258621903
T25_C1_D100_1,T25_C1_D100,5,100,150,ridge,0.937199,0.9424208843302445
T25_C1_D100_1,T25_C1_D100,5,100,150,random_forest,0.937199,0.9416034231486741
T25_C1_D100_1,T25_C1_D100,5,150,200,persistence,0.927483,0.9511035190994582
T25_C1_D100_1,T25_C1_D100,5,150,200,local_linear,0.927483,0.9370764531059178
T25_C1_D100_1,T25_C1_D100,5,150,200,ridge,0.927483,0.9289873116786161
T25_C1_D100_1,T25_C1_D100,5,150,200,random_forest,0.927483,0.9307681065225923
T25_C1_D100_1,T25_C1_D100,5,200,250,persistence,0.918924,0.9425270094521818
T25_C1_D100_1,T25_C1_D100,5,200,250,local_linear,0.918924,0.9328365170422598
T25_C1_D100_1,T25_C1_D100,5,200,250,ridge,0.918924,0.9222567024492653
T25_C1_D100_1,T25_C1_D100,5,200,250,random_forest,0.918924,0.9254941043803064
T25_C1_D100_1,T25_C1_D100,5,250,300,persistence,0.911185,0.9316219269213661
T25_C1_D100_1,T25_C1_D100,5,250,300,local_linear,0.911185,0.9226179391429455
T25_C1_D100_1,T25_C1_D100,5,250,300,ridge,0.911185,0.9114069448581582
T25_C1_D100_1,T25_C1_D100,5,250,300,random_forest,0.911185,0.9147522512071262
T25_C1_D100_1,T25_C1_D100,5,300,350,persistence,0.904069,0.9221743868450922
T25_C1_D100_1,T25_C1_D100,5,300,350,local_linear,0.904069,0.9136279181367866
T25_C1_D100_1,T25_C1_D100,5,300,350,ridge,0.904069,0.9031247540893074
T25_C1_D100_1,T25_C1_D100,5,300,350,random_forest,0.904069,0.9064372400191649
T25_C1_D100_1,T25_C1_D100,5,350,400,persistence,0.897446,0.9120152777098944
T25_C1_D100_1,T25_C1_D100,5,350,400,local_linear,0.897446,0.9010860707393673
T25_C1_D100_1,T25_C1_D100,5,350,400,ridge,0.897446,0.891682460763228
T25_C1_D100_1,T25_C1_D100,5,350,400,random_forest,0.897446,0.8896078200961197
T25_C1_D100_1,T25_C1_D100,5,400,450,persistence,0.891225,0.9131593584301136
T25_C1_D100_1,T25_C1_D100,5,400,450,local_linear,0.891225,0.9062658722847067
T25_C1_D100_1,T25_C1_D100,5,400,450,ridge,0.891225,0.8927923474761693
T25_C1_D100_1,T25_C1_D100,5,400,450,random_forest,0.891225,0.8957103098814555
T25_C1_D100_1,T25_C1_D100,5,450,500,persistence,0.885341,0.9046057850072999
T25_C1_D100_1,T25_C1_D100,5,450,500,local_linear,0.885341,0.8991938748213057
T25_C1_D100_1,T25_C1_D100,5,450,500,ridge,0.885341,0.8842891365797667
T25_C1_D100_1,T25_C1_D100,5,450,500,random_forest,0.885341,0.8892105653206173
T25_C1_D100_1,T25_C1_D100,5,500,550,persistence,0.879745,0.8990153533448251
T25_C1_D100_1,T25_C1_D100,5,500,550,local_linear,0.879745,0.8933508399351414
T25_C1_D100_1,T25_C1_D100,5,500,550,ridge,0.879745,0.8787354434908169
T25_C1_D100_1,T25_C1_D100,5,500,550,random_forest,0.879745,0.8833433072495037
T25_C1_D100_1,T25_C1_D100,5,550,600,persistence,0.874397,0.8917937192425912
T25_C1_D100_1,T25_C1_D100,5,550,600,local_linear,0.874397,0.8875842678143868
T25_C1_D100_1,T25_C1_D100,5,550,600,ridge,0.874397,0.8727050528309862
T25_C1_D100_1,T25_C1_D100,5,550,600,random_forest,0.874397,0.8763314525714735
T25_C1_D100_1,T25_C1_D100,5,600,650,persistence,0.869269,0.8849614548556396
T25_C1_D100_1,T25_C1_D100,5,600,650,local_linear,0.869269,0.8782480881822069
T25_C1_D100_1,T25_C1_D100,5,600,650,ridge,0.869269,0.8636845159611497
T25_C1_D100_1,T25_C1_D100,5,600,650,random_forest,0.869269,0.868222042557252
T25_C1_D100_1,T25_C1_D100,5,650,700,persistence,0.864334,0.8830965213665948
T25_C1_D100_1,T25_C1_D100,5,650,700,local_linear,0.864334,0.8794094530759762
T25_C1_D100_1,T25_C1_D100,5,650,700,ridge,0.864334,0.8622158594050494
T25_C1_D100_1,T25_C1_D100,5,650,700,random_forest,0.864334,0.8687485592151429
T25_C1_D100_1,T25_C1_D100,5,700,750,persistence,0.85481,0.874146478920927
T25_C1_D100_1,T25_C1_D100,5,700,750,local_linear,0.85481,0.8690581884643979
T25_C1_D100_1,T25_C1_D100,5,700,750,ridge,0.85481,0.8540581117628956
T25_C1_D100_1,T25_C1_D100,5,700,750,random_forest,0.85481,0.8547595065220023
T25_C1_D100_1,T25_C1_D100,5,750,800,persistence,0.845599,0.8592554082388556
T25_C1_D100_1,T25_C1_D100,5,750,800,local_linear,0.845599,0.8493017993907609
T25_C1_D100_1,T25_C1_D100,5,750,800,ridge,0.845599,0.8377785058933304
T25_C1_D100_1,T25_C1_D100,5,750,800,random_forest,0.845599,0.8410590189603624
T25_C1_D100_1,T25_C1_D100,5,800,850,persistence,0.836672,0.8593722737634986
T25_C1_D100_1,T25_C1_D100,5,800,850,local_linear,0.836672,0.8501475391202373
T25_C1_D100_1,T25_C1_D100,5,800,850,ridge,0.836672,0.8356989075678868
T25_C1_D100_1,T25_C1_D100,5,800,850,random_forest,0.836672,0.8375552682199222
T25_C1_D100_1,T25_C1_D100,5,850,900,persistence,0.828004,0.8521965121101899
T25_C1_D100_1,T25_C1_D100,5,850,900,local_linear,0.828004,0.8419589330892298
T25_C1_D100_1,T25_C1_D100,5,850,900,ridge,0.828004,0.8281295680875842
T25_C1_D100_1,T25_C1_D100,5,850,900,random_forest,0.828004,0.8304718362046805
T25_C1_D100_1,T25_C1_D100,5,900,950,persistence,0.819573,0.8382239826077886
T25_C1_D100_1,T25_C1_D100,5,900,950,local_linear,0.819573,0.8312429817550014
T25_C1_D100_1,T25_C1_D100,5,900,950,ridge,0.819573,0.8154863811245565
T25_C1_D100_1,T25_C1_D100,5,900,950,random_forest,0.819573,0.8160308463867908
T25_C1_D100_1,T25_C1_D100,5,950,1000,persistence,0.811362,0.826736756856088
T25_C1_D100_1,T25_C1_D100,5,950,1000,local_linear,0.811362,0.8166591887465615
T25_C1_D100_1,T25_C1_D100,5,950,1000,ridge,0.811362,0.804469461320982
T25_C1_D100_1,T25_C1_D100,5,950,1000,random_forest,0.811362,0.8038778222639344
T25_C1_D50_2,T25_C1_D50,5,100,150,persistence,0.963134,0.9718987311225266
T25_C1_D50_2,T25_C1_D50,5,100,150,local_linear,0.963134,0.9595877493748184
T25_C1_D50_2,T25_C1_D50,5,100,150,ridge,0.963134,0.9594664430492812
T25_C1_D50_2,T25_C1_D50,5,100,150,random_forest,0.963134,0.9581235195181861
T25_C1_D50_2,T25_C1_D50,5,150,200,persistence,0.957431,0.9730486967343686
T25_C1_D50_2,T25_C1_D50,5,150,200,local_linear,0.957431,0.9634739479853934
T25_C1_D50_2,T25_C1_D50,5,150,200,ridge,0.957431,0.9595629866171488
T25_C1_D50_2,T25_C1_D50,5,150,200,random_forest,0.957431,0.9552863075966576
T25_C1_D50_2,T25_C1_D50,5,200,250,persistence,0.952406,0.9607866651268128
T25_C1_D50_2,T25_C1_D50,5,200,250,local_linear,0.952406,0.9550710127844972
T25_C1_D50_2,T25_C1_D50,5,200,250,ridge,0.952406,0.9513490719929762
T25_C1_D50_2,T25_C1_D50,5,200,250,random_forest,0.952406,0.9461768560509105
T25_C1_D50_2,T25_C1_D50,5,250,300,persistence,0.947863,0.9590663953699973
T25_C1_D50_2,T25_C1_D50,5,250,300,local_linear,0.947863,0.9551113481066238
T25_C1_D50_2,T25_C1_D50,5,250,300,ridge,0.947863,0.9482491435790508
T25_C1_D50_2,T25_C1_D50,5,250,300,random_forest,0.947863,0.9419799770386904
T25_C1_D50_2,T25_C1_D50,5,300,350,persistence,0.943686,0.94811586629963
T25_C1_D50_2,T25_C1_D50,5,300,350,local_linear,0.943686,0.9425623054333119
T25_C1_D50_2,T25_C1_D50,5,300,350,ridge,0.943686,0.9395708437708626
T25_C1_D50_2,T25_C1_D50,5,300,350,random_forest,0.943686,0.9388546866964285
T25_C1_D50_2,T25_C1_D50,5,350,400,persistence,0.939798,0.9524694834339699
T25_C1_D50_2,T25_C1_D50,5,350,400,local_linear,0.939798,0.949010034674042
T25_C1_D50_2,T25_C1_D50,5,350,400,ridge,0.939798,0.9418437817307118
T25_C1_D50_2,T25_C1_D50,5,350,400,random_forest,0.939798,0.9374538229865795
T25_C1_D50_2,T25_C1_D50,5,400,450,persistence,0.936146,0.9479405396367538
T25_C1_D50_2,T25_C1_D50,5,400,450,local_linear,0.936146,0.9441568686201486
T25_C1_D50_2,T25_C1_D50,5,400,450,ridge,0.936146,0.9387681566164205
T25_C1_D50_2,T25_C1_D50,5,400,450,random_forest,0.936146,0.9359416229024798
T25_C1_D50_2,T25_C1_D50,5,450,500,persistence,0.932692,0.9402670431921667
T25_C1_D50_2,T25_C1_D50,5,450,500,local_linear,0.932692,0.9380524728729974
T25_C1_D50_2,T25_C1_D50,5,450,500,ridge,0.932692,0.932350810172416
T25_C1_D50_2,T25_C1_D50,5,450,500,random_forest,0.932692,0.9297704045833332
T25_C1_D50_2,T25_C1_D50,5,500,550,persistence,0.929407,0.938387206472509
T25_C1_D50_2,T25_C1_D50,5,500,550,local_linear,0.929407,0.9359919243056851
T25_C1_D50_2,T25_C1_D50,5,500,550,ridge,0.929407,0.9301039445740946
T25_C1_D50_2,T25_C1_D50,5,500,550,random_forest,0.929407,0.9265955522499549
T25_C1_D50_2,T25_C1_D50,5,550,600,persistence,0.926268,0.9336716087280175
T25_C1_D50_2,T25_C1_D50,5,550,600,local_linear,0.926268,0.9309338923469276
T25_C1_D50_2,T25_C1_D50,5,550,600,ridge,0.926268,0.9253793381954358
T25_C1_D50_2,T25_C1_D50,5,550,600,random_forest,0.926268,0.9256737455972667
T25_C1_D50_2,T25_C1_D50,5,600,650,persistence,0.923257,0.933649939140471
T25_C1_D50_2,T25_C1_D50,5,600,650,local_linear,0.923257,0.931066187327358
T25_C1_D50_2,T25_C1_D50,5,600,650,ridge,0.923257,0.9244353944230251
T25_C1_D50_2,T25_C1_D50,5,600,650,random_forest,0.923257,0.9234006905625444
T25_C1_D50_2,T25_C1_D50,5,650,700,persistence,0.92036,0.9291850191246424
T25_C1_D50_2,T25_C1_D50,5,650,700,local_linear,0.92036,0.9261657987661953
T25_C1_D50_2,T25_C1_D50,5,650,700,ridge,0.92036,0.921071371101009
T25_C1_D50_2,T25_C1_D50,5,650,700,random_forest,0.92036,0.9194173662851733
T25_C1_D50_2,T25_C1_D50,5,700,750,persistence,0.917565,0.9240050027197796
T25_C1_D50_2,T25_C1_D50,5,700,750,local_linear,0.917565,0.921986381609756
T25_C1_D50_2,T25_C1_D50,5,700,750,ridge,0.917565,0.9169022942552719
T25_C1_D50_2,T25_C1_D50,5,700,750,random_forest,0.917565,0.9168136896660803
T25_C1_D50_2,T25_C1_D50,5,750,800,persistence,0.914861,0.9248033300246172
T25_C1_D50_2,T25_C1_D50,5,750,800,local_linear,0.914861,0.9207266397930373
T25_C1_D50_2,T25_C1_D50,5,750,800,ridge,0.914861,0.9165476458552377
T25_C1_D50_2,T25_C1_D50,5,750,800,random_forest,0.914861,0.9137761072776869
T25_C1_D50_2,T25_C1_D50,5,800,850,persistence,0.912241,0.9197341240106172
T25_C1_D50_2,T25_C1_D50,5,800,850,local_linear,0.912241,0.9179198483878201
T25_C1_D50_2,T25_C1_D50,5,800,850,ridge,0.912241,0.9117901730630691
T25_C1_D50_2,T25_C1_D50,5,800,850,random_forest,0.912241,0.9075243666529648
T25_C1_D50_2,T25_C1_D50,5,850,900,persistence,0.909697,0.9139508065888351
T25_C1_D50_2,T25_C1_D50,5,850,900,local_linear,0.909697,0.9105519306296251
T25_C1_D50_2,T25_C1_D50,5,850,900,ridge,0.909697,0.9058530390839472
T25_C1_D50_2,T25_C1_D50,5,850,900,random_forest,0.909697,0.9017862086799312
T25_C1_D50_2,T25_C1_D50,5,900,950,persistence,0.907222,0.9131529717746235
T25_C1_D50_2,T25_C1_D50,5,900,950,local_linear,0.907222,0.9105690359978652
T25_C1_D50_2,T25_C1_D50,5,900,950,ridge,0.907222,0.9048156725544685
T25_C1_D50_2,T25_C1_D50,5,900,950,random_forest,0.907222,0.9024910376573777
T25_C1_D50_2,T25_C1_D50,5,950,1000,persistence,0.904812,0.9087520755401823
T25_C1_D50_2,T25_C1_D50,5,950,1000,local_linear,0.904812,0.9063347360584183
T25_C1_D50_2,T25_C1_D50,5,950,1000,ridge,0.904812,0.9008392859525701
T25_C1_D50_2,T25_C1_D50,5,950,1000,random_forest,0.904812,0.8966260843326117
T25_C2_D100_3,T25_C2_D100,5,100,150,persistence,0.931867,0.9551534260189847
T25_C2_D100_3,T25_C2_D100,5,100,150,local_linear,0.931867,0.9320110192615293
T25_C2_D100_3,T25_C2_D100,5,100,150,ridge,0.931867,0.9289932651055219
T25_C2_D100_3,T25_C2_D100,5,100,150,random_forest,0.931867,0.9308112726674892
T25_C2_D100_3,T25_C2_D100,5,150,200,persistence,0.921327,0.9379116399439844
T25_C2_D100_3,T25_C2_D100,5,150,200,local_linear,0.921327,0.9234029213121105
T25_C2_D100_3,T25_C2_D100,5,150,200,ridge,0.921327,0.9154972375617536
T25_C2_D100_3,T25_C2_D100,5,150,200,random_forest,0.921327,0.9140973813870671
T25_C2_D100_3,T25_C2_D100,5,200,250,persistence,0.912041,0.9352300589386573
T25_C2_D100_3,T25_C2_D100,5,200,250,local_linear,0.912041,0.9238985058817393
T25_C2_D100_3,T25_C2_D100,5,200,250,ridge,0.912041,0.91334399585452
T25_C2_D100_3,T25_C2_D100,5,200,250,random_forest,0.912041,0.9148467236361378
T25_C2_D100_3,T25_C2_D100,5,250,300,persistence,0.903646,0.9173073231399481
T25_C2_D100_3,T25_C2_D100,5,250,300,local_linear,0.903646,0.906455188302812
T25_C2_D100_3,T25_C2_D100,5,250,300,ridge,0.903646,0.8967749650927391
T25_C2_D100_3,T25_C2_D100,5,250,300,random_forest,0.903646,0.8961377103706711
T25_C2_D100_3,T25_C2_D100,5,300,350,persistence,0.895926,0.9146441193335832
T25_C2_D100_3,T25_C2_D100,5,300,350,local_linear,0.895926,0.9076847090613953
T25_C2_D100_3,T25_C2_D100,5,300,350,ridge,0.895926,0.8938572823440698
T25_C2_D100_3,T25_C2_D100,5,300,350,random_forest,0.895926,0.8975008788785177
T25_C2_D100_3,T25_C2_D100,5,350,400,persistence,0.88874,0.9140197912499203
T25_C2_D100_3,T25_C2_D100,5,350,400,local_linear,0.88874,0.9047173886235099
T25_C2_D100_3,T25_C2_D100,5,350,400,ridge,0.88874,0.8907917227169615
T25_C2_D100_3,T25_C2_D100,5,350,400,random_forest,0.88874,0.8927308290142498
T25_C2_D100_3,T25_C2_D100,5,400,450,persistence,0.881991,0.9030530735989436
T25_C2_D100_3,T25_C2_D100,5,400,450,local_linear,0.881991,0.8961936182651549
T25_C2_D100_3,T25_C2_D100,5,400,450,ridge,0.881991,0.8814402486046795
T25_C2_D100_3,T25_C2_D100,5,400,450,random_forest,0.881991,0.883315848447421
T25_C2_D100_3,T25_C2_D100,5,450,500,persistence,0.875607,0.8976750111566982
T25_C2_D100_3,T25_C2_D100,5,450,500,local_linear,0.875607,0.8914103611132509
T25_C2_D100_3,T25_C2_D100,5,450,500,ridge,0.875607,0.8763215658514345
T25_C2_D100_3,T25_C2_D100,5,450,500,random_forest,0.875607,0.8811857943359932
T25_C2_D100_3,T25_C2_D100,5,500,550,persistence,0.869536,0.8823270699369141
T25_C2_D100_3,T25_C2_D100,5,500,550,local_linear,0.869536,0.8744927822916999
T25_C2_D100_3,T25_C2_D100,5,500,550,ridge,0.869536,0.8621788363889265
T25_C2_D100_3,T25_C2_D100,5,500,550,random_forest,0.869536,0.8646643747023811
T25_C2_D100_3,T25_C2_D100,5,550,600,persistence,0.863735,0.8810833805801186
T25_C2_D100_3,T25_C2_D100,5,550,600,local_linear,0.863735,0.8738391764023096
T25_C2_D100_3,T25_C2_D100,5,550,600,ridge,0.863735,0.8593172159621958
T25_C2_D100_3,T25_C2_D100,5,550,600,random_forest,0.863735,0.8631454104790868
T25_C2_D100_3,T25_C2_D100,5,600,650,persistence,0.858171,0.8776930357121128
T25_C2_D100_3,T25_C2_D100,5,600,650,local_linear,0.858171,0.8715606826949682
T25_C2_D100_3,T25_C2_D100,5,600,650,ridge,0.858171,0.8545767568208533
T25_C2_D100_3,T25_C2_D100,5,600,650,random_forest,0.858171,0.8588443685749146
T25_C2_D100_3,T25_C2_D100,5,650,700,persistence,0.852817,0.8687572468869895
T25_C2_D100_3,T25_C2_D100,5,650,700,local_linear,0.852817,0.8628177073024709
T25_C2_D100_3,T25_C2_D100,5,650,700,ridge,0.852817,0.847677667215915
T25_C2_D100_3,T25_C2_D100,5,650,700,random_forest,0.852817,0.8498528649116688
T25_C2_D100_3,T25_C2_D100,5,700,750,persistence,0.842485,0.860386184419165
T25_C2_D100_3,T25_C2_D100,5,700,750,local_linear,0.842485,0.8531872297778315
T25_C2_D100_3,T25_C2_D100,5,700,750,ridge,0.842485,0.8382866150545424
T25_C2_D100_3,T25_C2_D100,5,700,750,random_forest,0.842485,0.8422646490507237
T25_C2_D100_3,T25_C2_D100,5,750,800,persistence,0.832492,0.854503990708091
T25_C2_D100_3,T25_C2_D100,5,750,800,local_linear,0.832492,0.8467114789613845
T25_C2_D100_3,T25_C2_D100,5,750,800,ridge,0.832492,0.831862702930142
T25_C2_D100_3,T25_C2_D100,5,750,800,random_forest,0.832492,0.834149685065108
T25_C2_D100_3,T25_C2_D100,5,800,850,persistence,0.822807,0.8366969815947387
T25_C2_D100_3,T25_C2_D100,5,800,850,local_linear,0.822807,0.8257883945524075
T25_C2_D100_3,T25_C2_D100,5,800,850,ridge,0.822807,0.8129600392533696
T25_C2_D100_3,T25_C2_D100,5,800,850,random_forest,0.822807,0.8153635728166975
T25_C2_D100_3,T25_C2_D100,5,850,900,persistence,0.813403,0.8369999570370891
T25_C2_D100_3,T25_C2_D100,5,850,900,local_linear,0.813403,0.8258860086969328
T25_C2_D100_3,T25_C2_D100,5,850,900,ridge,0.813403,0.8117999308172026
T25_C2_D100_3,T25_C2_D100,5,850,900,random_forest,0.813403,0.8156552594387216
T25_C2_D100_3,T25_C2_D100,5,900,950,persistence,0.804257,0.8251074259032581
T25_C2_D100_3,T25_C2_D100,5,900,950,local_linear,0.804257,0.8144581156098019
T25_C2_D100_3,T25_C2_D100,5,900,950,ridge,0.804257,0.8003115512919469
T25_C2_D100_3,T25_C2_D100,5,900,950,random_forest,0.804257,0.7984967088735566
T25_C2_D100_3,T25_C2_D100,5,950,1000,persistence,0.795348,0.8132238350283817
T25_C2_D100_3,T25_C2_D100,5,950,1000,local_linear,0.795348,0.8045329512407272
T25_C2_D100_3,T25_C2_D100,5,950,1000,ridge,0.795348,0.7898098266948185
T25_C2_D100_3,T25_C2_D100,5,950,1000,random_forest,0.795348,0.7868501672668649
T25_C2_D80_0,T25_C2_D80,5,100,150,persistence,0.942621,0.9653374670197661
T25_C2_D80_0,T25_C2_D80,5,100,150,local_linear,0.942621,0.9479875143082748
T25_C2_D80_0,T25_C2_D80,5,100,150,ridge,0.942621,0.9419479640741447
T25_C2_D80_0,T25_C2_D80,5,100,150,random_forest,0.942621,0.943225257467758
T25_C2_D80_0,T25_C2_D80,5,150,200,persistence,0.933745,0.9494936889220807
T25_C2_D80_0,T25_C2_D80,5,150,200,local_linear,0.933745,0.9350190216509995
T25_C2_D80_0,T25_C2_D80,5,150,200,ridge,0.933745,0.9299652182864608
T25_C2_D80_0,T25_C2_D80,5,150,200,random_forest,0.933745,0.9298827416142015
T25_C2_D80_0,T25_C2_D80,5,200,250,persistence,0.925924,0.9451346477932109
T25_C2_D80_0,T25_C2_D80,5,200,250,local_linear,0.925924,0.93655398208063
T25_C2_D80_0,T25_C2_D80,5,200,250,ridge,0.925924,0.9269719373668105
T25_C2_D80_0,T25_C2_D80,5,200,250,random_forest,0.925924,0.9260119944072418
T25_C2_D80_0,T25_C2_D80,5,250,300,persistence,0.918854,0.931383916946313
T25_C2_D80_0,T25_C2_D80,5,250,300,local_linear,0.918854,0.9221467287272429
T25_C2_D80_0,T25_C2_D80,5,250,300,ridge,0.918854,0.9130343952777931
T25_C2_D80_0,T25_C2_D80,5,250,300,random_forest,0.918854,0.9134448427497842
T25_C2_D80_0,T25_C2_D80,5,300,350,persistence,0.912352,0.9255961008396756
T25_C2_D80_0,T25_C2_D80,5,300,350,local_linear,0.912352,0.9188522058597024
T25_C2_D80_0,T25_C2_D80,5,300,350,ridge,0.912352,0.9080838726153635
T25_C2_D80_0,T25_C2_D80,5,300,350,random_forest,0.912352,0.9082431577692279
T25_C2_D80_0,T25_C2_D80,5,350,400,persistence,0.906301,0.9175349209702699
T25_C2_D80_0,T25_C2_D80,5,350,400,local_linear,0.906301,0.9104027563778532
T25_C2_D80_0,T25_C2_D80,5,350,400,ridge,0.906301,0.9000049467325768
T25_C2_D80_0,T25_C2_D80,5,350,400,random_forest,0.906301,0.9007600183805433
T25_C2_D80_0,T25_C2_D80,5,400,450,persistence,0.900617,0.9121937198755964
T25_C2_D80_0,T25_C2_D80,5,400,450,local_linear,0.900617,0.9050549597560146
T25_C2_D80_0,T25_C2_D80,5,400,450,ridge,0.900617,0.8952187271323153
T25_C2_D80_0,T25_C2_D80,5,400,450,random_forest,0.900617,0.896120149005578
T25_C2_D80_0,T25_C2_D80,5,450,500,persistence,0.895241,0.9037075433226389
T25_C2_D80_0,T25_C2_D80,5,450,500,local_linear,0.895241,0.8966164428225795
T25_C2_D80_0,T25_C2_D80,5,450,500,ridge,0.895241,0.8873195140981862
T25_C2_D80_0,T25_C2_D80,5,450,500,random_forest,0.895241,0.8901019968874001
T25_C2_D80_0,T25_C2_D80,5,500,550,persistence,0.890128,0.9063459620401806
T25_C2_D80_0,T25_C2_D80,5,500,550,local_linear,0.890128,0.9009564463725361
T25_C2_D80_0,T25_C2_D80,5,500,550,ridge,0.890128,0.8890908578457309
T25_C2_D80_0,T25_C2_D80,5,500,550,random_forest,0.890128,0.8936851056319893
T25_C2_D80_0,T25_C2_D80,5,550,600,persistence,0.885242,0.8927450855152287
T25_C2_D80_0,T25_C2_D80,5,550,600,local_linear,0.885242,0.8869375217439791
T25_C2_D80_0,T25_C2_D80,5,550,600,ridge,0.885242,0.8763708908622927
T25_C2_D80_0,T25_C2_D80,5,550,600,random_forest,0.885242,0.8805695471318092
T25_C2_D80_0,T25_C2_D80,5,600,650,persistence,0.880556,0.8846274031965647
T25_C2_D80_0,T25_C2_D80,5,600,650,local_linear,0.880556,0.8797165617972394
T25_C2_D80_0,T25_C2_D80,5,600,650,ridge,0.880556,0.8687017073549761
T25_C2_D80_0,T25_C2_D80,5,600,650,random_forest,0.880556,0.8697071874681221
T25_C2_D80_0,T25_C2_D80,5,650,700,persistence,0.876047,0.8865548737047427
T25_C2_D80_0,T25_C2_D80,5,650,700,local_linear,0.876047,0.8794114562366908
T25_C2_D80_0,T25_C2_D80,5,650,700,ridge,0.876047,0.870365028163848
T25_C2_D80_0,T25_C2_D80,5,650,700,random_forest,0.876047,0.8721954979135796
T25_C2_D80_0,T25_C2_D80,5,700,750,persistence,0.871697,0.8840687659373756
T25_C2_D80_0,T25_C2_D80,5,700,750,local_linear,0.871697,0.8806993759794295
T25_C2_D80_0,T25_C2_D80,5,700,750,ridge,0.871697,0.8681226196777095
T25_C2_D80_0,T25_C2_D80,5,700,750,random_forest,0.871697,0.8694386874255953
T25_C2_D80_0,T25_C2_D80,5,750,800,persistence,0.867489,0.8772363915079275
T25_C2_D80_0,T25_C2_D80,5,750,800,local_linear,0.867489,0.8718580271487506
T25_C2_D80_0,T25_C2_D80,5,750,800,ridge,0.867489,0.8592776696956589
T25_C2_D80_0,T25_C2_D80,5,750,800,random_forest,0.867489,0.8608965823462302
T25_C2_D80_0,T25_C2_D80,5,800,850,persistence,0.863411,0.8758395526971321
T25_C2_D80_0,T25_C2_D80,5,800,850,local_linear,0.863411,0.872073405708387
T25_C2_D80_0,T25_C2_D80,5,800,850,ridge,0.863411,0.8571769341276385
T25_C2_D80_0,T25_C2_D80,5,800,850,random_forest,0.863411,0.8585462211929562
T25_C2_D80_0,T25_C2_D80,5,850,900,persistence,0.857485,0.8714436621448329
T25_C2_D80_0,T25_C2_D80,5,850,900,local_linear,0.857485,0.8666127017750637
T25_C2_D80_0,T25_C2_D80,5,850,900,ridge,0.857485,0.8534095941218471
T25_C2_D80_0,T25_C2_D80,5,850,900,random_forest,0.857485,0.8553484873586307
T25_C2_D80_0,T25_C2_D80,5,900,950,persistence,0.849782,0.8662365929514424
T25_C2_D80_0,T25_C2_D80,5,900,950,local_linear,0.849782,0.8610499565956616
T25_C2_D80_0,T25_C2_D80,5,900,950,ridge,0.849782,0.8471896494270108
T25_C2_D80_0,T25_C2_D80,5,900,950,random_forest,0.849782,0.8491450114865169
T25_C2_D80_0,T25_C2_D80,5,950,1000,persistence,0.84228,0.856361438798021
T25_C2_D80_0,T25_C2_D80,5,950,1000,local_linear,0.84228,0.8490299717090624
T25_C2_D80_0,T25_C2_D80,5,950,1000,ridge,0.84228,0.8369751001637822
T25_C2_D80_0,T25_C2_D80,5,950,1000,random_forest,0.84228,0.837391086643166
T35_C0p5_D100_1,T35_C0p5_D100,5,100,150,persistence,0.926484,0.9564575329747309
T35_C0p5_D100_1,T35_C0p5_D100,5,100,150,local_linear,0.926484,0.9325125861818336
T35_C0p5_D100_1,T35_C0p5_D100,5,100,150,ridge,0.926484,0.9277762598957414
T35_C0p5_D100_1,T35_C0p5_D100,5,100,150,random_forest,0.926484,0.9277786598610417
T35_C0p5_D100_1,T35_C0p5_D100,5,150,200,persistence,0.915111,0.9480158765385553
T35_C0p5_D100_1,T35_C0p5_D100,5,150,200,local_linear,0.915111,0.934002417503648
T35_C0p5_D100_1,T35_C0p5_D100,5,150,200,ridge,0.915111,0.9219146518872398
T35_C0p5_D100_1,T35_C0p5_D100,5,150,200,random_forest,0.915111,0.9222000498475831
T35_C0p5_D100_1,T35_C0p5_D100,5,200,250,persistence,0.905091,0.9329962449615593
T35_C0p5_D100_1,T35_C0p5_D100,5,200,250,local_linear,0.905091,0.9194502636819277
T35_C0p5_D100_1,T35_C0p5_D100,5,200,250,ridge,0.905091,0.9080076317965934
T35_C0p5_D100_1,T35_C0p5_D100,5,200,250,random_forest,0.905091,0.9110456803783193
T35_C0p5_D100_1,T35_C0p5_D100,5,250,300,persistence,0.896032,0.9232621785489187
T35_C0p5_D100_1,T35_C0p5_D100,5,250,300,local_linear,0.896032,0.9114595268684651
T35_C0p5_D100_1,T35_C0p5_D100,5,250,300,ridge,0.896032,0.8993285496936416
T35_C0p5_D100_1,T35_C0p5_D100,5,250,300,random_forest,0.896032,0.9006135382153786
T35_C0p5_D100_1,T35_C0p5_D100,5,300,350,persistence,0.887702,0.9129490080296517
T35_C0p5_D100_1,T35_C0p5_D100,5,300,350,local_linear,0.887702,0.9034391340349003
T35_C0p5_D100_1,T35_C0p5_D100,5,300,350,ridge,0.887702,0.890861443255905
T35_C0p5_D100_1,T35_C0p5_D100,5,300,350,random_forest,0.887702,0.8910843457003068
T35_C0p5_D100_1,T35_C0p5_D100,5,350,400,persistence,0.879949,0.9062618960463743
T35_C0p5_D100_1,T35_C0p5_D100,5,350,400,local_linear,0.879949,0.8988209769073201
T35_C0p5_D100_1,T35_C0p5_D100,5,350,400,ridge,0.879949,0.8845395488633779
T35_C0p5_D100_1,T35_C0p5_D100,5,350,400,random_forest,0.879949,0.8890782290329634
T35_C0p5_D100_1,T35_C0p5_D100,5,400,450,persistence,0.872666,0.8967701238677053
T35_C0p5_D100_1,T35_C0p5_D100,5,400,450,local_linear,0.872666,0.8887188360564345
T35_C0p5_D100_1,T35_C0p5_D100,5,400,450,ridge,0.872666,0.8738586335658269
T35_C0p5_D100_1,T35_C0p5_D100,5,400,450,random_forest,0.872666,0.8763020284861671
T35_C0p5_D100_1,T35_C0p5_D100,5,450,500,persistence,0.865778,0.8806716563265164
T35_C0p5_D100_1,T35_C0p5_D100,5,450,500,local_linear,0.865778,0.8712634764983265
T35_C0p5_D100_1,T35_C0p5_D100,5,450,500,ridge,0.865778,0.8584044254170614
T35_C0p5_D100_1,T35_C0p5_D100,5,450,500,random_forest,0.865778,0.8580684345709327
T35_C0p5_D100_1,T35_C0p5_D100,5,500,550,persistence,0.859227,0.886576533907877
T35_C0p5_D100_1,T35_C0p5_D100,5,500,550,local_linear,0.859227,0.8817211754642356
T35_C0p5_D100_1,T35_C0p5_D100,5,500,550,ridge,0.859227,0.8629231180173863
T35_C0p5_D100_1,T35_C0p5_D100,5,500,550,random_forest,0.859227,0.8691963295411707
T35_C0p5_D100_1,T35_C0p5_D100,5,550,600,persistence,0.852968,0.8757678090178364
T35_C0p5_D100_1,T35_C0p5_D100,5,550,600,local_linear,0.852968,0.8681062188077706
T35_C0p5_D100_1,T35_C0p5_D100,5,550,600,ridge,0.852968,0.8527411671388815
T35_C0p5_D100_1,T35_C0p5_D100,5,550,600,random_forest,0.852968,0.8545316439074812
T35_C0p5_D100_1,T35_C0p5_D100,5,600,650,persistence,0.846964,0.8654337510646064
T35_C0p5_D100_1,T35_C0p5_D100,5,600,650,local_linear,0.846964,0.8579688029162378
T35_C0p5_D100_1,T35_C0p5_D100,5,600,650,ridge,0.846964,0.8436780474514577
T35_C0p5_D100_1,T35_C0p5_D100,5,600,650,random_forest,0.846964,0.845784220555833
T35_C0p5_D100_1,T35_C0p5_D100,5,650,700,persistence,0.841187,0.864588332174951
T35_C0p5_D100_1,T35_C0p5_D100,5,650,700,local_linear,0.841187,0.8590161037432945
T35_C0p5_D100_1,T35_C0p5_D100,5,650,700,ridge,0.841187,0.842105986594886
T35_C0p5_D100_1,T35_C0p5_D100,5,650,700,random_forest,0.841187,0.8466842274060316
T35_C0p5_D100_1,T35_C0p5_D100,5,700,750,persistence,0.830039,0.8549205833651432
T35_C0p5_D100_1,T35_C0p5_D100,5,700,750,local_linear,0.830039,0.8506887829773678
T35_C0p5_D100_1,T35_C0p5_D100,5,700,750,ridge,0.830039,0.8328901562892643
T35_C0p5_D100_1,T35_C0p5_D100,5,700,750,random_forest,0.830039,0.8348684669135553
T35_C0p5_D100_1,T35_C0p5_D100,5,750,800,persistence,0.819256,0.849793762698907
T35_C0p5_D100_1,T35_C0p5_D100,5,750,800,local_linear,0.819256,0.8396496174564623
T35_C0p5_D100_1,T35_C0p5_D100,5,750,800,ridge,0.819256,0.8253776754736755
T35_C0p5_D100_1,T35_C0p5_D100,5,750,800,random_forest,0.819256,0.829609534417839
T35_C0p5_D100_1,T35_C0p5_D100,5,800,850,persistence,0.808806,0.8350916201181497
T35_C0p5_D100_1,T35_C0p5_D100,5,800,850,local_linear,0.808806,0.823976194312637
T35_C0p5_D100_1,T35_C0p5_D100,5,800,850,ridge,0.808806,0.8082780591931573
T35_C0p5_D100_1,T35_C0p5_D100,5,800,850,random_forest,0.808806,0.8126797868101345
T35_C0p5_D100_1,T35_C0p5_D100,5,850,900,persistence,0.798659,0.822555504439363
T35_C0p5_D100_1,T35_C0p5_D100,5,850,900,local_linear,0.798659,0.8114716765962264
T35_C0p5_D100_1,T35_C0p5_D100,5,850,900,ridge,0.798659,0.7988840315536025
T35_C0p5_D100_1,T35_C0p5_D100,5,850,900,random_forest,0.798659,0.7986976659625443
T35_C0p5_D100_1,T35_C0p5_D100,5,900,950,persistence,0.78879,0.8170098907221675
T35_C0p5_D100_1,T35_C0p5_D100,5,900,950,local_linear,0.78879,0.808979110886676
T35_C0p5_D100_1,T35_C0p5_D100,5,900,950,ridge,0.78879,0.7916785981412757
T35_C0p5_D100_1,T35_C0p5_D100,5,900,950,random_forest,0.78879,0.7950836467311502
T35_C0p5_D100_1,T35_C0p5_D100,5,950,1000,persistence,0.779177,0.8032925906527688
T35_C0p5_D100_1,T35_C0p5_D100,5,950,1000,local_linear,0.779177,0.7912933857433143
T35_C0p5_D100_1,T35_C0p5_D100,5,950,1000,ridge,0.779177,0.7772014713533228
T35_C0p5_D100_1,T35_C0p5_D100,5,950,1000,random_forest,0.779177,0.7756808558988411
T35_C0p5_D50_2,T35_C0p5_D50,5,100,150,persistence,0.957373,0.9719449126823984
T35_C0p5_D50_2,T35_C0p5_D50,5,100,150,local_linear,0.957373,0.9583490427220744
T35_C0p5_D50_2,T35_C0p5_D50,5,100,150,ridge,0.957373,0.9563911525730371
T35_C0p5_D50_2,T35_C0p5_D50,5,100,150,random_forest,0.957373,0.957025593915508
T35_C0p5_D50_2,T35_C0p5_D50,5,150,200,persistence,0.950779,0.9602663151330424
T35_C0p5_D50_2,T35_C0p5_D50,5,150,200,local_linear,0.950779,0.9507929559854804
T35_C0p5_D50_2,T35_C0p5_D50,5,150,200,ridge,0.950779,0.9475933816744406
T35_C0p5_D50_2,T35_C0p5_D50,5,150,200,random_forest,0.950779,0.9447454681110209
T35_C0p5_D50_2,T35_C0p5_D50,5,200,250,persistence,0.944969,0.9523519098474973
T35_C0p5_D50_2,T35_C0p5_D50,5,200,250,local_linear,0.944969,0.945270299720571
T35_C0p5_D50_2,T35_C0p5_D50,5,200,250,ridge,0.944969,0.9400369992402002
T35_C0p5_D50_2,T35_C0p5_D50,5,200,250,random_forest,0.944969,0.940077910624462
T35_C0p5_D50_2,T35_C0p5_D50,5,250,300,persistence,0.939717,0.9526330975569491
T35_C0p5_D50_2,T35_C0p5_D50,5,250,300,local_linear,0.939717,0.94824476532424
T35_C0p5_D50_2,T35_C0p5_D50,5,250,300,ridge,0.939717,0.9419970966067875
T35_C0p5_D50_2,T35_C0p5_D50,5,250,300,random_forest,0.939717,0.9440699796770418
T35_C0p5_D50_2,T35_C0p5_D50,5,300,350,persistence,0.934887,0.9364359016940335
T35_C0p5_D50_2,T35_C0p5_D50,5,300,350,local_linear,0.934887,0.929702072312171
T35_C0p5_D50_2,T35_C0p5_D50,5,300,350,ridge,0.934887,0.9263541368304071
T35_C0p5_D50_2,T35_C0p5_D50,5,300,350,random_forest,0.934887,0.9226934589700582
T35_C0p5_D50_2,T35_C0p5_D50,5,350,400,persistence,0.930391,0.9374563093574272
T35_C0p5_D50_2,T35_C0p5_D50,5,350,400,local_linear,0.930391,0.9321291094613019
T35_C0p5_D50_2,T35_C0p5_D50,5,350,400,ridge,0.930391,0.9264280361262125
T35_C0p5_D50_2,T35_C0p5_D50,5,350,400,random_forest,0.930391,0.9220463670363838
T35_C0p5_D50_2,T35_C0p5_D50,5,400,450,persistence,0.926168,0.9342731077267346
T35_C0p5_D50_2,T35_C0p5_D50,5,400,450,local_linear,0.926168,0.9296069900062061
T35_C0p5_D50_2,T35_C0p5_D50,5,400,450,ridge,0.926168,0.924020783878435
T35_C0p5_D50_2,T35_C0p5_D50,5,400,450,random_forest,0.926168,0.922472646871167
T35_C0p5_D50_2,T35_C0p5_D50,5,450,500,persistence,0.922175,0.9277558232553993
T35_C0p5_D50_2,T35_C0p5_D50,5,450,500,local_linear,0.922175,0.9230887376918843
T35_C0p5_D50_2,T35_C0p5_D50,5,450,500,ridge,0.922175,0.9175648747249144
T35_C0p5_D50_2,T35_C0p5_D50,5,450,500,random_forest,0.922175,0.916045169726506
T35_C0p5_D50_2,T35_C0p5_D50,5,500,550,persistence,0.918376,0.9296300814023722
T35_C0p5_D50_2,T35_C0p5_D50,5,500,550,local_linear,0.918376,0.9263166773318334
T35_C0p5_D50_2,T35_C0p5_D50,5,500,550,ridge,0.918376,0.9194670811864194
T35_C0p5_D50_2,T35_C0p5_D50,5,500,550,random_forest,0.918376,0.9194951530898269
T35_C0p5_D50_2,T35_C0p5_D50,5,550,600,persistence,0.914747,0.9294096380761471
T35_C0p5_D50_2,T35_C0p5_D50,5,550,600,local_linear,0.914747,0.9262086498870875
T35_C0p5_D50_2,T35_C0p5_D50,5,550,600,ridge,0.914747,0.9194044385868201
T35_C0p5_D50_2,T35_C0p5_D50,5,550,600,random_forest,0.914747,0.9197374759465188
T35_C0p5_D50_2,T35_C0p5_D50,5,600,650,persistence,0.911266,0.9172357778538714
T35_C0p5_D50_2,T35_C0p5_D50,5,600,650,local_linear,0.911266,0.9121248696270483
T35_C0p5_D50_2,T35_C0p5_D50,5,600,650,ridge,0.911266,0.9074018565234678
T35_C0p5_D50_2,T35_C0p5_D50,5,600,650,random_forest,0.911266,0.9059869799333825
T35_C0p5_D50_2,T35_C0p5_D50,5,650,700,persistence,0.907916,0.9147134163277962
T35_C0p5_D50_2,T35_C0p5_D50,5,650,700,local_linear,0.907916,0.9105473884430122
T35_C0p5_D50_2,T35_C0p5_D50,5,650,700,ridge,0.907916,0.9055761842859793
T35_C0p5_D50_2,T35_C0p5_D50,5,650,700,random_forest,0.907916,0.9047939354557248
T35_C0p5_D50_2,T35_C0p5_D50,5,700,750,persistence,0.904684,0.9103172865288063
T35_C0p5_D50_2,T35_C0p5_D50,5,700,750,local_linear,0.904684,0.9067300127294222
T35_C0p5_D50_2,T35_C0p5_D50,5,700,750,ridge,0.904684,0.9018339162133459
T35_C0p5_D50_2,T35_C0p5_D50,5,700,750,random_forest,0.904684,0.9005505109245441
T35_C0p5_D50_2,T35_C0p5_D50,5,750,800,persistence,0.901558,0.9030162035642256
T35_C0p5_D50_2,T35_C0p5_D50,5,750,800,local_linear,0.901558,0.89921917401198
T35_C0p5_D50_2,T35_C0p5_D50,5,750,800,ridge,0.901558,0.8948953489101462
T35_C0p5_D50_2,T35_C0p5_D50,5,750,800,random_forest,0.901558,0.8919193754538692
T35_C0p5_D50_2,T35_C0p5_D50,5,800,850,persistence,0.898528,0.9115184577197047
T35_C0p5_D50_2,T35_C0p5_D50,5,800,850,local_linear,0.898528,0.908985264288935
T35_C0p5_D50_2,T35_C0p5_D50,5,800,850,ridge,0.898528,0.9017821507078508
T35_C0p5_D50_2,T35_C0p5_D50,5,800,850,random_forest,0.898528,0.9009318267053779
T35_C0p5_D50_2,T35_C0p5_D50,5,850,900,persistence,0.895586,0.8953144036199733
T35_C0p5_D50_2,T35_C0p5_D50,5,850,900,local_linear,0.895586,0.8901993716618412
T35_C0p5_D50_2,T35_C0p5_D50,5,850,900,ridge,0.895586,0.8875176486769072
T35_C0p5_D50_2,T35_C0p5_D50,5,850,900,random_forest,0.895586,0.8828464783669456
T35_C0p5_D50_2,T35_C0p5_D50,5,900,950,persistence,0.892725,0.8946143735906936
T35_C0p5_D50_2,T35_C0p5_D50,5,900,950,local_linear,0.892725,0.8915568323722373
T35_C0p5_D50_2,T35_C0p5_D50,5,900,950,ridge,0.892725,0.8860185299782022
T35_C0p5_D50_2,T35_C0p5_D50,5,900,950,random_forest,0.892725,0.8816925733380854
T35_C0p5_D50_2,T35_C0p5_D50,5,950,1000,persistence,0.889938,0.8939094448208309
T35_C0p5_D50_2,T35_C0p5_D50,5,950,1000,local_linear,0.889938,0.892611798717696
T35_C0p5_D50_2,T35_C0p5_D50,5,950,1000,ridge,0.889938,0.8855465925858892
T35_C0p5_D50_2,T35_C0p5_D50,5,950,1000,random_forest,0.889938,0.8808006490510186
T35_C0p5_D80_3,T35_C0p5_D80,5,100,150,persistence,0.933702,0.9560165537520849
T35_C0p5_D80_3,T35_C0p5_D80,5,100,150,local_linear,0.933702,0.93297736352134
T35_C0p5_D80_3,T35_C0p5_D80,5,100,150,ridge,0.933702,0.9317606205039791
T35_C0p5_D80_3,T35_C0p5_D80,5,100,150,random_forest,0.933702,0.9323277736134008
T35_C0p5_D80_3,T35_C0p5_D80,5,150,200,persistence,0.923446,0.9395979510533974
T35_C0p5_D80_3,T35_C0p5_D80,5,150,200,local_linear,0.923446,0.9275029263759061
T35_C0p5_D80_3,T35_C0p5_D80,5,150,200,ridge,0.923446,0.9209907690126455
T35_C0p5_D80_3,T35_C0p5_D80,5,150,200,random_forest,0.923446,0.9196459040730971
T35_C0p5_D80_3,T35_C0p5_D80,5,200,250,persistence,0.91441,0.9331164117428435
T35_C0p5_D80_3,T35_C0p5_D80,5,200,250,local_linear,0.91441,0.9215612401388108
T35_C0p5_D80_3,T35_C0p5_D80,5,200,250,ridge,0.91441,0.9141052686807979
T35_C0p5_D80_3,T35_C0p5_D80,5,200,250,random_forest,0.91441,0.9132737240435779
T35_C0p5_D80_3,T35_C0p5_D80,5,250,300,persistence,0.906241,0.9288494794188986
T35_C0p5_D80_3,T35_C0p5_D80,5,250,300,local_linear,0.906241,0.9200632107990296
T35_C0p5_D80_3,T35_C0p5_D80,5,250,300,ridge,0.906241,0.9109284534754921
T35_C0p5_D80_3,T35_C0p5_D80,5,250,300,random_forest,0.906241,0.9125435282431626
T35_C0p5_D80_3,T35_C0p5_D80,5,300,350,persistence,0.898729,0.9147811450224584
T35_C0p5_D80_3,T35_C0p5_D80,5,300,350,local_linear,0.898729,0.9069423784858806
T35_C0p5_D80_3,T35_C0p5_D80,5,300,350,ridge,0.898729,0.8991480578607277
T35_C0p5_D80_3,T35_C0p5_D80,5,300,350,random_forest,0.898729,0.9014918363230517
T35_C0p5_D80_3,T35_C0p5_D80,5,350,400,persistence,0.891737,0.9101481831110366
T35_C0p5_D80_3,T35_C0p5_D80,5,350,400,local_linear,0.891737,0.9000633723862795
T35_C0p5_D80_3,T35_C0p5_D80,5,350,400,ridge,0.891737,0.8936989046107372
T35_C0p5_D80_3,T35_C0p5_D80,5,350,400,random_forest,0.891737,0.8930798945174967
T35_C0p5_D80_3,T35_C0p5_D80,5,400,450,persistence,0.885169,0.8973130868631726
T35_C0p5_D80_3,T35_C0p5_D80,5,400,450,local_linear,0.885169,0.8902210296242306
T35_C0p5_D80_3,T35_C0p5_D80,5,400,450,ridge,0.885169,0.8827251244397915
T35_C0p5_D80_3,T35_C0p5_D80,5,400,450,random_forest,0.885169,0.8837351869175791
T35_C0p5_D80_3,T35_C0p5_D80,5,450,500,persistence,0.878958,0.9001839874597751
T35_C0p5_D80_3,T35_C0p5_D80,5,450,500,local_linear,0.878958,0.8938488331052258
T35_C0p5_D80_3,T35_C0p5_D80,5,450,500,ridge,0.878958,0.8841364664314426
T35_C0p5_D80_3,T35_C0p5_D80,5,450,500,random_forest,0.878958,0.8860677886129148
T35_C0p5_D80_3,T35_C0p5_D80,5,500,550,persistence,0.87305,0.8957363440248102
T35_C0p5_D80_3,T35_C0p5_D80,5,500,550,local_linear,0.87305,0.8902809212278651
T35_C0p5_D80_3,T35_C0p5_D80,5,500,550,ridge,0.87305,0.8784162066233562
T35_C0p5_D80_3,T35_C0p5_D80,5,500,550,random_forest,0.87305,0.87962582883658
T35_C0p5_D80_3,T35_C0p5_D80,5,550,600,persistence,0.867405,0.8888391179659608
T35_C0p5_D80_3,T35_C0p5_D80,5,550,600,local_linear,0.867405,0.8833973108347113
T35_C0p5_D80_3,T35_C0p5_D80,5,550,600,ridge,0.867405,0.872364106176051
T35_C0p5_D80_3,T35_C0p5_D80,5,550,600,random_forest,0.867405,0.8751624382578882
T35_C0p5_D80_3,T35_C0p5_D80,5,600,650,persistence,0.861991,0.8834203442828227
T35_C0p5_D80_3,T35_C0p5_D80,5,600,650,local_linear,0.861991,0.8768347117204653
T35_C0p5_D80_3,T35_C0p5_D80,5,600,650,ridge,0.861991,0.8670497411413737
T35_C0p5_D80_3,T35_C0p5_D80,5,600,650,random_forest,0.861991,0.8690300336377164
T35_C0p5_D80_3,T35_C0p5_D80,5,650,700,persistence,0.856781,0.8714304436278602
T35_C0p5_D80_3,T35_C0p5_D80,5,650,700,local_linear,0.856781,0.8650002840371599
T35_C0p5_D80_3,T35_C0p5_D80,5,650,700,ridge,0.856781,0.8559697579703314
T35_C0p5_D80_3,T35_C0p5_D80,5,650,700,random_forest,0.856781,0.8572413234837212
T35_C0p5_D80_3,T35_C0p5_D80,5,700,750,persistence,0.851754,0.8664360594943981
T35_C0p5_D80_3,T35_C0p5_D80,5,700,750,local_linear,0.851754,0.8601817772514194
T35_C0p5_D80_3,T35_C0p5_D80,5,700,750,ridge,0.851754,0.8515126509611142
T35_C0p5_D80_3,T35_C0p5_D80,5,700,750,random_forest,0.851754,0.8511894809535084
T35_C0p5_D80_3,T35_C0p5_D80,5,750,800,persistence,0.846892,0.8563187969247372
T35_C0p5_D80_3,T35_C0p5_D80,5,750,800,local_linear,0.846892,0.851027007098901
T35_C0p5_D80_3,T35_C0p5_D80,5,750,800,ridge,0.846892,0.8414128325992613
T35_C0p5_D80_3,T35_C0p5_D80,5,750,800,random_forest,0.846892,0.839663008174603
T35_C0p5_D80_3,T35_C0p5_D80,5,800,850,persistence,0.84218,0.8546033211937788
T35_C0p5_D80_3,T35_C0p5_D80,5,800,850,local_linear,0.84218,0.8485412926664999
T35_C0p5_D80_3,T35_C0p5_D80,5,800,850,ridge,0.84218,0.8404006648479152
T35_C0p5_D80_3,T35_C0p5_D80,5,800,850,random_forest,0.84218,0.8412477381389787
T35_C0p5_D80_3,T35_C0p5_D80,5,850,900,persistence,0.835334,0.8474209504073423
T35_C0p5_D80_3,T35_C0p5_D80,5,850,900,local_linear,0.835334,0.8430888511331186
T35_C0p5_D80_3,T35_C0p5_D80,5,850,900,ridge,0.835334,0.8324049862329356
T35_C0p5_D80_3,T35_C0p5_D80,5,850,900,random_forest,0.835334,0.8299118831267339
T35_C0p5_D80_3,T35_C0p5_D80,5,900,950,persistence,0.826434,0.84348830804231
T35_C0p5_D80_3,T35_C0p5_D80,5,900,950,local_linear,0.826434,0.8389987754735613
T35_C0p5_D80_3,T35_C0p5_D80,5,900,950,ridge,0.826434,0.8296749768980536
T35_C0p5_D80_3,T35_C0p5_D80,5,900,950,random_forest,0.826434,0.8259106513178667
T35_C0p5_D80_3,T35_C0p5_D80,5,950,1000,persistence,0.817765,0.8386300971539792
T35_C0p5_D80_3,T35_C0p5_D80,5,950,1000,local_linear,0.817765,0.8303671533349196
T35_C0p5_D80_3,T35_C0p5_D80,5,950,1000,ridge,0.817765,0.8221399584059246
T35_C0p5_D80_3,T35_C0p5_D80,5,950,1000,random_forest,0.817765,0.8201865662265337
T35_C1_D50_0,T35_C1_D50,5,100,150,persistence,0.955187,0.9696373236543173
T35_C1_D50_0,T35_C1_D50,5,100,150,local_linear,0.955187,0.9549860192209598
T35_C1_D50_0,T35_C1_D50,5,100,150,ridge,0.955187,0.95277570382064
T35_C1_D50_0,T35_C1_D50,5,100,150,random_forest,0.955187,0.9545483945166078
T35_C1_D50_0,T35_C1_D50,5,150,200,persistence,0.948254,0.9598439224885073
T35_C1_D50_0,T35_C1_D50,5,150,200,local_linear,0.948254,0.9496617544483291
T35_C1_D50_0,T35_C1_D50,5,150,200,ridge,0.948254,0.9455634756266897
T35_C1_D50_0,T35_C1_D50,5,150,200,random_forest,0.948254,0.943522783543921
T35_C1_D50_0,T35_C1_D50,5,200,250,persistence,0.942146,0.952177405148717
T35_C1_D50_0,T35_C1_D50,5,200,250,local_linear,0.942146,0.945080930159207
T35_C1_D50_0,T35_C1_D50,5,200,250,ridge,0.942146,0.9401864899081712
T35_C1_D50_0,T35_C1_D50,5,200,250,random_forest,0.942146,0.9419472403480371
T35_C1_D50_0,T35_C1_D50,5,250,300,persistence,0.936625,0.9467312716263915
T35_C1_D50_0,T35_C1_D50,5,250,300,local_linear,0.936625,0.9419601593923782
T35_C1_D50_0,T35_C1_D50,5,250,300,ridge,0.936625,0.9357064781674117
T35_C1_D50_0,T35_C1_D50,5,250,300,random_forest,0.936625,0.9367862731060603
T35_C1_D50_0,T35_C1_D50,5,300,350,persistence,0.931547,0.9375861049373538
T35_C1_D50_0,T35_C1_D50,5,300,350,local_linear,0.931547,0.9303640739898169
T35_C1_D50_0,T35_C1_D50,5,300,350,ridge,0.931547,0.9264572032039178
T35_C1_D50_0,T35_C1_D50,5,300,350,random_forest,0.931547,0.9225621123327021
T35_C1_D50_0,T35_C1_D50,5,350,400,persistence,0.92682,0.9327250692996394
T35_C1_D50_0,T35_C1_D50,5,350,400,local_linear,0.92682,0.9270004590752234
T35_C1_D50_0,T35_C1_D50,5,350,400,ridge,0.92682,0.9233261110397789
T35_C1_D50_0,T35_C1_D50,5,350,400,random_forest,0.92682,0.9228182197851282
T35_C1_D50_0,T35_C1_D50,5,400,450,persistence,0.922381,0.936625079252087
T35_C1_D50_0,T35_C1_D50,5,400,450,local_linear,0.922381,0.9305528491077907
T35_C1_D50_0,T35_C1_D50,5,400,450,ridge,0.922381,0.924582046650529
T35_C1_D50_0,T35_C1_D50,5,400,450,random_forest,0.922381,0.9220983620084257
T35_C1_D50_0,T35_C1_D50,5,450,500,persistence,0.918183,0.9195579571023005
T35_C1_D50_0,T35_C1_D50,5,450,500,local_linear,0.918183,0.9159016976634292
T35_C1_D50_0,T35_C1_D50,5,450,500,ridge,0.918183,0.9105467246692789
T35_C1_D50_0,T35_C1_D50,5,450,500,random_forest,0.918183,0.9091126078100198
T35_C1_D50_0,T35_C1_D50,5,500,550,persistence,0.914189,0.9258480003412269
T35_C1_D50_0,T35_C1_D50,5,500,550,local_linear,0.914189,0.9226920176675115
T35_C1_D50_0,T35_C1_D50,5,500,550,ridge,0.914189,0.9159906604418331
T35_C1_D50_0,T35_C1_D50,5,500,550,random_forest,0.914189,0.9171541683313036
T35_C1_D50_0,T35_C1_D50,5,550,600,persistence,0.910374,0.9218101501952055
T35_C1_D50_0,T35_C1_D50,5,550,600,local_linear,0.910374,0.9190687609050124
T35_C1_D50_0,T35_C1_D50,5,550,600,ridge,0.910374,0.9120299381077686
T35_C1_D50_0,T35_C1_D50,5,550,600,random_forest,0.910374,0.9114925119451206
T35_C1_D50_0,T35_C1_D50,5,600,650,persistence,0.906714,0.9138674705095485
T35_C1_D50_0,T35_C1_D50,5,600,650,local_linear,0.906714,0.9102537005108373
T35_C1_D50_0,T35_C1_D50,5,600,650,ridge,0.906714,0.9058299669625811
T35_C1_D50_0,T35_C1_D50,5,600,650,random_forest,0.906714,0.9054560901963834
T35_C1_D50_0,T35_C1_D50,5,650,700,persistence,0.903193,0.9191000963194501
T35_C1_D50_0,T35_C1_D50,5,650,700,local_linear,0.903193,0.915714984281853
T35_C1_D50_0,T35_C1_D50,5,650,700,ridge,0.903193,0.9092315141213907
T35_C1_D50_0,T35_C1_D50,5,650,700,random_forest,0.903193,0.908459463101777
T35_C1_D50_0,T35_C1_D50,5,700,750,persistence,0.899795,0.9078159968364231
T35_C1_D50_0,T35_C1_D50,5,700,750,local_linear,0.899795,0.9053202955830209
T35_C1_D50_0,T35_C1_D50,5,700,750,ridge,0.899795,0.8991484523061436
T35_C1_D50_0,T35_C1_D50,5,700,750,random_forest,0.899795,0.8968134844097222
T35_C1_D50_0,T35_C1_D50,5,750,800,persistence,0.896509,0.902692775655687
T35_C1_D50_0,T35_C1_D50,5,750,800,local_linear,0.896509,0.8995287392247553
T35_C1_D50_0,T35_C1_D50,5,750,800,ridge,0.896509,0.8935535366884821
T35_C1_D50_0,T35_C1_D50,5,750,800,random_forest,0.896509,0.8905959921336126
T35_C1_D50_0,T35_C1_D50,5,800,850,persistence,0.893323,0.9033477575545222
T35_C1_D50_0,T35_C1_D50,5,800,850,local_linear,0.893323,0.8997693549099294
T35_C1_D50_0,T35_C1_D50,5,800,850,ridge,0.893323,0.8937606044033155
T35_C1_D50_0,T35_C1_D50,5,800,850,random_forest,0.893323,0.8910624951240074
T35_C1_D50_0,T35_C1_D50,5,850,900,persistence,0.890231,0.899837170246857
T35_C1_D50_0,T35_C1_D50,5,850,900,local_linear,0.890231,0.8957437571869985
T35_C1_D50_0,T35_C1_D50,5,850,900,ridge,0.890231,0.8887370026878891
T35_C1_D50_0,T35_C1_D50,5,850,900,random_forest,0.890231,0.8873800824967051
T35_C1_D50_0,T35_C1_D50,5,900,950,persistence,0.887223,0.8928887713980636
T35_C1_D50_0,T35_C1_D50,5,900,950,local_linear,0.887223,0.8898182310543211
T35_C1_D50_0,T35_C1_D50,5,900,950,ridge,0.887223,0.8851407966437255
T35_C1_D50_0,T35_C1_D50,5,900,950,random_forest,0.887223,0.8812912359102185
T35_C1_D50_0,T35_C1_D50,5,950,1000,persistence,0.884293,0.8921369157967514
T35_C1_D50_0,T35_C1_D50,5,950,1000,local_linear,0.884293,0.8893304424136393
T35_C1_D50_0,T35_C1_D50,5,950,1000,ridge,0.884293,0.8818472199965413
T35_C1_D50_0,T35_C1_D50,5,950,1000,random_forest,0.884293,0.87937012026673
T35_C1_D80_1,T35_C1_D80,5,100,150,persistence,0.936519,0.9595579551597806
T35_C1_D80_1,T35_C1_D80,5,100,150,local_linear,0.936519,0.938573024721271
T35_C1_D80_1,T35_C1_D80,5,100,150,ridge,0.936519,0.9344630226525936
T35_C1_D80_1,T35_C1_D80,5,100,150,random_forest,0.936519,0.9350411062119994
T35_C1_D80_1,T35_C1_D80,5,150,200,persistence,0.926698,0.9490191347039539
T35_C1_D80_1,T35_C1_D80,5,150,200,local_linear,0.926698,0.9353254183322217
T35_C1_D80_1,T35_C1_D80,5,150,200,ridge,0.926698,0.9270931831088434
T35_C1_D80_1,T35_C1_D80,5,150,200,random_forest,0.926698,0.9257622963912653
T35_C1_D80_1,T35_C1_D80,5,200,250,persistence,0.918046,0.9394691842402615
T35_C1_D80_1,T35_C1_D80,5,200,250,local_linear,0.918046,0.9284288092565617
T35_C1_D80_1,T35_C1_D80,5,200,250,ridge,0.918046,0.9188769528926125
T35_C1_D80_1,T35_C1_D80,5,200,250,random_forest,0.918046,0.9202969146143267
T35_C1_D80_1,T35_C1_D80,5,250,300,persistence,0.910224,0.9234751053951652
T35_C1_D80_1,T35_C1_D80,5,250,300,local_linear,0.910224,0.9130992470565187
T35_C1_D80_1,T35_C1_D80,5,250,300,ridge,0.910224,0.9043194916493436
T35_C1_D80_1,T35_C1_D80,5,250,300,random_forest,0.910224,0.9041201329078727
T35_C1_D80_1,T35_C1_D80,5,300,350,persistence,0.90303,0.9193883020067426
T35_C1_D80_1,T35_C1_D80,5,300,350,local_linear,0.90303,0.9137200916986341
T35_C1_D80_1,T35_C1_D80,5,300,350,ridge,0.90303,0.9006392228715951
T35_C1_D80_1,T35_C1_D80,5,300,350,random_forest,0.90303,0.9023663595199765
T35_C1_D80_1,T35_C1_D80,5,350,400,persistence,0.896335,0.9133460325709924
T35_C1_D80_1,T35_C1_D80,5,350,400,local_linear,0.896335,0.905135560690968
T35_C1_D80_1,T35_C1_D80,5,350,400,ridge,0.896335,0.8944651348646955
T35_C1_D80_1,T35_C1_D80,5,350,400,random_forest,0.896335,0.8946382640875271
T35_C1_D80_1,T35_C1_D80,5,400,450,persistence,0.890047,0.9033348259964687
T35_C1_D80_1,T35_C1_D80,5,400,450,local_linear,0.890047,0.8955796414682085
T35_C1_D80_1,T35_C1_D80,5,400,450,ridge,0.890047,0.88563682755988
T35_C1_D80_1,T35_C1_D80,5,400,450,random_forest,0.890047,0.8873933687953194
T35_C1_D80_1,T35_C1_D80,5,450,500,persistence,0.884099,0.901828551010796
T35_C1_D80_1,T35_C1_D80,5,450,500,local_linear,0.884099,0.8973504335168909
T35_C1_D80_1,T35_C1_D80,5,450,500,ridge,0.884099,0.8831319894560039
T35_C1_D80_1,T35_C1_D80,5,450,500,random_forest,0.884099,0.8856198013246303
T35_C1_D80_1,T35_C1_D80,5,500,550,persistence,0.878442,0.8961078615396395
T35_C1_D80_1,T35_C1_D80,5,500,550,local_linear,0.878442,0.8896740594135423
T35_C1_D80_1,T35_C1_D80,5,500,550,ridge,0.878442,0.8777396478612112
T35_C1_D80_1,T35_C1_D80,5,500,550,random_forest,0.878442,0.8795832108579095
T35_C1_D80_1,T35_C1_D80,5,550,600,persistence,0.873037,0.8912688487390864
T35_C1_D80_1,T35_C1_D80,5,550,600,local_linear,0.873037,0.8847749499762446
T35_C1_D80_1,T35_C1_D80,5,550,600,ridge,0.873037,0.8725131237103516
T35_C1_D80_1,T35_C1_D80,5,550,600,random_forest,0.873037,0.8765679140918454
T35_C1_D80_1,T35_C1_D80,5,600,650,persistence,0.867853,0.8867291419661854
T35_C1_D80_1,T35_C1_D80,5,600,650,local_linear,0.867853,0.882287623653745
T35_C1_D80_1,T35_C1_D80,5,600,650,ridge,0.867853,0.8689338343339211
T35_C1_D80_1,T35_C1_D80,5,600,650,random_forest,0.867853,0.8726579932875632
T35_C1_D80_1,T35_C1_D80,5,650,700,persistence,0.862864,0.8754501771474048
T35_C1_D80_1,T35_C1_D80,5,650,700,local_linear,0.862864,0.8701948608399681
T35_C1_D80_1,T35_C1_D80,5,650,700,ridge,0.862864,0.8585536561481575
T35_C1_D80_1,T35_C1_D80,5,650,700,random_forest,0.862864,0.8611986683534001
T35_C1_D80_1,T35_C1_D80,5,700,750,persistence,0.858051,0.8719684823792277
T35_C1_D80_1,T35_C1_D80,5,700,750,local_linear,0.858051,0.8654546410192915
T35_C1_D80_1,T35_C1_D80,5,700,750,ridge,0.858051,0.8527309177886914
T35_C1_D80_1,T35_C1_D80,5,700,750,random_forest,0.858051,0.8510931130821608
T35_C1_D80_1,T35_C1_D80,5,750,800,persistence,0.853396,0.8677781979920974
T35_C1_D80_1,T35_C1_D80,5,750,800,local_linear,0.853396,0.8622161986266632
T35_C1_D80_1,T35_C1_D80,5,750,800,ridge,0.853396,0.8487271724384313
T35_C1_D80_1,T35_C1_D80,5,750,800,random_forest,0.853396,0.8501236189583334
T35_C1_D80_1,T35_C1_D80,5,800,850,persistence,0.848884,0.8580802186558144
T35_C1_D80_1,T35_C1_D80,5,800,850,local_linear,0.848884,0.8538541895173563
T35_C1_D80_1,T35_C1_D80,5,800,850,ridge,0.848884,0.8393236969286892
T35_C1_D80_1,T35_C1_D80,5,800,850,random_forest,0.848884,0.8421456552847667
T35_C1_D80_1,T35_C1_D80,5,850,900,persistence,0.842328,0.85531175391012
T35_C1_D80_1,T35_C1_D80,5,850,900,local_linear,0.842328,0.8519634351711656
T35_C1_D80_1,T35_C1_D80,5,850,900,ridge,0.842328,0.8368961812318385
T35_C1_D80_1,T35_C1_D80,5,850,900,random_forest,0.842328,0.8374233210454125
T35_C1_D80_1,T35_C1_D80,5,900,950,persistence,0.833806,0.8527739172198414
T35_C1_D80_1,T35_C1_D80,5,900,950,local_linear,0.833806,0.8469855807451894
T35_C1_D80_1,T35_C1_D80,5,900,950,ridge,0.833806,0.8321353622070689
T35_C1_D80_1,T35_C1_D80,5,900,950,random_forest,0.833806,0.8357298095161958
T35_C1_D80_1,T35_C1_D80,5,950,1000,persistence,0.825505,0.8416884572282406
T35_C1_D80_1,T35_C1_D80,5,950,1000,local_linear,0.825505,0.8320294581169613
T35_C1_D80_1,T35_C1_D80,5,950,1000,ridge,0.825505,0.8215218388962914
T35_C1_D80_1,T35_C1_D80,5,950,1000,random_forest,0.825505,0.8210943367034185
T35_C2_D100_2,T35_C2_D100,5,100,150,persistence,0.918781,0.952341669479707
T35_C2_D100_2,T35_C2_D100,5,100,150,local_linear,0.918781,0.9261311049520257
T35_C2_D100_2,T35_C2_D100,5,100,150,ridge,0.918781,0.9196753965889125
T35_C2_D100_2,T35_C2_D100,5,100,150,random_forest,0.918781,0.9214196650640332
T35_C2_D100_2,T35_C2_D100,5,150,200,persistence,0.906217,0.9364097836525104
T35_C2_D100_2,T35_C2_D100,5,150,200,local_linear,0.906217,0.9190393810998531
T35_C2_D100_2,T35_C2_D100,5,150,200,ridge,0.906217,0.907873277519095
T35_C2_D100_2,T35_C2_D100,5,150,200,random_forest,0.906217,0.9080922187749578
T35_C2_D100_2,T35_C2_D100,5,200,250,persistence,0.895147,0.92638222279231
T35_C2_D100_2,T35_C2_D100,5,200,250,local_linear,0.895147,0.9145361606653459
T35_C2_D100_2,T35_C2_D100,5,200,250,ridge,0.895147,0.8998228314404502
T35_C2_D100_2,T35_C2_D100,5,200,250,random_forest,0.895147,0.9017636974727183
T35_C2_D100_2,T35_C2_D100,5,250,300,persistence,0.885139,0.9093649399127227
T35_C2_D100_2,T35_C2_D100,5,250,300,local_linear,0.885139,0.8959716979834544
T35_C2_D100_2,T35_C2_D100,5,250,300,ridge,0.885139,0.8835322895854851
T35_C2_D100_2,T35_C2_D100,5,250,300,random_forest,0.885139,0.8847463504653854
T35_C2_D100_2,T35_C2_D100,5,300,350,persistence,0.875936,0.9019213779891563
T35_C2_D100_2,T35_C2_D100,5,300,350,local_linear,0.875936,0.8915896824018255
T35_C2_D100_2,T35_C2_D100,5,300,350,ridge,0.875936,0.8781161814609593
T35_C2_D100_2,T35_C2_D100,5,300,350,random_forest,0.875936,0.8820150121266233
T35_C2_D100_2,T35_C2_D100,5,350,400,persistence,0.86737,0.8945443988347036
T35_C2_D100_2,T35_C2_D100,5,350,400,local_linear,0.86737,0.8854771903631947
T35_C2_D100_2,T35_C2_D100,5,350,400,ridge,0.86737,0.8687325251085544
T35_C2_D100_2,T35_C2_D100,5,350,400,random_forest,0.86737,0.8741531734845885
T35_C2_D100_2,T35_C2_D100,5,400,450,persistence,0.859325,0.8865079565185142
T35_C2_D100_2,T35_C2_D100,5,400,450,local_linear,0.859325,0.8769780102284273
T35_C2_D100_2,T35_C2_D100,5,400,450,ridge,0.859325,0.8608727227091421
T35_C2_D100_2,T35_C2_D100,5,400,450,random_forest,0.859325,0.8668653767313941
T35_C2_D100_2,T35_C2_D100,5,450,500,persistence,0.851715,0.8764461251153877
T35_C2_D100_2,T35_C2_D100,5,450,500,local_linear,0.851715,0.868394023462823
T35_C2_D100_2,T35_C2_D100,5,450,500,ridge,0.851715,0.8515336790066143
T35_C2_D100_2,T35_C2_D100,5,450,500,random_forest,0.851715,0.8565100455487918
T35_C2_D100_2,T35_C2_D100,5,500,550,persistence,0.844478,0.8639980847662296
T35_C2_D100_2,T35_C2_D100,5,500,550,local_linear,0.844478,0.8556403104645233
T35_C2_D100_2,T35_C2_D100,5,500,550,ridge,0.844478,0.8396192144510262
T35_C2_D100_2,T35_C2_D100,5,500,550,random_forest,0.844478,0.842615681430323
T35_C2_D100_2,T35_C2_D100,5,550,600,persistence,0.837562,0.8603443553111141
T35_C2_D100_2,T35_C2_D100,5,550,600,local_linear,0.837562,0.8512805527419618
T35_C2_D100_2,T35_C2_D100,5,550,600,ridge,0.837562,0.8353914764625928
T35_C2_D100_2,T35_C2_D100,5,550,600,random_forest,0.837562,0.8407920951187707
T35_C2_D100_2,T35_C2_D100,5,600,650,persistence,0.83093,0.853208249115514
T35_C2_D100_2,T35_C2_D100,5,600,650,local_linear,0.83093,0.8460401187419655
T35_C2_D100_2,T35_C2_D100,5,600,650,ridge,0.83093,0.8279469587225535
T35_C2_D100_2,T35_C2_D100,5,600,650,random_forest,0.83093,0.8321503721606167
T35_C2_D100_2,T35_C2_D100,5,650,700,persistence,0.824547,0.8481719480429194
T35_C2_D100_2,T35_C2_D100,5,650,700,local_linear,0.824547,0.8410296646006851
T35_C2_D100_2,T35_C2_D100,5,650,700,ridge,0.824547,0.82256622587983
T35_C2_D100_2,T35_C2_D100,5,650,700,random_forest,0.824547,0.825677321875607
T35_C2_D100_2,T35_C2_D100,5,700,750,persistence,0.812231,0.8336593522720513
T35_C2_D100_2,T35_C2_D100,5,700,750,local_linear,0.812231,0.826625743363959
T35_C2_D100_2,T35_C2_D100,5,700,750,ridge,0.812231,0.8094643030946538
T35_C2_D100_2,T35_C2_D100,5,700,750,random_forest,0.812231,0.812148696556412
T35_C2_D100_2,T35_C2_D100,5,750,800,persistence,0.800319,0.8209376371586684
T35_C2_D100_2,T35_C2_D100,5,750,800,local_linear,0.800319,0.810664704734122
T35_C2_D100_2,T35_C2_D100,5,750,800,ridge,0.800319,0.795290718077196
T35_C2_D100_2,T35_C2_D100,5,750,800,random_forest,0.800319,0.7981861431078818
T35_C2_D100_2,T35_C2_D100,5,800,850,persistence,0.788774,0.8141222053290205
T35_C2_D100_2,T35_C2_D100,5,800,850,local_linear,0.788774,0.8011441117126107
T35_C2_D100_2,T35_C2_D100,5,800,850,ridge,0.788774,0.7864855480562439
T35_C2_D100_2,T35_C2_D100,5,800,850,random_forest,0.788774,0.7866871675617781
T35_C2_D100_2,T35_C2_D100,5,850,900,persistence,0.777563,0.8080137258420211
T35_C2_D100_2,T35_C2_D100,5,850,900,local_linear,0.777563,0.7946637380060405
T35_C2_D100_2,T35_C2_D100,5,850,900,ridge,0.777563,0.7779312331462152
T35_C2_D100_2,T35_C2_D100,5,850,900,random_forest,0.777563,0.7818426182844062
T35_C2_D100_2,T35_C2_D100,5,900,950,persistence,0.76666,0.7859963707495041
T35_C2_D100_2,T35_C2_D100,5,900,950,local_linear,0.76666,0.7746194366759963
T35_C2_D100_2,T35_C2_D100,5,900,950,ridge,0.76666,0.7589871204463529
T35_C2_D100_2,T35_C2_D100,5,900,950,random_forest,0.76666,0.7566109414587843
T35_C2_D100_2,T35_C2_D100,5,950,1000,persistence,0.756041,0.773715276902315
T35_C2_D100_2,T35_C2_D100,5,950,1000,local_linear,0.756041,0.7622804216305851
T35_C2_D100_2,T35_C2_D100,5,950,1000,ridge,0.756041,0.7476516819933041
T35_C2_D100_2,T35_C2_D100,5,950,1000,random_forest,0.756041,0.7461039919789411
T35_C2_D50_3,T35_C2_D50,5,100,150,persistence,0.950596,0.972779931742244
T35_C2_D50_3,T35_C2_D50,5,100,150,local_linear,0.950596,0.9585443008299707
T35_C2_D50_3,T35_C2_D50,5,100,150,ridge,0.950596,0.9517158341061056
T35_C2_D50_3,T35_C2_D50,5,100,150,random_forest,0.950596,0.952665116330718
T35_C2_D50_3,T35_C2_D50,5,150,200,persistence,0.942953,0.9659695426624237
T35_C2_D50_3,T35_C2_D50,5,150,200,local_linear,0.942953,0.9552861752622714
T35_C2_D50_3,T35_C2_D50,5,150,200,ridge,0.942953,0.9467553803364795
T35_C2_D50_3,T35_C2_D50,5,150,200,random_forest,0.942953,0.9482377232246575
T35_C2_D50_3,T35_C2_D50,5,200,250,persistence,0.93622,0.9513120318553879
T35_C2_D50_3,T35_C2_D50,5,200,250,local_linear,0.93622,0.9430907420029303
T35_C2_D50_3,T35_C2_D50,5,200,250,ridge,0.93622,0.933518433413701
T35_C2_D50_3,T35_C2_D50,5,200,250,random_forest,0.93622,0.9328595644187411
T35_C2_D50_3,T35_C2_D50,5,250,300,persistence,0.930132,0.9462190959892931
T35_C2_D50_3,T35_C2_D50,5,250,300,local_linear,0.930132,0.9388787742360858
T35_C2_D50_3,T35_C2_D50,5,250,300,ridge,0.930132,0.9308448180849422
T35_C2_D50_3,T35_C2_D50,5,250,300,random_forest,0.930132,0.9321613563295907
T35_C2_D50_3,T35_C2_D50,5,300,350,persistence,0.924534,0.940611507785443
T35_C2_D50_3,T35_C2_D50,5,300,350,local_linear,0.924534,0.9339685381112871
T35_C2_D50_3,T35_C2_D50,5,300,350,ridge,0.924534,0.924778229189163
T35_C2_D50_3,T35_C2_D50,5,300,350,random_forest,0.924534,0.9259131586019883
T35_C2_D50_3,T35_C2_D50,5,350,400,persistence,0.919323,0.9407903096801064
T35_C2_D50_3,T35_C2_D50,5,350,400,local_linear,0.919323,0.9352057258711185
T35_C2_D50_3,T35_C2_D50,5,350,400,ridge,0.919323,0.9240664984695153
T35_C2_D50_3,T35_C2_D50,5,350,400,random_forest,0.919323,0.9271582354339241
T35_C2_D50_3,T35_C2_D50,5,400,450,persistence,0.91443,0.9316645156498081
T35_C2_D50_3,T35_C2_D50,5,400,450,local_linear,0.91443,0.9272164072412025
T35_C2_D50_3,T35_C2_D50,5,400,450,ridge,0.91443,0.9159061167376714
T35_C2_D50_3,T35_C2_D50,5,400,450,random_forest,0.91443,0.9179778279029123
T35_C2_D50_3,T35_C2_D50,5,450,500,persistence,0.909801,0.9269779959597139
T35_C2_D50_3,T35_C2_D50,5,450,500,local_linear,0.909801,0.9223886460872502
T35_C2_D50_3,T35_C2_D50,5,450,500,ridge,0.909801,0.9114625609076874
T35_C2_D50_3,T35_C2_D50,5,450,500,random_forest,0.909801,0.9126033544338469
T35_C2_D50_3,T35_C2_D50,5,500,550,persistence,0.905398,0.919737845649397
T35_C2_D50_3,T35_C2_D50,5,500,550,local_linear,0.905398,0.9142706416887842
T35_C2_D50_3,T35_C2_D50,5,500,550,ridge,0.905398,0.9038976421863878
T35_C2_D50_3,T35_C2_D50,5,500,550,random_forest,0.905398,0.9032434058936201
T35_C2_D50_3,T35_C2_D50,5,550,600,persistence,0.901192,0.9150216140717622
T35_C2_D50_3,T35_C2_D50,5,550,600,local_linear,0.901192,0.9104202608819948
T35_C2_D50_3,T35_C2_D50,5,550,600,ridge,0.901192,0.9010328268969029
T35_C2_D50_3,T35_C2_D50,5,550,600,random_forest,0.901192,0.902930523634387
T35_C2_D50_3,T35_C2_D50,5,600,650,persistence,0.897157,0.9126319294024329
T35_C2_D50_3,T35_C2_D50,5,600,650,local_linear,0.897157,0.9079680269650373
T35_C2_D50_3,T35_C2_D50,5,600,650,ridge,0.897157,0.8977497633015674
T35_C2_D50_3,T35_C2_D50,5,600,650,random_forest,0.897157,0.9007760643943902
T35_C2_D50_3,T35_C2_D50,5,650,700,persistence,0.893275,0.9165231255313984
T35_C2_D50_3,T35_C2_D50,5,650,700,local_linear,0.893275,0.9129937131173042
T35_C2_D50_3,T35_C2_D50,5,650,700,ridge,0.893275,0.9020581000949125
T35_C2_D50_3,T35_C2_D50,5,650,700,random_forest,0.893275,0.903331953499556
T35_C2_D50_3,T35_C2_D50,5,700,750,persistence,0.889529,0.903921040658861
T35_C2_D50_3,T35_C2_D50,5,700,750,local_linear,0.889529,0.901669202955244
T35_C2_D50_3,T35_C2_D50,5,700,750,ridge,0.889529,0.8908601241775882
T35_C2_D50_3,T35_C2_D50,5,700,750,random_forest,0.889529,0.8912272428322023
T35_C2_D50_3,T35_C2_D50,5,750,800,persistence,0.885906,0.9012368899612286
T35_C2_D50_3,T35_C2_D50,5,750,800,local_linear,0.885906,0.8985060617303567
T35_C2_D50_3,T35_C2_D50,5,750,800,ridge,0.885906,0.8878368360755464
T35_C2_D50_3,T35_C2_D50,5,750,800,random_forest,0.885906,0.8873531090812141
T35_C2_D50_3,T35_C2_D50,5,800,850,persistence,0.882395,0.8955024956659109
T35_C2_D50_3,T35_C2_D50,5,800,850,local_linear,0.882395,0.8905602996183618
T35_C2_D50_3,T35_C2_D50,5,800,850,ridge,0.882395,0.881696977828028
T35_C2_D50_3,T35_C2_D50,5,800,850,random_forest,0.882395,0.8820154694259562
T35_C2_D50_3,T35_C2_D50,5,850,900,persistence,0.878985,0.8976778302894123
T35_C2_D50_3,T35_C2_D50,5,850,900,local_linear,0.878985,0.8951341198687514
T35_C2_D50_3,T35_C2_D50,5,850,900,ridge,0.878985,0.8835351272424528
T35_C2_D50_3,T35_C2_D50,5,850,900,random_forest,0.878985,0.8844860994329455
T35_C2_D50_3,T35_C2_D50,5,900,950,persistence,0.875669,0.8876214174957918
T35_C2_D50_3,T35_C2_D50,5,900,950,local_linear,0.875669,0.8843761607437279
T35_C2_D50_3,T35_C2_D50,5,900,950,ridge,0.875669,0.874981462044534
T35_C2_D50_3,T35_C2_D50,5,900,950,random_forest,0.875669,0.8733452845939654
T35_C2_D50_3,T35_C2_D50,5,950,1000,persistence,0.872439,0.891335403438355
T35_C2_D50_3,T35_C2_D50,5,950,1000,local_linear,0.872439,0.8887473427946634
T35_C2_D50_3,T35_C2_D50,5,950,1000,ridge,0.872439,0.8782465608074338
T35_C2_D50_3,T35_C2_D50,5,950,1000,random_forest,0.872439,0.8783472758800404
T45_C0p5_D100_0,T45_C0p5_D100,5,100,150,persistence,0.911527,0.9423651787994908
T45_C0p5_D100_0,T45_C0p5_D100,5,100,150,local_linear,0.911527,0.9130537943334084
T45_C0p5_D100_0,T45_C0p5_D100,5,100,150,ridge,0.911527,0.9079740023257317
T45_C0p5_D100_0,T45_C0p5_D100,5,100,150,random_forest,0.911527,0.9102315747825086
T45_C0p5_D100_0,T45_C0p5_D100,5,150,200,persistence,0.897841,0.9253764975400909
T45_C0p5_D100_0,T45_C0p5_D100,5,150,200,local_linear,0.897841,0.9070624534909001
T45_C0p5_D100_0,T45_C0p5_D100,5,150,200,ridge,0.897841,0.8975139175682487
T45_C0p5_D100_0,T45_C0p5_D100,5,150,200,random_forest,0.897841,0.8976882515155502
T45_C0p5_D100_0,T45_C0p5_D100,5,200,250,persistence,0.885782,0.9168167450406984
T45_C0p5_D100_0,T45_C0p5_D100,5,200,250,local_linear,0.885782,0.9022818089519943
T45_C0p5_D100_0,T45_C0p5_D100,5,200,250,ridge,0.885782,0.8898512928610329
T45_C0p5_D100_0,T45_C0p5_D100,5,200,250,random_forest,0.885782,0.8926681163902422
T45_C0p5_D100_0,T45_C0p5_D100,5,250,300,persistence,0.874881,0.9077516050157722
T45_C0p5_D100_0,T45_C0p5_D100,5,250,300,local_linear,0.874881,0.8955459412673163
T45_C0p5_D100_0,T45_C0p5_D100,5,250,300,ridge,0.874881,0.8813065167659796
T45_C0p5_D100_0,T45_C0p5_D100,5,250,300,random_forest,0.874881,0.881551500908189
T45_C0p5_D100_0,T45_C0p5_D100,5,300,350,persistence,0.864856,0.8901864039314772
T45_C0p5_D100_0,T45_C0p5_D100,5,300,350,local_linear,0.864856,0.8790742867374318
T45_C0p5_D100_0,T45_C0p5_D100,5,300,350,ridge,0.864856,0.8654302793336487
T45_C0p5_D100_0,T45_C0p5_D100,5,300,350,random_forest,0.864856,0.8675458617263985
T45_C0p5_D100_0,T45_C0p5_D100,5,350,400,persistence,0.855525,0.8743512597505345
T45_C0p5_D100_0,T45_C0p5_D100,5,350,400,local_linear,0.855525,0.8629391296418726
T45_C0p5_D100_0,T45_C0p5_D100,5,350,400,ridge,0.855525,0.8512742635756465
T45_C0p5_D100_0,T45_C0p5_D100,5,350,400,random_forest,0.855525,0.8516684582938762
T45_C0p5_D100_0,T45_C0p5_D100,5,400,450,persistence,0.846761,0.8731972252434105
T45_C0p5_D100_0,T45_C0p5_D100,5,400,450,local_linear,0.846761,0.8610242316486658
T45_C0p5_D100_0,T45_C0p5_D100,5,400,450,ridge,0.846761,0.8471639092895269
T45_C0p5_D100_0,T45_C0p5_D100,5,400,450,random_forest,0.846761,0.8479693900859042
T45_C0p5_D100_0,T45_C0p5_D100,5,450,500,persistence,0.838472,0.8657591743877959
T45_C0p5_D100_0,T45_C0p5_D100,5,450,500,local_linear,0.838472,0.8597716073170462
T45_C0p5_D100_0,T45_C0p5_D100,5,450,500,ridge,0.838472,0.8404839912643587
T45_C0p5_D100_0,T45_C0p5_D100,5,450,500,random_forest,0.838472,0.8427169673785766
T45_C0p5_D100_0,T45_C0p5_D100,5,500,550,persistence,0.830588,0.8546849199774067
T45_C0p5_D100_0,T45_C0p5_D100,5,500,550,local_linear,0.830588,0.8469780043754248
T45_C0p5_D100_0,T45_C0p5_D100,5,500,550,ridge,0.830588,0.8308357777702904
T45_C0p5_D100_0,T45_C0p5_D100,5,500,550,random_forest,0.830588,0.8328928366339214
T45_C0p5_D100_0,T45_C0p5_D100,5,550,600,persistence,0.823055,0.8467564044562644
T45_C0p5_D100_0,T45_C0p5_D100,5,550,600,local_linear,0.823055,0.8388508918395396
T45_C0p5_D100_0,T45_C0p5_D100,5,550,600,ridge,0.823055,0.8222066764299452
T45_C0p5_D100_0,T45_C0p5_D100,5,550,600,random_forest,0.823055,0.8275652812216083
T45_C0p5_D100_0,T45_C0p5_D100,5,600,650,persistence,0.815829,0.8383807005636116
T45_C0p5_D100_0,T45_C0p5_D100,5,600,650,local_linear,0.815829,0.83209906569404
T45_C0p5_D100_0,T45_C0p5_D100,5,600,650,ridge,0.815829,0.8149459507074387
T45_C0p5_D100_0,T45_C0p5_D100,5,600,650,random_forest,0.815829,0.8194595246557957
T45_C0p5_D100_0,T45_C0p5_D100,5,650,700,persistence,0.808877,0.83269160890069
T45_C0p5_D100_0,T45_C0p5_D100,5,650,700,local_linear,0.808877,0.8233715112379753
T45_C0p5_D100_0,T45_C0p5_D100,5,650,700,ridge,0.808877,0.806318533155548
T45_C0p5_D100_0,T45_C0p5_D100,5,650,700,random_forest,0.808877,0.8099830579594366
T45_C0p5_D100_0,T45_C0p5_D100,5,700,750,persistence,0.795461,0.8287907732951441
T45_C0p5_D100_0,T45_C0p5_D100,5,700,750,local_linear,0.795461,0.8231443191639553
T45_C0p5_D100_0,T45_C0p5_D100,5,700,750,ridge,0.795461,0.804507198409138
T45_C0p5_D100_0,T45_C0p5_D100,5,700,750,random_forest,0.795461,0.8049320840196605
T45_C0p5_D100_0,T45_C0p5_D100,5,750,800,persistence,0.782485,0.8110474927481118
T45_C0p5_D100_0,T45_C0p5_D100,5,750,800,local_linear,0.782485,0.8012585323753232
T45_C0p5_D100_0,T45_C0p5_D100,5,750,800,ridge,0.782485,0.7853486559263907
T45_C0p5_D100_0,T45_C0p5_D100,5,750,800,random_forest,0.782485,0.7853216981989538
T45_C0p5_D100_0,T45_C0p5_D100,5,800,850,persistence,0.769909,0.7994265642328394
T45_C0p5_D100_0,T45_C0p5_D100,5,800,850,local_linear,0.769909,0.7869679874828793
T45_C0p5_D100_0,T45_C0p5_D100,5,800,850,ridge,0.769909,0.7720261891023711
T45_C0p5_D100_0,T45_C0p5_D100,5,800,850,random_forest,0.769909,0.7731576809785355
T45_C0p5_D100_0,T45_C0p5_D100,5,850,900,persistence,0.757697,0.7862546531342856
T45_C0p5_D100_0,T45_C0p5_D100,5,850,900,local_linear,0.757697,0.7722712951434333
T45_C0p5_D100_0,T45_C0p5_D100,5,850,900,ridge,0.757697,0.7597031264489097
T45_C0p5_D100_0,T45_C0p5_D100,5,850,900,random_forest,0.757697,0.7582995279822784
T45_C0p5_D100_0,T45_C0p5_D100,5,900,950,persistence,0.74582,0.7731508897630921
T45_C0p5_D100_0,T45_C0p5_D100,5,900,950,local_linear,0.74582,0.7609591680461997
T45_C0p5_D100_0,T45_C0p5_D100,5,900,950,ridge,0.74582,0.7472818081832693
T45_C0p5_D100_0,T45_C0p5_D100,5,900,950,random_forest,0.74582,0.7464562125171355
T45_C0p5_D100_0,T45_C0p5_D100,5,950,1000,persistence,0.734252,0.7627625894843083
T45_C0p5_D100_0,T45_C0p5_D100,5,950,1000,local_linear,0.734252,0.750250468635095
T45_C0p5_D100_0,T45_C0p5_D100,5,950,1000,ridge,0.734252,0.7363152125941127
T45_C0p5_D100_0,T45_C0p5_D100,5,950,1000,random_forest,0.734252,0.734539271503878
T45_C0p5_D50_1,T45_C0p5_D50,5,100,150,persistence,0.950244,0.9701870089681723
T45_C0p5_D50_1,T45_C0p5_D50,5,100,150,local_linear,0.950244,0.9540530320309131
T45_C0p5_D50_1,T45_C0p5_D50,5,100,150,ridge,0.950244,0.9489823621407716
T45_C0p5_D50_1,T45_C0p5_D50,5,100,150,random_forest,0.950244,0.9506403070535715
T45_C0p5_D50_1,T45_C0p5_D50,5,150,200,persistence,0.942547,0.9622813445528127
T45_C0p5_D50_1,T45_C0p5_D50,5,150,200,local_linear,0.942547,0.9503847826671799
T45_C0p5_D50_1,T45_C0p5_D50,5,150,200,ridge,0.942547,0.9427926825722118
T45_C0p5_D50_1,T45_C0p5_D50,5,150,200,random_forest,0.942547,0.944253967048386
T45_C0p5_D50_1,T45_C0p5_D50,5,200,250,persistence,0.935765,0.9487356911179625
T45_C0p5_D50_1,T45_C0p5_D50,5,200,250,local_linear,0.935765,0.9403549352752029
T45_C0p5_D50_1,T45_C0p5_D50,5,200,250,ridge,0.935765,0.9319342927549468
T45_C0p5_D50_1,T45_C0p5_D50,5,200,250,random_forest,0.935765,0.9321636053305372
T45_C0p5_D50_1,T45_C0p5_D50,5,250,300,persistence,0.929634,0.9461236608051011
T45_C0p5_D50_1,T45_C0p5_D50,5,250,300,local_linear,0.929634,0.9399576111770875
T45_C0p5_D50_1,T45_C0p5_D50,5,250,300,ridge,0.929634,0.9285720950606435
T45_C0p5_D50_1,T45_C0p5_D50,5,250,300,random_forest,0.929634,0.9276975260664679
T45_C0p5_D50_1,T45_C0p5_D50,5,300,350,persistence,0.923996,0.9390876648494377
T45_C0p5_D50_1,T45_C0p5_D50,5,300,350,local_linear,0.923996,0.9313771655368696
T45_C0p5_D50_1,T45_C0p5_D50,5,300,350,ridge,0.923996,0.9222929980057474
T45_C0p5_D50_1,T45_C0p5_D50,5,300,350,random_forest,0.923996,0.9231885682176678
T45_C0p5_D50_1,T45_C0p5_D50,5,350,400,persistence,0.918749,0.9322765223042231
T45_C0p5_D50_1,T45_C0p5_D50,5,350,400,local_linear,0.918749,0.9280459849760546
T45_C0p5_D50_1,T45_C0p5_D50,5,350,400,ridge,0.918749,0.9170901230556515
T45_C0p5_D50_1,T45_C0p5_D50,5,350,400,random_forest,0.918749,0.9199195869967529
T45_C0p5_D50_1,T45_C0p5_D50,5,400,450,persistence,0.91382,0.928008340750723
T45_C0p5_D50_1,T45_C0p5_D50,5,400,450,local_linear,0.91382,0.9223289782808338
T45_C0p5_D50_1,T45_C0p5_D50,5,400,450,ridge,0.91382,0.911981322938053
T45_C0p5_D50_1,T45_C0p5_D50,5,400,450,random_forest,0.91382,0.9132144674722674
T45_C0p5_D50_1,T45_C0p5_D50,5,450,500,persistence,0.909158,0.9233958209027461
T45_C0p5_D50_1,T45_C0p5_D50,5,450,500,local_linear,0.909158,0.919457981387997
T45_C0p5_D50_1,T45_C0p5_D50,5,450,500,ridge,0.909158,0.908818521052167
T45_C0p5_D50_1,T45_C0p5_D50,5,450,500,random_forest,0.909158,0.9108114303578194
T45_C0p5_D50_1,T45_C0p5_D50,5,500,550,persistence,0.904724,0.9203910533550422
T45_C0p5_D50_1,T45_C0p5_D50,5,500,550,local_linear,0.904724,0.9148516431566065
T45_C0p5_D50_1,T45_C0p5_D50,5,500,550,ridge,0.904724,0.9043569090798608
T45_C0p5_D50_1,T45_C0p5_D50,5,500,550,random_forest,0.904724,0.90597931729987
T45_C0p5_D50_1,T45_C0p5_D50,5,550,600,persistence,0.900488,0.9161858912551434
T45_C0p5_D50_1,T45_C0p5_D50,5,550,600,local_linear,0.900488,0.9126149710036354
T45_C0p5_D50_1,T45_C0p5_D50,5,550,600,ridge,0.900488,0.9024299448523478
T45_C0p5_D50_1,T45_C0p5_D50,5,550,600,random_forest,0.900488,0.903651463522554
T45_C0p5_D50_1,T45_C0p5_D50,5,600,650,persistence,0.896424,0.9108131047189219
T45_C0p5_D50_1,T45_C0p5_D50,5,600,650,local_linear,0.896424,0.907403871095254
T45_C0p5_D50_1,T45_C0p5_D50,5,600,650,ridge,0.896424,0.8959108093254372
T45_C0p5_D50_1,T45_C0p5_D50,5,600,650,random_forest,0.896424,0.8988200610139337
T45_C0p5_D50_1,T45_C0p5_D50,5,650,700,persistence,0.892514,0.906348302470186
T45_C0p5_D50_1,T45_C0p5_D50,5,650,700,local_linear,0.892514,0.9034762384252457
T45_C0p5_D50_1,T45_C0p5_D50,5,650,700,ridge,0.892514,0.8906341527107159
T45_C0p5_D50_1,T45_C0p5_D50,5,650,700,random_forest,0.892514,0.8942844571261725
T45_C0p5_D50_1,T45_C0p5_D50,5,700,750,persistence,0.888742,0.9046729933156525
T45_C0p5_D50_1,T45_C0p5_D50,5,700,750,local_linear,0.888742,0.9008400145414124
T45_C0p5_D50_1,T45_C0p5_D50,5,700,750,ridge,0.888742,0.8901842657775852
T45_C0p5_D50_1,T45_C0p5_D50,5,700,750,random_forest,0.888742,0.8917399602506346
T45_C0p5_D50_1,T45_C0p5_D50,5,750,800,persistence,0.885093,0.8995880796434813
T45_C0p5_D50_1,T45_C0p5_D50,5,750,800,local_linear,0.885093,0.8962564195827134
T45_C0p5_D50_1,T45_C0p5_D50,5,750,800,ridge,0.885093,0.8855759248280333
T45_C0p5_D50_1,T45_C0p5_D50,5,750,800,random_forest,0.885093,0.8874888499720418
T45_C0p5_D50_1,T45_C0p5_D50,5,800,850,persistence,0.881557,0.8911056611887636
T45_C0p5_D50_1,T45_C0p5_D50,5,800,850,local_linear,0.881557,0.8869926128449763
T45_C0p5_D50_1,T45_C0p5_D50,5,800,850,ridge,0.881557,0.8767212803502143
T45_C0p5_D50_1,T45_C0p5_D50,5,800,850,random_forest,0.881557,0.8778150330064378
T45_C0p5_D50_1,T45_C0p5_D50,5,850,900,persistence,0.878123,0.8908359379273506
T45_C0p5_D50_1,T45_C0p5_D50,5,850,900,local_linear,0.878123,0.888293110197295
T45_C0p5_D50_1,T45_C0p5_D50,5,850,900,ridge,0.878123,0.8760039443254236
T45_C0p5_D50_1,T45_C0p5_D50,5,850,900,random_forest,0.878123,0.8758273445351177
T45_C0p5_D50_1,T45_C0p5_D50,5,900,950,persistence,0.874783,0.8946397921467174
T45_C0p5_D50_1,T45_C0p5_D50,5,900,950,local_linear,0.874783,0.8914027058129557
T45_C0p5_D50_1,T45_C0p5_D50,5,900,950,ridge,0.874783,0.8789607773428486
T45_C0p5_D50_1,T45_C0p5_D50,5,900,950,random_forest,0.874783,0.8791134834776335
T45_C0p5_D50_1,T45_C0p5_D50,5,950,1000,persistence,0.87153,0.8808440775199777
T45_C0p5_D50_1,T45_C0p5_D50,5,950,1000,local_linear,0.87153,0.8773202912062781
T45_C0p5_D50_1,T45_C0p5_D50,5,950,1000,ridge,0.87153,0.8678163217739142
T45_C0p5_D50_1,T45_C0p5_D50,5,950,1000,random_forest,0.87153,0.8676339338618329
T45_C0p5_D80_2,T45_C0p5_D80,5,100,150,persistence,0.927136,0.9481885879405406
T45_C0p5_D80_2,T45_C0p5_D80,5,100,150,local_linear,0.927136,0.9230768687913828
T45_C0p5_D80_2,T45_C0p5_D80,5,100,150,ridge,0.927136,0.9190467659782949
T45_C0p5_D80_2,T45_C0p5_D80,5,100,150,random_forest,0.927136,0.9208858336845622
T45_C0p5_D80_2,T45_C0p5_D80,5,150,200,persistence,0.915863,0.9364181901410465
T45_C0p5_D80_2,T45_C0p5_D80,5,150,200,local_linear,0.915863,0.9224823212791993
T45_C0p5_D80_2,T45_C0p5_D80,5,150,200,ridge,0.915863,0.9118332724998756
T45_C0p5_D80_2,T45_C0p5_D80,5,150,200,random_forest,0.915863,0.91182544604543
T45_C0p5_D80_2,T45_C0p5_D80,5,200,250,persistence,0.905933,0.9273907614715271
T45_C0p5_D80_2,T45_C0p5_D80,5,200,250,local_linear,0.905933,0.9126221873692452
T45_C0p5_D80_2,T45_C0p5_D80,5,200,250,ridge,0.905933,0.9040325033595422
T45_C0p5_D80_2,T45_C0p5_D80,5,200,250,random_forest,0.905933,0.9033909143851112
T45_C0p5_D80_2,T45_C0p5_D80,5,250,300,persistence,0.896954,0.9205310396409873
T45_C0p5_D80_2,T45_C0p5_D80,5,250,300,local_linear,0.896954,0.90989477057494
T45_C0p5_D80_2,T45_C0p5_D80,5,250,300,ridge,0.896954,0.8985015006942134
T45_C0p5_D80_2,T45_C0p5_D80,5,250,300,random_forest,0.896954,0.9021525859821429
T45_C0p5_D80_2,T45_C0p5_D80,5,300,350,persistence,0.888698,0.9116124305700308
T45_C0p5_D80_2,T45_C0p5_D80,5,300,350,local_linear,0.888698,0.9018384621975568
T45_C0p5_D80_2,T45_C0p5_D80,5,300,350,ridge,0.888698,0.889277341760253
T45_C0p5_D80_2,T45_C0p5_D80,5,300,350,random_forest,0.888698,0.8889291791980067
T45_C0p5_D80_2,T45_C0p5_D80,5,350,400,persistence,0.881013,0.8991242321321284
T45_C0p5_D80_2,T45_C0p5_D80,5,350,400,local_linear,0.881013,0.8899843446340537
T45_C0p5_D80_2,T45_C0p5_D80,5,350,400,ridge,0.881013,0.8765415002318019
T45_C0p5_D80_2,T45_C0p5_D80,5,350,400,random_forest,0.881013,0.877324465742452
T45_C0p5_D80_2,T45_C0p5_D80,5,400,450,persistence,0.873795,0.8922961854899029
T45_C0p5_D80_2,T45_C0p5_D80,5,400,450,local_linear,0.873795,0.8835190687674774
T45_C0p5_D80_2,T45_C0p5_D80,5,400,450,ridge,0.873795,0.8707513623999935
T45_C0p5_D80_2,T45_C0p5_D80,5,400,450,random_forest,0.873795,0.8708313017841018
T45_C0p5_D80_2,T45_C0p5_D80,5,450,500,persistence,0.866968,0.8859672785086913
T45_C0p5_D80_2,T45_C0p5_D80,5,450,500,local_linear,0.866968,0.8767752814431975
T45_C0p5_D80_2,T45_C0p5_D80,5,450,500,ridge,0.866968,0.8647111435305578
T45_C0p5_D80_2,T45_C0p5_D80,5,450,500,random_forest,0.866968,0.866547434161863
T45_C0p5_D80_2,T45_C0p5_D80,5,500,550,persistence,0.860475,0.8724184721524005
T45_C0p5_D80_2,T45_C0p5_D80,5,500,550,local_linear,0.860475,0.8658053479306022
T45_C0p5_D80_2,T45_C0p5_D80,5,500,550,ridge,0.860475,0.8523381349667579
T45_C0p5_D80_2,T45_C0p5_D80,5,500,550,random_forest,0.860475,0.8520045734003674
T45_C0p5_D80_2,T45_C0p5_D80,5,550,600,persistence,0.854271,0.8700218865333448
T45_C0p5_D80_2,T45_C0p5_D80,5,550,600,local_linear,0.854271,0.8654081431905711
T45_C0p5_D80_2,T45_C0p5_D80,5,550,600,ridge,0.854271,0.8495961165206593
T45_C0p5_D80_2,T45_C0p5_D80,5,550,600,random_forest,0.854271,0.850663794832025
T45_C0p5_D80_2,T45_C0p5_D80,5,600,650,persistence,0.848321,0.8680120447458015
T45_C0p5_D80_2,T45_C0p5_D80,5,600,650,local_linear,0.848321,0.8617068528462273
T45_C0p5_D80_2,T45_C0p5_D80,5,600,650,ridge,0.848321,0.8485256416845827
T45_C0p5_D80_2,T45_C0p5_D80,5,600,650,random_forest,0.848321,0.8497508535899172
T45_C0p5_D80_2,T45_C0p5_D80,5,650,700,persistence,0.842595,0.8606894564537685
T45_C0p5_D80_2,T45_C0p5_D80,5,650,700,local_linear,0.842595,0.8534063241163553
T45_C0p5_D80_2,T45_C0p5_D80,5,650,700,ridge,0.842595,0.8402333797381011
T45_C0p5_D80_2,T45_C0p5_D80,5,650,700,random_forest,0.842595,0.8423373466506584
T45_C0p5_D80_2,T45_C0p5_D80,5,700,750,persistence,0.83707,0.8543411356474613
T45_C0p5_D80_2,T45_C0p5_D80,5,700,750,local_linear,0.83707,0.8477565892371574
T45_C0p5_D80_2,T45_C0p5_D80,5,700,750,ridge,0.83707,0.8340350564310594
T45_C0p5_D80_2,T45_C0p5_D80,5,700,750,random_forest,0.83707,0.8354039186196791
T45_C0p5_D80_2,T45_C0p5_D80,5,750,800,persistence,0.831727,0.8451047529130955
T45_C0p5_D80_2,T45_C0p5_D80,5,750,800,local_linear,0.831727,0.8406598459605638
T45_C0p5_D80_2,T45_C0p5_D80,5,750,800,ridge,0.831727,0.8247333060767036
T45_C0p5_D80_2,T45_C0p5_D80,5,750,800,random_forest,0.831727,0.8232994782451056
T45_C0p5_D80_2,T45_C0p5_D80,5,800,850,persistence,0.826548,0.8430586379260313
T45_C0p5_D80_2,T45_C0p5_D80,5,800,850,local_linear,0.826548,0.8356115894091217
T45_C0p5_D80_2,T45_C0p5_D80,5,800,850,ridge,0.826548,0.8229653988117512
T45_C0p5_D80_2,T45_C0p5_D80,5,800,850,random_forest,0.826548,0.8246745899885017
T45_C0p5_D80_2,T45_C0p5_D80,5,850,900,persistence,0.819023,0.8348808195495175
T45_C0p5_D80_2,T45_C0p5_D80,5,850,900,local_linear,0.819023,0.829646246746381
T45_C0p5_D80_2,T45_C0p5_D80,5,850,900,ridge,0.819023,0.8150505484456806
T45_C0p5_D80_2,T45_C0p5_D80,5,850,900,random_forest,0.819023,0.8182407978708962
T45_C0p5_D80_2,T45_C0p5_D80,5,900,950,persistence,0.809242,0.8269661095920644
T45_C0p5_D80_2,T45_C0p5_D80,5,900,950,local_linear,0.809242,0.8202312695129144
T45_C0p5_D80_2,T45_C0p5_D80,5,900,950,ridge,0.809242,0.8067868901557536
T45_C0p5_D80_2,T45_C0p5_D80,5,900,950,random_forest,0.809242,0.8047914874032742
T45_C0p5_D80_2,T45_C0p5_D80,5,950,1000,persistence,0.799714,0.8174104205238872
T45_C0p5_D80_2,T45_C0p5_D80,5,950,1000,local_linear,0.799714,0.8082352175345299
T45_C0p5_D80_2,T45_C0p5_D80,5,950,1000,ridge,0.799714,0.7957573074546195
T45_C0p5_D80_2,T45_C0p5_D80,5,950,1000,random_forest,0.799714,0.7969684967888705
T45_C1_D100_3,T45_C1_D100,5,100,150,persistence,0.901615,0.9405693803095259
T45_C1_D100_3,T45_C1_D100,5,100,150,local_linear,0.901615,0.9082184348722796
T45_C1_D100_3,T45_C1_D100,5,100,150,ridge,0.901615,0.9056034204206261
T45_C1_D100_3,T45_C1_D100,5,100,150,random_forest,0.901615,0.9080968198985382
T45_C1_D100_3,T45_C1_D100,5,150,200,persistence,0.886394,0.9173317702990931
T45_C1_D100_3,T45_C1_D100,5,150,200,local_linear,0.886394,0.8960095782637716
T45_C1_D100_3,T45_C1_D100,5,150,200,ridge,0.886394,0.8881359136402665
T45_C1_D100_3,T45_C1_D100,5,150,200,random_forest,0.886394,0.8925302082059441
T45_C1_D100_3,T45_C1_D100,5,200,250,persistence,0.872985,0.8982542360357043
T45_C1_D100_3,T45_C1_D100,5,200,250,local_linear,0.872985,0.8805109456385976
T45_C1_D100_3,T45_C1_D100,5,200,250,ridge,0.872985,0.8721621896801501
T45_C1_D100_3,T45_C1_D100,5,200,250,random_forest,0.872985,0.8720945615506202
T45_C1_D100_3,T45_C1_D100,5,250,300,persistence,0.860862,0.8951426957581405
T45_C1_D100_3,T45_C1_D100,5,250,300,local_linear,0.860862,0.8817317923549604
T45_C1_D100_3,T45_C1_D100,5,250,300,ridge,0.860862,0.8693392344064784
T45_C1_D100_3,T45_C1_D100,5,250,300,random_forest,0.860862,0.8714282516193179
T45_C1_D100_3,T45_C1_D100,5,300,350,persistence,0.849714,0.8737486645951453
T45_C1_D100_3,T45_C1_D100,5,300,350,local_linear,0.849714,0.8591195356756179
T45_C1_D100_3,T45_C1_D100,5,300,350,ridge,0.849714,0.8491306244146202
T45_C1_D100_3,T45_C1_D100,5,300,350,random_forest,0.849714,0.8495634787457156
T45_C1_D100_3,T45_C1_D100,5,350,400,persistence,0.839337,0.8656464361441649
T45_C1_D100_3,T45_C1_D100,5,350,400,local_linear,0.839337,0.8541136259341304
T45_C1_D100_3,T45_C1_D100,5,350,400,ridge,0.839337,0.8408995188811815
T45_C1_D100_3,T45_C1_D100,5,350,400,random_forest,0.839337,0.841678291928315
T45_C1_D100_3,T45_C1_D100,5,400,450,persistence,0.829591,0.8561229486741136
T45_C1_D100_3,T45_C1_D100,5,400,450,local_linear,0.829591,0.8458835330046048
T45_C1_D100_3,T45_C1_D100,5,400,450,ridge,0.829591,0.8326431804900272
T45_C1_D100_3,T45_C1_D100,5,400,450,random_forest,0.829591,0.8332869242045456
T45_C1_D100_3,T45_C1_D100,5,450,500,persistence,0.820374,0.8443175314078455
T45_C1_D100_3,T45_C1_D100,5,450,500,local_linear,0.820374,0.8338316228325431
T45_C1_D100_3,T45_C1_D100,5,450,500,ridge,0.820374,0.8218699862220653
T45_C1_D100_3,T45_C1_D100,5,450,500,random_forest,0.820374,0.8233400059886812
T45_C1_D100_3,T45_C1_D100,5,500,550,persistence,0.811606,0.8379246211708479
T45_C1_D100_3,T45_C1_D100,5,500,550,local_linear,0.811606,0.828101463607392
T45_C1_D100_3,T45_C1_D100,5,500,550,ridge,0.811606,0.8148860197398292
T45_C1_D100_3,T45_C1_D100,5,500,550,random_forest,0.811606,0.8173721012890061
T45_C1_D100_3,T45_C1_D100,5,550,600,persistence,0.803229,0.8283780889652037
T45_C1_D100_3,T45_C1_D100,5,550,600,local_linear,0.803229,0.8195107030851574
T45_C1_D100_3,T45_C1_D100,5,550,600,ridge,0.803229,0.8047657644800256
T45_C1_D100_3,T45_C1_D100,5,550,600,random_forest,0.803229,0.8062068881455176
T45_C1_D100_3,T45_C1_D100,5,600,650,persistence,0.795194,0.8158617917031437
T45_C1_D100_3,T45_C1_D100,5,600,650,local_linear,0.795194,0.8060342950834314
T45_C1_D100_3,T45_C1_D100,5,600,650,ridge,0.795194,0.7922836982844806
T45_C1_D100_3,T45_C1_D100,5,600,650,random_forest,0.795194,0.7937061206524724
T45_C1_D100_3,T45_C1_D100,5,650,700,persistence,0.787463,0.8091242123772774
T45_C1_D100_3,T45_C1_D100,5,650,700,local_linear,0.787463,0.7999326640635913
T45_C1_D100_3,T45_C1_D100,5,650,700,ridge,0.787463,0.7867376934318642
T45_C1_D100_3,T45_C1_D100,5,650,700,random_forest,0.787463,0.787142344699675
T45_C1_D100_3,T45_C1_D100,5,700,750,persistence,0.772544,0.8041535631043765
T45_C1_D100_3,T45_C1_D100,5,700,750,local_linear,0.772544,0.796612807150134
T45_C1_D100_3,T45_C1_D100,5,700,750,ridge,0.772544,0.7806351085883737
T45_C1_D100_3,T45_C1_D100,5,700,750,random_forest,0.772544,0.7784220913843795
T45_C1_D100_3,T45_C1_D100,5,750,800,persistence,0.758114,0.7807706710652054
T45_C1_D100_3,T45_C1_D100,5,750,800,local_linear,0.758114,0.7692850368941022
T45_C1_D100_3,T45_C1_D100,5,750,800,ridge,0.758114,0.7582992826349257
T45_C1_D100_3,T45_C1_D100,5,750,800,random_forest,0.758114,0.7533446182614085
T45_C1_D100_3,T45_C1_D100,5,800,850,persistence,0.744128,0.774669827803223
T45_C1_D100_3,T45_C1_D100,5,800,850,local_linear,0.744128,0.7597511411301416
T45_C1_D100_3,T45_C1_D100,5,800,850,ridge,0.744128,0.7504281346135121
T45_C1_D100_3,T45_C1_D100,5,800,850,random_forest,0.744128,0.7512170015426584
T45_C1_D100_3,T45_C1_D100,5,850,900,persistence,0.730549,0.7549535535858987
T45_C1_D100_3,T45_C1_D100,5,850,900,local_linear,0.730549,0.7407702709635756
T45_C1_D100_3,T45_C1_D100,5,850,900,ridge,0.730549,0.7310135728900785
T45_C1_D100_3,T45_C1_D100,5,850,900,random_forest,0.730549,0.7310773945668739
T45_C1_D100_3,T45_C1_D100,5,900,950,persistence,0.717341,0.7429732969126317
T45_C1_D100_3,T45_C1_D100,5,900,950,local_linear,0.717341,0.7280051862123492
T45_C1_D100_3,T45_C1_D100,5,900,950,ridge,0.717341,0.718429471997647
T45_C1_D100_3,T45_C1_D100,5,900,950,random_forest,0.717341,0.7171327746094878
T45_C1_D100_3,T45_C1_D100,5,950,1000,persistence,0.704477,0.7370643261230865
T45_C1_D100_3,T45_C1_D100,5,950,1000,local_linear,0.704477,0.7240429866416375
T45_C1_D100_3,T45_C1_D100,5,950,1000,ridge,0.704477,0.7126728221507
T45_C1_D100_3,T45_C1_D100,5,950,1000,random_forest,0.704477,0.7087010333035715
T45_C1_D80_0,T45_C1_D80,5,100,150,persistence,0.914728,0.9487757678560363
T45_C1_D80_0,T45_C1_D80,5,100,150,local_linear,0.914728,0.9222172218943131
T45_C1_D80_0,T45_C1_D80,5,100,150,ridge,0.914728,0.9200230347266268
T45_C1_D80_0,T45_C1_D80,5,100,150,random_forest,0.914728,0.9217928336552509
T45_C1_D80_0,T45_C1_D80,5,150,200,persistence,0.901537,0.9271550063354227
T45_C1_D80_0,T45_C1_D80,5,150,200,local_linear,0.901537,0.9095775893667928
T45_C1_D80_0,T45_C1_D80,5,150,200,ridge,0.901537,0.903784245422378
T45_C1_D80_0,T45_C1_D80,5,150,200,random_forest,0.901537,0.902702274155358
T45_C1_D80_0,T45_C1_D80,5,200,250,persistence,0.889915,0.9223380960990167
T45_C1_D80_0,T45_C1_D80,5,200,250,local_linear,0.889915,0.9076940479127273
T45_C1_D80_0,T45_C1_D80,5,200,250,ridge,0.889915,0.8984807439867993
T45_C1_D80_0,T45_C1_D80,5,200,250,random_forest,0.889915,0.8993620417722903
T45_C1_D80_0,T45_C1_D80,5,250,300,persistence,0.879408,0.9061406298091009
T45_C1_D80_0,T45_C1_D80,5,250,300,local_linear,0.879408,0.8947259762602883
T45_C1_D80_0,T45_C1_D80,5,250,300,ridge,0.879408,0.8856411305969584
T45_C1_D80_0,T45_C1_D80,5,250,300,random_forest,0.879408,0.886063104434975
T45_C1_D80_0,T45_C1_D80,5,300,350,persistence,0.869745,0.8968469765282088
T45_C1_D80_0,T45_C1_D80,5,300,350,local_linear,0.869745,0.885759735227103
T45_C1_D80_0,T45_C1_D80,5,300,350,ridge,0.869745,0.8761807765709444
T45_C1_D80_0,T45_C1_D80,5,300,350,random_forest,0.869745,0.8777502578995486
T45_C1_D80_0,T45_C1_D80,5,350,400,persistence,0.860752,0.8829888609269531
T45_C1_D80_0,T45_C1_D80,5,350,400,local_linear,0.860752,0.8725833638810369
T45_C1_D80_0,T45_C1_D80,5,350,400,ridge,0.860752,0.8649100121995341
T45_C1_D80_0,T45_C1_D80,5,350,400,random_forest,0.860752,0.8618101713475586
T45_C1_D80_0,T45_C1_D80,5,400,450,persistence,0.852305,0.8754654030330979
T45_C1_D80_0,T45_C1_D80,5,400,450,local_linear,0.852305,0.8671275002243218
T45_C1_D80_0,T45_C1_D80,5,400,450,ridge,0.852305,0.8564457732032953
T45_C1_D80_0,T45_C1_D80,5,400,450,random_forest,0.852305,0.855260331137942
T45_C1_D80_0,T45_C1_D80,5,450,500,persistence,0.844316,0.854930932545152
T45_C1_D80_0,T45_C1_D80,5,450,500,local_linear,0.844316,0.8440319439564468
T45_C1_D80_0,T45_C1_D80,5,450,500,ridge,0.844316,0.8384720376919211
T45_C1_D80_0,T45_C1_D80,5,450,500,random_forest,0.844316,0.8382467709503514
T45_C1_D80_0,T45_C1_D80,5,500,550,persistence,0.836717,0.8610870917260578
T45_C1_D80_0,T45_C1_D80,5,500,550,local_linear,0.836717,0.8529586836505489
T45_C1_D80_0,T45_C1_D80,5,500,550,ridge,0.836717,0.8434776566042028
T45_C1_D80_0,T45_C1_D80,5,500,550,random_forest,0.836717,0.8450035850000001
T45_C1_D80_0,T45_C1_D80,5,550,600,persistence,0.829457,0.8469841781456094
T45_C1_D80_0,T45_C1_D80,5,550,600,local_linear,0.829457,0.839780735647831
T45_C1_D80_0,T45_C1_D80,5,550,600,ridge,0.829457,0.8316806177615088
T45_C1_D80_0,T45_C1_D80,5,550,600,random_forest,0.829457,0.8320433641330889
T45_C1_D80_0,T45_C1_D80,5,600,650,persistence,0.822493,0.8437166351191772
T45_C1_D80_0,T45_C1_D80,5,600,650,local_linear,0.822493,0.8358702684867932
T45_C1_D80_0,T45_C1_D80,5,600,650,ridge,0.822493,0.827337858518154
T45_C1_D80_0,T45_C1_D80,5,600,650,random_forest,0.822493,0.8248624163541667
T45_C1_D80_0,T45_C1_D80,5,650,700,persistence,0.815792,0.8383570893622273
T45_C1_D80_0,T45_C1_D80,5,650,700,local_linear,0.815792,0.8310016710263002
T45_C1_D80_0,T45_C1_D80,5,650,700,ridge,0.815792,0.8216085261021431
T45_C1_D80_0,T45_C1_D80,5,650,700,random_forest,0.815792,0.8201716374576117
T45_C1_D80_0,T45_C1_D80,5,700,750,persistence,0.809327,0.8311523788371127
T45_C1_D80_0,T45_C1_D80,5,700,750,local_linear,0.809327,0.8226035431161224
T45_C1_D80_0,T45_C1_D80,5,700,750,ridge,0.809327,0.8144351695472972
T45_C1_D80_0,T45_C1_D80,5,700,750,random_forest,0.809327,0.8128018679274195
T45_C1_D80_0,T45_C1_D80,5,750,800,persistence,0.803074,0.8232989536671375
T45_C1_D80_0,T45_C1_D80,5,750,800,local_linear,0.803074,0.8167374843217159
T45_C1_D80_0,T45_C1_D80,5,750,800,ridge,0.803074,0.8092867665801599
T45_C1_D80_0,T45_C1_D80,5,750,800,random_forest,0.803074,0.806080048823954
T45_C1_D80_0,T45_C1_D80,5,800,850,persistence,0.797013,0.8144653165888116
T45_C1_D80_0,T45_C1_D80,5,800,850,local_linear,0.797013,0.8094457179895944
T45_C1_D80_0,T45_C1_D80,5,800,850,ridge,0.797013,0.8004438397644614
T45_C1_D80_0,T45_C1_D80,5,800,850,random_forest,0.797013,0.7964773942927039
T45_C1_D80_0,T45_C1_D80,5,850,900,persistence,0.788207,0.812680331323865
T45_C1_D80_0,T45_C1_D80,5,850,900,local_linear,0.788207,0.8052994688955486
T45_C1_D80_0,T45_C1_D80,5,850,900,ridge,0.788207,0.7966499344897735
T45_C1_D80_0,T45_C1_D80,5,850,900,random_forest,0.788207,0.789882241750992
T45_C1_D80_0,T45_C1_D80,5,900,950,persistence,0.77676,0.7946234203836647
T45_C1_D80_0,T45_C1_D80,5,900,950,local_linear,0.77676,0.7873223078010637
T45_C1_D80_0,T45_C1_D80,5,900,950,ridge,0.77676,0.7814528340524582
T45_C1_D80_0,T45_C1_D80,5,900,950,random_forest,0.77676,0.7726517108895791
T45_C1_D80_0,T45_C1_D80,5,950,1000,persistence,0.76561,0.7946111804847051
T45_C1_D80_0,T45_C1_D80,5,950,1000,local_linear,0.76561,0.7851298481410424
T45_C1_D80_0,T45_C1_D80,5,950,1000,ridge,0.76561,0.7784380294768349
T45_C1_D80_0,T45_C1_D80,5,950,1000,random_forest,0.76561,0.7716379012956487
T45_C2_D100_1,T45_C2_D100,5,100,150,persistence,0.889642,0.9329577669091609
T45_C2_D100_1,T45_C2_D100,5,100,150,local_linear,0.889642,0.8968422457074121
T45_C2_D100_1,T45_C2_D100,5,100,150,ridge,0.889642,0.8957980618064311
T45_C2_D100_1,T45_C2_D100,5,100,150,random_forest,0.889642,0.9034930881387361
T45_C2_D100_1,T45_C2_D100,5,150,200,persistence,0.872569,0.9177091183911924
T45_C2_D100_1,T45_C2_D100,5,150,200,local_linear,0.872569,0.8928091075699817
T45_C2_D100_1,T45_C2_D100,5,150,200,ridge,0.872569,0.8844730723987481
T45_C2_D100_1,T45_C2_D100,5,150,200,random_forest,0.872569,0.8923317871394756
T45_C2_D100_1,T45_C2_D100,5,200,250,persistence,0.857528,0.8990627131809835
T45_C2_D100_1,T45_C2_D100,5,200,250,local_linear,0.857528,0.881768183030443
T45_C2_D100_1,T45_C2_D100,5,200,250,ridge,0.857528,0.8700181932803802
T45_C2_D100_1,T45_C2_D100,5,200,250,random_forest,0.857528,0.8720010702356848
T45_C2_D100_1,T45_C2_D100,5,250,300,persistence,0.84393,0.8796531923146056
T45_C2_D100_1,T45_C2_D100,5,250,300,local_linear,0.84393,0.8629951172816016
T45_C2_D100_1,T45_C2_D100,5,250,300,ridge,0.84393,0.8511126769242594
T45_C2_D100_1,T45_C2_D100,5,250,300,random_forest,0.84393,0.8533214786471863
T45_C2_D100_1,T45_C2_D100,5,300,350,persistence,0.831425,0.8600770683745321
T45_C2_D100_1,T45_C2_D100,5,300,350,local_linear,0.831425,0.84549123079979
T45_C2_D100_1,T45_C2_D100,5,300,350,ridge,0.831425,0.8346166609503997
T45_C2_D100_1,T45_C2_D100,5,300,350,random_forest,0.831425,0.8367810497256041
T45_C2_D100_1,T45_C2_D100,5,350,400,persistence,0.819786,0.8526225005597232
T45_C2_D100_1,T45_C2_D100,5,350,400,local_linear,0.819786,0.838068572766819
T45_C2_D100_1,T45_C2_D100,5,350,400,ridge,0.819786,0.8269165371051708
T45_C2_D100_1,T45_C2_D100,5,350,400,random_forest,0.819786,0.829968181252706
T45_C2_D100_1,T45_C2_D100,5,400,450,persistence,0.808854,0.8391003223795754
T45_C2_D100_1,T45_C2_D100,5,400,450,local_linear,0.808854,0.8287372291582229
T45_C2_D100_1,T45_C2_D100,5,400,450,ridge,0.808854,0.8160409270338643
T45_C2_D100_1,T45_C2_D100,5,400,450,random_forest,0.808854,0.8173668941684704
T45_C2_D100_1,T45_C2_D100,5,450,500,persistence,0.798514,0.8284913329612357
T45_C2_D100_1,T45_C2_D100,5,450,500,local_linear,0.798514,0.8170910973243256
T45_C2_D100_1,T45_C2_D100,5,450,500,ridge,0.798514,0.8045648680681574
T45_C2_D100_1,T45_C2_D100,5,450,500,random_forest,0.798514,0.8063739026652685
T45_C2_D100_1,T45_C2_D100,5,500,550,persistence,0.78868,0.8210083848121065
T45_C2_D100_1,T45_C2_D100,5,500,550,local_linear,0.78868,0.8109120267130917
T45_C2_D100_1,T45_C2_D100,5,500,550,ridge,0.78868,0.7970903180810855
T45_C2_D100_1,T45_C2_D100,5,500,550,random_forest,0.78868,0.7998106141167859
T45_C2_D100_1,T45_C2_D100,5,550,600,persistence,0.779284,0.8100793282900428
T45_C2_D100_1,T45_C2_D100,5,550,600,local_linear,0.779284,0.7977664746270983
T45_C2_D100_1,T45_C2_D100,5,550,600,ridge,0.779284,0.7855417915965204
T45_C2_D100_1,T45_C2_D100,5,550,600,random_forest,0.779284,0.7866504602732682
T45_C2_D100_1,T45_C2_D100,5,600,650,persistence,0.770271,0.8003553848531002
T45_C2_D100_1,T45_C2_D100,5,600,650,local_linear,0.770271,0.7914053502467749
T45_C2_D100_1,T45_C2_D100,5,600,650,ridge,0.770271,0.7775326665055314
T45_C2_D100_1,T45_C2_D100,5,600,650,random_forest,0.770271,0.7743783395356467
T45_C2_D100_1,T45_C2_D100,5,650,700,persistence,0.761599,0.7903313456588075
T45_C2_D100_1,T45_C2_D100,5,650,700,local_linear,0.761599,0.7820036389188914
T45_C2_D100_1,T45_C2_D100,5,650,700,ridge,0.761599,0.7688076115709459
T45_C2_D100_1,T45_C2_D100,5,650,700,random_forest,0.761599,0.7653837894954001
T45_C2_D100_1,T45_C2_D100,5,700,750,persistence,0.744864,0.7785356378164803
T45_C2_D100_1,T45_C2_D100,5,700,750,local_linear,0.744864,0.76961989260565
T45_C2_D100_1,T45_C2_D100,5,700,750,ridge,0.744864,0.7560446762451687
T45_C2_D100_1,T45_C2_D100,5,700,750,random_forest,0.744864,0.7520895763045635
T45_C2_D100_1,T45_C2_D100,5,750,800,persistence,0.728678,0.7606964954491608
T45_C2_D100_1,T45_C2_D100,5,750,800,local_linear,0.728678,0.7452608637934375
T45_C2_D100_1,T45_C2_D100,5,750,800,ridge,0.728678,0.7370138561883847
T45_C2_D100_1,T45_C2_D100,5,750,800,random_forest,0.728678,0.7368451013192189
T45_C2_D100_1,T45_C2_D100,5,800,850,persistence,0.712991,0.7530590321465098
T45_C2_D100_1,T45_C2_D100,5,800,850,local_linear,0.712991,0.7386607027982165
T45_C2_D100_1,T45_C2_D100,5,800,850,ridge,0.712991,0.7275410008695807
T45_C2_D100_1,T45_C2_D100,5,800,850,random_forest,0.712991,0.7245377895114086
T45_C2_D100_1,T45_C2_D100,5,850,900,persistence,0.697758,0.733837136823694
T45_C2_D100_1,T45_C2_D100,5,850,900,local_linear,0.697758,0.7160606045815274
T45_C2_D100_1,T45_C2_D100,5,850,900,ridge,0.697758,0.709304557811737
T45_C2_D100_1,T45_C2_D100,5,850,900,random_forest,0.697758,0.7060511922679924
T45_C2_D100_1,T45_C2_D100,5,900,950,persistence,0.682944,0.7140591971728983
T45_C2_D100_1,T45_C2_D100,5,900,950,local_linear,0.682944,0.6985241753731285
T45_C2_D100_1,T45_C2_D100,5,900,950,ridge,0.682944,0.6909226895830269
T45_C2_D100_1,T45_C2_D100,5,900,950,random_forest,0.682944,0.6961594626314482
T45_C2_D100_1,T45_C2_D100,5,950,1000,persistence,0.668514,0.7017489643805782
T45_C2_D100_1,T45_C2_D100,5,950,1000,local_linear,0.668514,0.6864961148376908
T45_C2_D100_1,T45_C2_D100,5,950,1000,ridge,0.668514,0.6787146972908501
T45_C2_D100_1,T45_C2_D100,5,950,1000,random_forest,0.668514,0.6935581013244048
T45_C2_D50_2,T45_C2_D50,5,100,150,persistence,0.937865,0.9521877418626018
T45_C2_D50_2,T45_C2_D50,5,100,150,local_linear,0.937865,0.9311987313697726
T45_C2_D50_2,T45_C2_D50,5,100,150,ridge,0.937865,0.9271302288244705
T45_C2_D50_2,T45_C2_D50,5,100,150,random_forest,0.937865,0.9351670679905334
T45_C2_D50_2,T45_C2_D50,5,150,200,persistence,0.928252,0.9428102398090485
T45_C2_D50_2,T45_C2_D50,5,150,200,local_linear,0.928252,0.9275956214355625
T45_C2_D50_2,T45_C2_D50,5,150,200,ridge,0.928252,0.9209852681090384
T45_C2_D50_2,T45_C2_D50,5,150,200,random_forest,0.928252,0.9238275933261187
T45_C2_D50_2,T45_C2_D50,5,200,250,persistence,0.919784,0.9386865712815977
T45_C2_D50_2,T45_C2_D50,5,200,250,local_linear,0.919784,0.9293527242143552
T45_C2_D50_2,T45_C2_D50,5,200,250,ridge,0.919784,0.9187621679375966
T45_C2_D50_2,T45_C2_D50,5,200,250,random_forest,0.919784,0.919759453825081
T45_C2_D50_2,T45_C2_D50,5,250,300,persistence,0.912127,0.9303299750557852
T45_C2_D50_2,T45_C2_D50,5,250,300,local_linear,0.912127,0.9205251392066232
T45_C2_D50_2,T45_C2_D50,5,250,300,ridge,0.912127,0.9105988071575062
T45_C2_D50_2,T45_C2_D50,5,250,300,random_forest,0.912127,0.9130522898471316
T45_C2_D50_2,T45_C2_D50,5,300,350,persistence,0.905087,0.9243988335471137
T45_C2_D50_2,T45_C2_D50,5,300,350,local_linear,0.905087,0.9175032180852855
T45_C2_D50_2,T45_C2_D50,5,300,350,ridge,0.905087,0.9047576070753199
T45_C2_D50_2,T45_C2_D50,5,300,350,random_forest,0.905087,0.905777898832296
T45_C2_D50_2,T45_C2_D50,5,350,400,persistence,0.898534,0.9146060477670218
T45_C2_D50_2,T45_C2_D50,5,350,400,local_linear,0.898534,0.9058186198169367
T45_C2_D50_2,T45_C2_D50,5,350,400,ridge,0.898534,0.8951655931289313
T45_C2_D50_2,T45_C2_D50,5,350,400,random_forest,0.898534,0.8946210813280124
T45_C2_D50_2,T45_C2_D50,5,400,450,persistence,0.892379,0.911431599185945
T45_C2_D50_2,T45_C2_D50,5,400,450,local_linear,0.892379,0.9046267842088798
T45_C2_D50_2,T45_C2_D50,5,400,450,ridge,0.892379,0.8924772133067883
T45_C2_D50_2,T45_C2_D50,5,400,450,random_forest,0.892379,0.8961089252656024
T45_C2_D50_2,T45_C2_D50,5,450,500,persistence,0.886557,0.9020155350720702
T45_C2_D50_2,T45_C2_D50,5,450,500,local_linear,0.886557,0.894755517232861
T45_C2_D50_2,T45_C2_D50,5,450,500,ridge,0.886557,0.8837447514752723
T45_C2_D50_2,T45_C2_D50,5,450,500,random_forest,0.886557,0.8849507985723308
T45_C2_D50_2,T45_C2_D50,5,500,550,persistence,0.88102,0.8994081465318741
T45_C2_D50_2,T45_C2_D50,5,500,550,local_linear,0.88102,0.8926596708711922
T45_C2_D50_2,T45_C2_D50,5,500,550,ridge,0.88102,0.8813096417503058
T45_C2_D50_2,T45_C2_D50,5,500,550,random_forest,0.88102,0.8848571814089551
T45_C2_D50_2,T45_C2_D50,5,550,600,persistence,0.875729,0.8942976847685052
T45_C2_D50_2,T45_C2_D50,5,550,600,local_linear,0.875729,0.8890896543502855
T45_C2_D50_2,T45_C2_D50,5,550,600,ridge,0.875729,0.8762547695173611
T45_C2_D50_2,T45_C2_D50,5,550,600,random_forest,0.875729,0.8785066365250721
T45_C2_D50_2,T45_C2_D50,5,600,650,persistence,0.870655,0.8843526282886824
T45_C2_D50_2,T45_C2_D50,5,600,650,local_linear,0.870655,0.8779250789055933
T45_C2_D50_2,T45_C2_D50,5,600,650,ridge,0.870655,0.8675418566767308
T45_C2_D50_2,T45_C2_D50,5,600,650,random_forest,0.870655,0.8687784572354378
T45_C2_D50_2,T45_C2_D50,5,650,700,persistence,0.865773,0.8795279212800033
T45_C2_D50_2,T45_C2_D50,5,650,700,local_linear,0.865773,0.8762225954032901
T45_C2_D50_2,T45_C2_D50,5,650,700,ridge,0.865773,0.8636137881841583
T45_C2_D50_2,T45_C2_D50,5,650,700,random_forest,0.865773,0.8636814451499362
T45_C2_D50_2,T45_C2_D50,5,700,750,persistence,0.861061,0.8740175017371467
T45_C2_D50_2,T45_C2_D50,5,700,750,local_linear,0.861061,0.868863607334811
T45_C2_D50_2,T45_C2_D50,5,700,750,ridge,0.861061,0.857132347337704
T45_C2_D50_2,T45_C2_D50,5,700,750,random_forest,0.861061,0.8537741450843255
T45_C2_D50_2,T45_C2_D50,5,750,800,persistence,0.856505,0.8671588932392056
T45_C2_D50_2,T45_C2_D50,5,750,800,local_linear,0.856505,0.8605554479723456
T45_C2_D50_2,T45_C2_D50,5,750,800,ridge,0.856505,0.8516202249854108
T45_C2_D50_2,T45_C2_D50,5,750,800,random_forest,0.856505,0.8502629456358747
T45_C2_D50_2,T45_C2_D50,5,800,850,persistence,0.852089,0.8675311654369242
T45_C2_D50_2,T45_C2_D50,5,800,850,local_linear,0.852089,0.8661441144973492
T45_C2_D50_2,T45_C2_D50,5,800,850,ridge,0.852089,0.8517996363082099
T45_C2_D50_2,T45_C2_D50,5,800,850,random_forest,0.852089,0.8514245613494318
T45_C2_D50_2,T45_C2_D50,5,850,900,persistence,0.8478,0.862541333708407
T45_C2_D50_2,T45_C2_D50,5,850,900,local_linear,0.8478,0.8591379302550701
T45_C2_D50_2,T45_C2_D50,5,850,900,ridge,0.8478,0.8470294452151459
T45_C2_D50_2,T45_C2_D50,5,850,900,random_forest,0.8478,0.8455734913144841
T45_C2_D50_2,T45_C2_D50,5,900,950,persistence,0.84363,0.8582881362091072
T45_C2_D50_2,T45_C2_D50,5,900,950,local_linear,0.84363,0.8542058756099851
T45_C2_D50_2,T45_C2_D50,5,900,950,ridge,0.84363,0.8425877301946444
T45_C2_D50_2,T45_C2_D50,5,900,950,random_forest,0.84363,0.8427731081374006
T45_C2_D50_2,T45_C2_D50,5,950,1000,persistence,0.839567,0.8501431369296738
T45_C2_D50_2,T45_C2_D50,5,950,1000,local_linear,0.839567,0.8466279458645811
T45_C2_D50_2,T45_C2_D50,5,950,1000,ridge,0.839567,0.8349775456907342
T45_C2_D50_2,T45_C2_D50,5,950,1000,random_forest,0.839567,0.8316698678061869
T45_C2_D80_3,T45_C2_D80,5,100,150,persistence,0.915684,0.9477060436733158
T45_C2_D80_3,T45_C2_D80,5,100,150,local_linear,0.915684,0.9214674227661933
T45_C2_D80_3,T45_C2_D80,5,100,150,ridge,0.915684,0.915130661639903
T45_C2_D80_3,T45_C2_D80,5,100,150,random_forest,0.915684,0.9182395910017063
T45_C2_D80_3,T45_C2_D80,5,150,200,persistence,0.90264,0.935186363105454
T45_C2_D80_3,T45_C2_D80,5,150,200,local_linear,0.90264,0.9154913902313792
T45_C2_D80_3,T45_C2_D80,5,150,200,ridge,0.90264,0.9049260520333767
T45_C2_D80_3,T45_C2_D80,5,150,200,random_forest,0.90264,0.905495250036231
T45_C2_D80_3,T45_C2_D80,5,200,250,persistence,0.891148,0.9229042504570949
T45_C2_D80_3,T45_C2_D80,5,200,250,local_linear,0.891148,0.9107423639102955
T45_C2_D80_3,T45_C2_D80,5,200,250,ridge,0.891148,0.8973516924412989
T45_C2_D80_3,T45_C2_D80,5,200,250,random_forest,0.891148,0.9012667463280124
T45_C2_D80_3,T45_C2_D80,5,250,300,persistence,0.880759,0.9040292560677151
T45_C2_D80_3,T45_C2_D80,5,250,300,local_linear,0.880759,0.8907623359307906
T45_C2_D80_3,T45_C2_D80,5,250,300,ridge,0.880759,0.8793027806698697
T45_C2_D80_3,T45_C2_D80,5,250,300,random_forest,0.880759,0.8782767280257936
T45_C2_D80_3,T45_C2_D80,5,300,350,persistence,0.871205,0.8972379877550847
T45_C2_D80_3,T45_C2_D80,5,300,350,local_linear,0.871205,0.885967977415026
T45_C2_D80_3,T45_C2_D80,5,300,350,ridge,0.871205,0.8720901951917286
T45_C2_D80_3,T45_C2_D80,5,300,350,random_forest,0.871205,0.8698161023063745
T45_C2_D80_3,T45_C2_D80,5,350,400,persistence,0.862312,0.8886141234872093
T45_C2_D80_3,T45_C2_D80,5,350,400,local_linear,0.862312,0.8793874615024537
T45_C2_D80_3,T45_C2_D80,5,350,400,ridge,0.862312,0.8642100169832424
T45_C2_D80_3,T45_C2_D80,5,350,400,random_forest,0.862312,0.8672761002701295
T45_C2_D80_3,T45_C2_D80,5,400,450,persistence,0.85396,0.8793380633651668
T45_C2_D80_3,T45_C2_D80,5,400,450,local_linear,0.85396,0.8698257273957799
T45_C2_D80_3,T45_C2_D80,5,400,450,ridge,0.85396,0.855208202428006
T45_C2_D80_3,T45_C2_D80,5,400,450,random_forest,0.85396,0.8565944613256538
T45_C2_D80_3,T45_C2_D80,5,450,500,persistence,0.846061,0.867730465060281
T45_C2_D80_3,T45_C2_D80,5,450,500,local_linear,0.846061,0.8582268698853858
T45_C2_D80_3,T45_C2_D80,5,450,500,ridge,0.846061,0.8443014393093885
T45_C2_D80_3,T45_C2_D80,5,450,500,random_forest,0.846061,0.8435005852316093
T45_C2_D80_3,T45_C2_D80,5,500,550,persistence,0.838547,0.8594909747748992
T45_C2_D80_3,T45_C2_D80,5,500,550,local_linear,0.838547,0.850987088997381
T45_C2_D80_3,T45_C2_D80,5,500,550,ridge,0.838547,0.836276770912268
T45_C2_D80_3,T45_C2_D80,5,500,550,random_forest,0.838547,0.8387530415582163
T45_C2_D80_3,T45_C2_D80,5,550,600,persistence,0.831368,0.850585897541767
T45_C2_D80_3,T45_C2_D80,5,550,600,local_linear,0.831368,0.8436981486550031
T45_C2_D80_3,T45_C2_D80,5,550,600,ridge,0.831368,0.827666903181219
T45_C2_D80_3,T45_C2_D80,5,550,600,random_forest,0.831368,0.8309932057352718
T45_C2_D80_3,T45_C2_D80,5,600,650,persistence,0.824482,0.8481948433874407
T45_C2_D80_3,T45_C2_D80,5,600,650,local_linear,0.824482,0.8410583431557397
T45_C2_D80_3,T45_C2_D80,5,600,650,ridge,0.824482,0.825865272991814
T45_C2_D80_3,T45_C2_D80,5,600,650,random_forest,0.824482,0.8277036882753185
T45_C2_D80_3,T45_C2_D80,5,650,700,persistence,0.817856,0.8368426677935024
T45_C2_D80_3,T45_C2_D80,5,650,700,local_linear,0.817856,0.8294821020418796
T45_C2_D80_3,T45_C2_D80,5,650,700,ridge,0.817856,0.8133819450726546
T45_C2_D80_3,T45_C2_D80,5,650,700,random_forest,0.817856,0.8161805272145559
T45_C2_D80_3,T45_C2_D80,5,700,750,persistence,0.811463,0.8272268706675782
T45_C2_D80_3,T45_C2_D80,5,700,750,local_linear,0.811463,0.8199474496664538
T45_C2_D80_3,T45_C2_D80,5,700,750,ridge,0.811463,0.8057749181218613
T45_C2_D80_3,T45_C2_D80,5,700,750,random_forest,0.811463,0.8044354998142138
T45_C2_D80_3,T45_C2_D80,5,750,800,persistence,0.80528,0.8273171365576606
T45_C2_D80_3,T45_C2_D80,5,750,800,local_linear,0.80528,0.8206228540114906
T45_C2_D80_3,T45_C2_D80,5,750,800,ridge,0.80528,0.8046285185956236
T45_C2_D80_3,T45_C2_D80,5,750,800,random_forest,0.80528,0.8035200586886726
T45_C2_D80_3,T45_C2_D80,5,800,850,persistence,0.799287,0.8210158830769062
T45_C2_D80_3,T45_C2_D80,5,800,850,local_linear,0.799287,0.8146883052813824
T45_C2_D80_3,T45_C2_D80,5,800,850,ridge,0.799287,0.7984074477926281
T45_C2_D80_3,T45_C2_D80,5,800,850,random_forest,0.799287,0.7983012950252529
T45_C2_D80_3,T45_C2_D80,5,850,900,persistence,0.79058,0.8119610239822086
T45_C2_D80_3,T45_C2_D80,5,850,900,local_linear,0.79058,0.8036584464099236
T45_C2_D80_3,T45_C2_D80,5,850,900,ridge,0.79058,0.788860645106586
T45_C2_D80_3,T45_C2_D80,5,850,900,random_forest,0.79058,0.7856128618995758
T45_C2_D80_3,T45_C2_D80,5,900,950,persistence,0.779261,0.8068490979982545
T45_C2_D80_3,T45_C2_D80,5,900,950,local_linear,0.779261,0.8011874217238479
T45_C2_D80_3,T45_C2_D80,5,900,950,ridge,0.779261,0.7837493574783057
T45_C2_D80_3,T45_C2_D80,5,900,950,random_forest,0.779261,0.7850923150033815
T45_C2_D80_3,T45_C2_D80,5,950,1000,persistence,0.768236,0.7934689156760356
T45_C2_D80_3,T45_C2_D80,5,950,1000,local_linear,0.768236,0.7829328740457421
T45_C2_D80_3,T45_C2_D80,5,950,1000,ridge,0.768236,0.7675556445756733
T45_C2_D80_3,T45_C2_D80,5,950,1000,random_forest,0.768236,0.764867666152034
